[{"$i":"firefox-accounts-title","$v":"حسابات فيرفكس"},{"$i":"fxa-next","$v":"التالي"},{"$i":"fxa-back","$v":"الرجوع"},{"$i":"fxa-done","$v":"تمّ"},{"$i":"fxa-ok","$v":"موافق"},{"$i":"fxa-connection-error-title","$v":"تعذّر الاتصال"},{"$i":"fxa-connection-error-message","$v":"يمكنك إنشاء حساب أو تسجل الدخول من الإعدادات."},{"$i":"fxa-reset-password-error-title","$v":"إعادة تعيين كلمة المرور"},{"$i":"fxa-reset-password-error-message","$v":"يمكنك إعادة تعيين كلمة المرور من الإعدادات."},{"$i":"fxa-coppa-failure-error-title","$v":"لا يمكن إنشاء حساب"},{"$i":"fxa-coppa-failure-error-message","$v":["يجب عليك أن تستوفي متطلبات عمرية معينة لإنشاء حساب فيرفكس. ",{"t":"idOrVar","v":"learnmore"}]},{"$i":"fxa-learn-more","$v":"إعرف المزيد"},{"$i":"fxa-offline-error-title","$v":"تعذّر الاتصال"},{"$i":"fxa-offline-error-message","$v":"يرجى الإتصال بالشبكة من الإعدادات."},{"$i":"fxa-invalid-email-title","$v":"خطأ"},{"$i":"fxa-invalid-email-message","$v":"الرجاء إدخال بريد إلكتروني صالح."},{"$i":"fxa-invalid-password-title","$v":"كلمة المرور غير صحيحة"},{"$i":"fxa-invalid-password-message","$v":"يرجى التحقق من كلمة المرور الخاصة بك والمحاولة مرة أخرى."},{"$i":"fxa-unknown-error-title","$v":"تعذّر الاتصال"},{"$i":"fxa-unknown-error-message","$v":"النظام غير متوفر، حاول مرة أخرى في وقت قريب."},{"$i":"fxa-connecting","$v":"جارِ الاتصال"},{"$i":"fxa-enter-email-input","placeholder":"أدخل بريدك الإلكتروني"},{"$i":"fxa-use-email-to-sign-in","$v":"إستخدم عنوان بريدك الإلكتروني لإنشاء حساب أو تسجيل الدخول."},{"$i":"fxa-notice","$v":["قبل المتابعة، أنا أوافق على ",{"t":"idOrVar","v":"tos"}," و ",{"t":"idOrVar","v":"pn"}," لخدمات فيرفوكس السحابية."]},{"$i":"fxa-tos","$v":"بنود الخدمة"},{"$i":"fxa-pn","$v":"الخصوصية"},{"$i":"fxa-create-password-title","$v":"إنشاء كلمة المرور"},{"$i":"fxa-enter-password-title","$v":"أدخل كلمة المرور الخاصة بك"},{"$i":"fxa-hello-user","$v":["مرحبا, ",{"t":"idOrVar","v":"email"}]},{"$i":"fxa-password-refresh","$v":"يرجى إدخال كلمة المرور لحساب فيرفكس الخاص بك للمتابعة."},{"$i":"fxa-password","placeholder":"كلمة المرور"},{"$i":"fxa-forgot-your-password","$v":"نسيت كلمة المرور؟"},{"$i":"fxa-show-password","$v":"إظهار كلمة المرور"},{"$i":"fxa-password-length-requirement","$v":"يجب أن يكون طول كلمة المرور 8 أحرف على الأقل."},{"$i":"fxa-success","$v":"نجاح!"},{"$i":"fxa-ready-to-go","$v":"حساب فَيَرفُكس الخاص بك جاهز!"},{"$i":"fxa-use-features","$v":"الآن يمكنك استخدام ميزات مثل \" ابحث عن جهازي \" وتطبيقات مثل \" متجر التطبيقات \"."},{"$i":"fxa-access-manage-account-settings","$v":"في المستقبل، يمكنك الوصول إلى حسابك وإدارته من الإعدادات."},{"$i":"fxa-confirm-account","$v":"تأكيد حسابك الخاص"},{"$i":"fxa-will-send-email","$v":["سنقوم بإرسال رسالة بريد إلكتروني إلى : ",{"t":"idOrVar","v":"email"}]},{"$i":"fxa-signup-click-verification-link-in-email","$v":"في المرة القادمة التي تفحص فيها بريدك الإلكتروني، أنقر على رابط التحقق لتأكيد حساب فيرفكس الخاص بك."},{"$i":"fxa-age-verification","$v":"التحقق من العمر"},{"$i":"fxa-age-earlier","$v":[{"t":"idOrVar","v":"year"}," أو في وقت سابق"]},{"$i":"fxa-year-of-birth","$v":"تاريخ الميلاد"},{"$i":"brandShortName","$v":"B2G OS"},{"$i":"browserBrandShortName","$v":"Web Browser"},{"$i":"browserBrandFullName","$v":"Mozilla Web Browser"},{"$i":"ringtoneBrandName","$v":"Default"},{"$i":"ringtoneSectionBrandName","$v":"System"},{"$i":"ok","$v":"موافق"},{"$i":"back","$v":"تراجع"},{"$i":"help","$v":"مساعدة"},{"$i":"cancel","$v":"ألغِ"},{"$i":"close","$v":"أغلق"},{"$i":"skip","$v":"تخطَّ"},{"$i":"clear","ariaLabel":"امسح"},{"$i":"enable","$v":"تشغيل"},{"$i":"turnOn","$v":"شغّل"},{"$i":"undo","ariaLabel":"تراجع"},{"$i":"enterPIN","$v":"أدخل رمز PIN"},{"$i":"mediaPlaybackTrack","ariaLabel":"عنوان المقطع والمؤلف"},{"$i":"mediaPlaybackControls","ariaLabel":"أدوات التّحكم بتشغيل الوسائط"},{"$i":"mediaPlaybackPrevious","ariaLabel":"السابق"},{"$i":"mediaPlaybackPlay","ariaLabel":"تشغيل"},{"$i":"mediaPlaybackPause","ariaLabel":"إيقاف مؤقت"},{"$i":"mediaPlaybackNext","ariaLabel":"التالي"},{"$i":"UnknownTrack","$v":"مسار غير معروف"},{"$i":"wifiButton-on","$v":"واي-فاي مُفعّل"},{"$i":"wifiButton-on-initializing","$v":"الشبكة اللاسلكية تعمل، جار التهيئة"},{"$i":"wifiButton-off","$v":"واي-فاي مُطفأ"},{"$i":"dataButton-on","$v":["بيانات ",{"t":"idOrVar","v":"type"}," مُفعّلة"]},{"$i":"dataButton-off","$v":["بيانات ",{"t":"idOrVar","v":"type"}," مُطفأة"]},{"$i":"bluetoothButton-on","$v":"بلوتوث مُفعّل"},{"$i":"bluetoothButton-on-initializing","$v":"بلوتوث فعّال ، تتم تهيئته"},{"$i":"bluetoothButton-off","$v":"بلوتوث مُطفأ"},{"$i":"airplaneMode-on","$v":"وضع الطائرة مُفعّل"},{"$i":"airplaneMode-off","$v":"وضع الطائرة مُطفأ"},{"$i":"settingsButton","ariaLabel":"الإعدادات"},{"$i":"utilityTray","ariaLabel":"لوحة أدوات"},{"$i":"simLabel","$v":["SIM ",{"t":"idOrVar","v":"id"}]},{"$i":"statusbarLabel","$v":["‏",{"t":"idOrVar","v":"operator"}," ,",{"t":"idOrVar","v":"date"}]},{"$i":"statusbarDateFormat","$v":"%b %e"},{"$i":"statusbar","ariaLabel":"شريط الحالة"},{"$i":"statusbarBattery","ariaLabel":["مستوى البطارية ",{"t":"idOrVar","v":"level"}," بالمئة"]},{"$i":"statusbarBatteryCharging","ariaLabel":["مستوى البطارية ",{"t":"idOrVar","v":"level"}," بالمئة، تُشحن"]},{"$i":"statusbarFlightMode","ariaLabel":"وضع الطائرة مُفعّل"},{"$i":"statusbarWiFiConnecting","$v":"واي-فاي: يتّصل"},{"$i":"statusbarWiFiConnected","$v":["واي-فاي: ",{"t":"idOrVar","v":"level"}," من 4 درجات"]},{"$i":"statusbarSignal","$v":["شبكة ",{"t":"idOrVar","v":"operator"},"، ‏",{"t":"idOrVar","v":"level"}," من 5 درجات"]},{"$i":"statusbarSignalRoaming","$v":["شبكة ",{"t":"idOrVar","v":"operator"}," (تجوال)، ‏",{"t":"idOrVar","v":"level"}," من 5 درجات"]},{"$i":"statusbarSignalNoneSearching","$v":"يبحث… مكالمات الطوارئ فقط"},{"$i":"statusbarHeadphones","ariaLabel":"السماعات مفعّلة"},{"$i":"statusbarBluetoothHeadphones","ariaLabel":"سماعات بلوتوث فعالة"},{"$i":"statusbarBluetoothTransferring","ariaLabel":"النقل عبر بلوتوث فعّال"},{"$i":"statusbarIconOn-tethering","$v":"بث الشّبكة من الجهاز مُفعّل"},{"$i":"statusbarIconOnActive-tethering","$v":"بث الشّبكة من الجهاز مُفعّل ويُستخدم"},{"$i":"statusbarAlarm","ariaLabel":"المنبه مفعّل"},{"$i":"statusbarIconOn-bluetooth","$v":"بلوتوث مفعل"},{"$i":"statusbarIconOnActive-bluetooth","$v":"بلوتوث فعّال"},{"$i":"statusbarIconOn-mute","$v":"الصوت مكتوم"},{"$i":"statusbarIconOn-vibration","$v":"الاهتزاز مُفعل"},{"$i":"statusbarRecording","ariaLabel":"التسجيل مفعل"},{"$i":"statusbarGeolocation","ariaLabel":"التموضع الجغرافي فعّال"},{"$i":"statusbarUsb","ariaLabel":"‏USB مُفعل"},{"$i":"statusbarForwarding","$v":"تحويل المكالمات مُفعّل"},{"$i":"statusbarPlaying","ariaLabel":"الوسائط مُشغّلة"},{"$i":"statusbarNfc","ariaLabel":"NFC مُفعّل"},{"$i":"statusbarDownloads","ariaLabel":"يُنزّل…"},{"$i":"statusbarNetworkActivity","ariaLabel":"الشبكة مُفعّلة"},{"$i":"statusbarEmergencyCBNotification","ariaLabel":"وضع الإتصال بالطوارئ"},{"$i":"statusbarNotifications","$v":{"one":[{"t":"idOrVar","v":"n"}," إشعار"],"two":[{"t":"idOrVar","v":"n"}," إشعارات"],"few":["‏",{"t":"idOrVar","v":"n"}," إشعارات"],"many":["‏",{"t":"idOrVar","v":"n"}," إشعارًا"],"other":["‏",{"t":"idOrVar","v":"n"}," إشعار"]},"$x":[{"t":"idOrVar","v":"plural"},"n"]},{"$i":"statusbarNotifications-unread","ariaLabel":{"$x":[{"t":"idOrVar","v":"plural"},"n"],"$v":{"one":[{"t":"idOrVar","v":"n"}," تنبيه غير مقروء"],"two":[{"t":"idOrVar","v":"n"}," إشعارات غير مقروءه"],"few":["‏",{"t":"idOrVar","v":"n"}," إشعارات غير مقروءة"],"many":["‏",{"t":"idOrVar","v":"n"}," إشعارًا غير مقروء"],"other":["‏",{"t":"idOrVar","v":"n"}," إشعار غير مقروء"]}}},{"$i":"notifications","$v":"التنبيهات"},{"$i":"clear-all","$v":"إزالة الكل"},{"$i":"attentionScreen-tapToShow","$v":"أنقر للإظهار"},{"$i":"newVoicemails","$v":{"zero":"لا يوجد بريد صوتي جديد","one":"رسالة صوتية جديدة","two":[{"t":"idOrVar","v":"n"}," رسائل صوتية جديدة"],"few":[{"t":"idOrVar","v":"n"}," رسائل صوتية جديدة"],"many":[{"t":"idOrVar","v":"n"}," رسائل صوتية جديدة"],"other":[{"t":"idOrVar","v":"n"}," رسائل صوتية جديدة"]},"$x":[{"t":"idOrVar","v":"plural"},"n"]},{"$i":"newVoicemailsUnknown","$v":"رسالة صوتية جديدة"},{"$i":"dialNumber","$v":["اتصال ب ",{"t":"idOrVar","v":"number"}]},{"$i":"voicemailNotificationMultiSim","$v":["(SIM ",{"t":"idOrVar","v":"n"},") ",{"t":"idOrVar","v":"title"}]},{"$i":"euRoamingNotificationTitle","$v":"تمّ الكشف عن إنترنت EU"},{"$i":"euRoamingNotificationMsg","$v":"انقر للتغيير."},{"$i":"confirmNFCConnectBTenabledNameUnknown","$v":"هل أنت متأكد من أنك تريد الإتصال بهذا الجهاز؟"},{"$i":"confirmNFCConnectBTdisabledNameUnknown","$v":"تشغيل البلوتوث و الاتصال مع الجهاز؟"},{"$i":"confirmNFCConnectBTenabledNameKnown","$v":["هل أنت متأكد من أنك ترغب بالاتصال ب ",{"t":"idOrVar","v":"deviceName"},"؟"]},{"$i":"confirmNFCConnectBTdisabledNameKnown","$v":["تشغيل البلوتوث و الاتصال ب ",{"t":"idOrVar","v":"deviceName"},"؟"]},{"$i":"confirmNFCConnectBTdisabled","$v":"تشغيل"},{"$i":"dismissNFCConnectBTdisabled","$v":"إلغاء"},{"$i":"confirmation","$v":"التأكيد"},{"$i":"deviceMenu","$v":"الهاتف"},{"$i":"airplane","$v":"تفعيل وضع الطيران"},{"$i":"airplaneOff","$v":"تعطيل وضع الطيران"},{"$i":"silent","$v":"إسكات المكالمات الواردة"},{"$i":"normal","$v":"رنين المكالمات الواردة"},{"$i":"restart","$v":"إعادة التشغيل"},{"$i":"power","$v":"إيقاف التشغيل"},{"$i":"no-recent-app-windows","$v":"نوافذ التطبيقات الأخيرة تظهر هنا"},{"$i":"no-recent-browser-windows","$v":"نوافذ المتصفّح الأخيرة تظهر هنا"},{"$i":"closeCard","ariaLabel":"أغلق"},{"$i":"openCard","ariaLabel":"افتح"},{"$i":"yes","$v":"نعم"},{"$i":"no","$v":"لا"},{"$i":"dontallow","$v":"لا تسمح"},{"$i":"allow","$v":"سماح"},{"$i":"dontshare-geolocation","$v":"لا تُشارك"},{"$i":"share-geolocation","$v":"مُشاركة"},{"$i":"dontshare-audio-capture","$v":"لا تُشارك"},{"$i":"share-audio-capture","$v":"مُشاركة"},{"$i":"dontshare-video-capture","$v":"لا تُشارك"},{"$i":"share-video-capture","$v":"مُشاركة"},{"$i":"dontshare-media-capture","$v":"لا تُشارك"},{"$i":"share-media-capture","$v":"مُشاركة"},{"$i":"device-front","$v":"الكاميرا الأمامية"},{"$i":"device-back","$v":"الكاميرا الخلفية"},{"$i":"remember-my-choice","$v":"تذكر إختياري"},{"$i":"more-info","$v":"المزيد من المعلومات..."},{"$i":"hide-info","$v":"أخفِ المعلومات"},{"$i":"install-app","$v":["تثبيت ",{"t":"idOrVar","v":"name"},"؟"]},{"$i":"size","$v":"الحجم"},{"$i":"author","$v":"المُبرمج"},{"$i":"size-unknown","$v":"غير معرف"},{"$i":"author-unknown","$v":"غير معرف"},{"$i":"install","$v":"ثبِّت"},{"$i":"bytes","$v":"بايت"},{"$i":"kB","$v":"كيلوبايت"},{"$i":"MB","$v":"ميجا بايت"},{"$i":"GB","$v":"جيجا بايت"},{"$i":"TB","$v":"تيرا بايت"},{"$i":"PB","$v":"بيتا بايت"},{"$i":"app-install-generic-error","$v":["توقف تنزيل ",{"t":"idOrVar","v":"appName"}]},{"$i":"app-install-download-failed","$v":["فشل في تنزيل ",{"t":"idOrVar","v":"appName"}]},{"$i":"app-install-install-failed","$v":["فشل في تثبيت ",{"t":"idOrVar","v":"appName"}]},{"$i":"cancelling-will-not-refund","$v":"الالغاء لن يعيد النقود للمشترى. إعادة النقود للمحتوى المُشترى فقط من خلال البائع الاصلي."},{"$i":"apps-can-be-installed-later","$v":"يمكن تثبيت التطبيقات لاحقا من مصدر التثبيت الاصلي."},{"$i":"are-you-sure-you-want-to-cancel","$v":"هل أنت متأكد من إلغاء التثبيت؟"},{"$i":"cancel-install","$v":"إلغاء التثبيت"},{"$i":"cancel-install-button","$v":"إلغاء التثبيت"},{"$i":"resume","$v":"إستئناف"},{"$i":"continue","$v":"إستمرار"},{"$i":"stopDownloading","$v":["إيقاف تنزيل ",{"t":"idOrVar","v":"app"},"؟"]},{"$i":"app-download-can-be-restarted","$v":"يمكنك إعادة بدء التنزيل لاحقا."},{"$i":"app-download-stop-button","$v":"إيقاف التنزيل"},{"$i":"not-enough-space","$v":"لا توجد مساحة كافية"},{"$i":"not-enough-space-message","$v":"لا توجد مساحة كافية. اخذف التطبيقات القديمة أو الوسائط لتوفير مساحة وحاول التنزيل مرة اخرى من المصدر الرئيسي."},{"$i":"app-install-success","$v":[{"t":"idOrVar","v":"appName"}," تم تثبيته"]},{"$i":"langpack-install-success2","$v":[{"t":"idOrVar","v":"appName"}," مثبّت. اذهب إلى الإعدادات > لغات لتفعيله."]},{"$i":"setup","$v":"الإعداد"},{"$i":"ime-addkeyboards","$v":"إضافة لوحة مفاتيح"},{"$i":"later","$v":"لاحقاً"},{"$i":"download","$v":"تنزيل"},{"$i":"wantToDownload","$v":"تنزيل التحديث الآن؟"},{"$i":"wantToInstallNow","$v":"هل تريد تثبيت التحديث الآن؟ لن تستطيع استخدام الهاتف لبضع دقائق."},{"$i":"installNow","$v":"التثبيت الآن"},{"$i":"notNow","$v":"ليس الآن"},{"$i":"downloadingUpdateMessage","innerHTML":["جارِ تنزيل التحديثات...<span> ",{"t":"idOrVar","v":"progress"}," تم تحميله.</span>"]},{"$i":"downloadingAppMessage","$v":["جاري تنزيل ",{"t":"idOrVar","v":"appName"}]},{"$i":"downloadingAppProgressNoMax","$v":["تم تنزيل ",{"t":"idOrVar","v":"progress"}]},{"$i":"downloadingAppProgressIndeterminate","$v":"جاري التنزيل"},{"$i":"downloadingAppProgress","$v":["تم تنزيل ",{"t":"idOrVar","v":"progress"}," / ",{"t":"idOrVar","v":"max"}]},{"$i":"cancelAllDownloads","$v":"إلغاء جميع التنزيلات"},{"$i":"wantToCancelAll","$v":"هل أنت متأكد من إلغاء جميع التنزيلات؟"},{"$i":"downloadError","$v":"حدث خطأ عند تنزيل التحديثات."},{"$i":"updateAvailableInfo","innerHTML":{"$x":[{"t":"idOrVar","v":"plural"},"n"],"$v":{"one":[{"t":"idOrVar","v":"n"}," تحديثات متاحة. <span> اضغط للمزيد من المعلومات.</span>"],"two":[{"t":"idOrVar","v":"n"}," تحديثات متاحة. <span> اضغط لمزيد من المعلومات.</span>"],"few":[{"t":"idOrVar","v":"n"}," تحديثات متاحة. <span> اضغط لمزيد من المعلومات.</span>"],"many":[{"t":"idOrVar","v":"n"}," تحديثات متاحة. <span> اضغط لمزيد من المعلومات.</span>"],"other":[{"t":"idOrVar","v":"n"}," تحديثات متاحة. <span> اضغط لمزيد من المعلومات.</span>"]}}},{"$i":"numberOfUpdates","$v":{"one":["متوفر ",{"t":"idOrVar","v":"n"}," تحديث"],"two":["متوفر ",{"t":"idOrVar","v":"n"}," تحديثات"],"few":["متوفر ",{"t":"idOrVar","v":"n"}," تحديثات"],"many":["متوفر ",{"t":"idOrVar","v":"n"}," تحديثات"],"other":["متوفر ",{"t":"idOrVar","v":"n"}," تحديثات"]},"$x":[{"t":"idOrVar","v":"plural"},"n"]},{"$i":"systemUpdate","$v":"تحديث النظام"},{"$i":"systemUpdateReady","$v":"تحديث النظام جاهز"},{"$i":"systemUpdateLowBatteryThreshold","$v":["تحتاج على الأقل وجود ",{"t":"idOrVar","v":"threshold"},"% شحن بالبطارية لتنزيل التحديث."]},{"$i":"required","$v":"مطلوب"},{"$i":"uncompressingMessage","innerHTML":"يفكّ الضّغط… <span>قد يحتاج هذا بضع دقائق.</span>"},{"$i":"downloadWifiPrioritizedUsing2G","$v":"يتم تنزيل التحديثات عبر وصلة البيانات عند عدم توفرالواي فاي. قد يتم إضافة رسوم إضافية. عند استخدام وصلة البيانات، ربما سيتم حجب المكالمات ويتم اضافة رسوم أخرى."},{"$i":"downloadWifiPrioritized3","$v":"تُنزّل التحديثات عبر اتصال البيانات عندما تكون شبكة واي-فاي غير متاحة. قد يعني ذلك تكاليف إضافية عند استخدام اتصال البيانات."},{"$i":"downloadNoWifiWarning","$v":"اللاسلكي غير متاح. التحديث باستخدام هذه الشبكة ربما سيترتب عليه رسوم اضافية."},{"$i":"downloadOfflineWarning2","$v":"اتّصل بشبكة لتنزيل التحديثات."},{"$i":"downloadUpdatesViaDataConnection","$v":"تنزيل التحديثات عن طريق وصلة البيانات؟"},{"$i":"downloadUpdatesVia2GForbidden3","$v":"لا يمكن تنزيل التحديثات عبر اتصال بطيء مثل شبكة (2G). اتصل بشبكة واي-فاي أو شبكة 3G (إن توفّرت) ثم حاول ثانيةً."},{"$i":"downloadUpdatesViaDataConnectionMessage3","$v":"قد يُكلّفك تنزيل التحديث رسومًا إضافية عند استخدام اتصال بيانات. هل تريد المتابعة؟"},{"$i":"downloadUpdatesViaDataRoamingConnection","$v":"أأنزّل التحديثات عبر بيانات التجوال؟"},{"$i":"downloadUpdatesViaDataRoamingConnectionMessage","$v":"هاتفك في وضع التجوال وقد يُكلّفك تنزيل التحديث رسومًا إضافية. هل تريد المتابعة؟"},{"$i":"screenshotSaved","$v":"تم حفظ لقطة الشاشة في الأستوديو"},{"$i":"screenshotFailed","$v":"لم يتم حفظ لقطة الشاشة"},{"$i":"screenshotNoSDCard","$v":"لم يتم العثور على بطاقة ذاكرة"},{"$i":"screenshotSDCardInUse","$v":"بطاقة الذاكرة قيد الاستعمال"},{"$i":"screenshotSDCardLow","$v":"لا توجد مساحة كافية على بطاقة الذاكرة"},{"$i":"logsSaved","$v":"حُفظت السجلّات إلى سعة التخزين"},{"$i":"logsSaveError","$v":"وقع خطأ أثناء حفظ السجلّات"},{"$i":"logsSaving","$v":"يحفظ السجلّات…"},{"$i":"logsOperationFailed","$v":["فشلت العملية ",{"t":"idOrVar","v":"operation"},"."]},{"$i":"logsGenericError","$v":"وقع خطأ غير متوقّع."},{"$i":"logsSDCardMaybeShared","$v":"تأكّد من أن بطاقة SD التي في الجهاز ليست مُشاركة مع حاسوبك."},{"$i":"emergency-call-button","$v":"مكالمة الطوارئ"},{"$i":"emergency-call","$v":"مكالمة الطوارئ"},{"$i":"unlock-a11y-button","ariaLabel":"فتح القفل"},{"$i":"camera-a11y-button","ariaLabel":"الكاميرا"},{"$i":"longDateFormat","$v":"%A, %e %b"},{"$i":"panel-passcode","ariaLabel":"لوحة رمز المرور"},{"$i":"open-notification","$v":"افتح"},{"$i":"softwareHomeButton","ariaLabel":"الرئيسية"},{"$i":"login","$v":"تسجيل الدخول"},{"$i":"sign-in-to-website","$v":"سجّل الدخول إلى الموقع"},{"$i":"username","$v":"اسم المستخدم"},{"$i":"password","$v":"كلمة السِّر"},{"$i":"http-authentication-message2","$v":["يطلب الموقع ",{"t":"idOrVar","v":"host"}," أن تسجّل دخولك."]},{"$i":"error-message","$v":["لم يتم تحميل التطبيق ",{"t":"idOrVar","v":"name"}," صورة صحيحة"]},{"$i":"error-title","$v":["يواجه التطبيق ",{"t":"idOrVar","v":"name"}," مشاكل"]},{"$i":"unable-to-connect","$v":"تعذّر الاتصال"},{"$i":"tap-to-check-settings","$v":"اضغط للتحقق من إعدادات"},{"$i":"delete-title","$v":["حذف ",{"t":"idOrVar","v":"name"}]},{"$i":"delete-body","$v":["سيُحذف ",{"t":"idOrVar","v":"name"}," وكلّ بياناته."]},{"$i":"delete","$v":"احذف"},{"$i":"unrecoverable-error-title","$v":"إزالة التطبيق"},{"$i":"unrecoverable-error-body","$v":"تعذّر تثبيت التّطبيق بسبب خطأ لا يمكن تصحيحه. جرّب تنزيله ثانيةً. سيُزال التطبيق الآن."},{"$i":"unrecoverable-error-action","$v":"موافق"},{"$i":"data-roaming-enabled-title","$v":"أأفعِّلُ بيانات التجوال؟"},{"$i":"data-roaming-enabled-warning2","$v":"من أجل الوصول إلى الإنترنت, تحتاج إلى تشغيل بيانات التجوال. اعتمادا على اتفاقية الخدمة الخاصة بك. قد يتم استخدام رسوم إضافية. هل تريد تشغيل الخدمة؟"},{"$i":"select-time","$v":"حدد وقت"},{"$i":"choose-option","$v":"حدد"},{"$i":"choose-options","$v":"حدد"},{"$i":"select-day","$v":"حدد يوم"},{"$i":"battery-almost-empty3","$v":"البطارية منخفضة."},{"$i":"plug-in-your-charger","$v":"رجاء أوصل الجهاز بالشاحن."},{"$i":"new-window","$v":"نافذة جديدة"},{"$i":"new-private-window","$v":"نافذة خفية جديدة"},{"$i":"show-windows","$v":"أظهر النوافذ"},{"$i":"add-to-home-screen","$v":"أضِف إلى الشاشة الرئيسية"},{"$i":"share","$v":"مُشاركة"},{"$i":"crash-dialog2-os","$v":[{"t":"idOrVar","v":"brandShortName"}," تم استرجاعه من الانهيار"]},{"$i":"crash-dialog-app","$v":[{"t":"idOrVar","v":"name"}," توقف عن العمل"]},{"$i":"crash-dialog-app-noname","$v":"شيءٌ ما"},{"$i":"crash-dialog-message","$v":"هل ترغب في ارسال تقرير عن الانهيار لموزيلا للمساعدة في حل المشكلة؟ (ترسل التقارير عبر الواي فاي فقط.)"},{"$i":"crash-info-link","$v":"ماذا يحتوي تقرير الحادث؟"},{"$i":"crash-always-report","$v":"دائما قم بإرسال تقرير لموزيلا عند حدوث انهيار."},{"$i":"crash-dont-send","$v":"لا ترسل"},{"$i":"crash-end","$v":"أرسل التقرير"},{"$i":"crashReports","$v":"تقارير الانهيارات"},{"$i":"done","$v":"تم"},{"$i":"crash-reports-description-1","$v":"تقرير الانهيار يحتوي على تفاصيل الانهيار و جوّالك ولمحة عن حالة جوّالك لحظه حدوث الانهيار."},{"$i":"crash-reports-description-2","$v":"ربما يحتوي على الصفحات المفتوحة والتطبيقات، بعض النصوص المطبوعة ومحتوى الرسائل المفتوحة، اخر تأريخ التصفح أو موقعك الجغرافي المستخدم في التطبيق المفتوح."},{"$i":"crash-reports-description-3-start","$v":"نستخدم تقارير الأعطال في محاولة لإصلاح المشاكل وتحسين منتجاتنا. نتعامل مع المعلومات الخاصة بك كما هو موضح في "},{"$i":"crash-reports-description-3-privacy","$v":"سياسة الخصوصية"},{"$i":"crash-reports-description-3-end","$v":"."},{"$i":"crash-banner-os2","$v":[{"t":"idOrVar","v":"brandShortName"}," انهار الآن."]},{"$i":"crash-banner-app","$v":[{"t":"idOrVar","v":"name"}," توقف عن العمل."]},{"$i":"crash-banner-report","$v":"التقرير"},{"$i":"bluetooth-sending-progress","$v":"يُرسل البيانات عبر بلوتوث…"},{"$i":"bluetooth-receiving-progress","$v":"جارِ الاستلام عن طريق بلوتوث..."},{"$i":"acceptFileTransfer","$v":"قبول نقل الملف عبر بلوتوث؟"},{"$i":"wantToReceiveFile","$v":["يرغب ",{"t":"idOrVar","v":"deviceName"}," بنقل ",{"t":"idOrVar","v":"fileName"}," (",{"t":"idOrVar","v":"fileSize"},")."]},{"$i":"transfer-confirmation-title","$v":[{"t":"idOrVar","v":"deviceName"}]},{"$i":"transfer-confirmation-description","$v":"إعدة النظر في طلب التحويل."},{"$i":"byteUnit-B","$v":"بايت"},{"$i":"byteUnit-KB","$v":"كيلوبايت"},{"$i":"byteUnit-MB","$v":"ميجا بايت"},{"$i":"byteUnit-GB","$v":"جيجا بايت"},{"$i":"byteUnit-TB","$v":"تيرا بايت"},{"$i":"byteUnit-PB","$v":"PB"},{"$i":"byteUnit-EB","$v":"EB"},{"$i":"byteUnit-ZB","$v":"ZB"},{"$i":"byteUnit-YB","$v":"YB"},{"$i":"fileSize","$v":[{"t":"idOrVar","v":"size"}," ",{"t":"idOrVar","v":"unit"}]},{"$i":"deny","$v":"ارفض"},{"$i":"transfer","$v":"نقل"},{"$i":"cancelFileTransfer","$v":"إلغاء نقل الملف عبر بلوتوث؟"},{"$i":"continueFileTransfer","$v":"إستمِرّ"},{"$i":"transfer-has-started-title","$v":"بدء عملية التحويل"},{"$i":"transfer-has-started-description","$v":"تفحص العملية في مركز التنبيهات"},{"$i":"transferFinished-sentSuccessful-title","$v":"أُرسِل الملف"},{"$i":"transferFinished-receivedSuccessful-title","$v":"أُستُقبِل الملف"},{"$i":"transferFinished-sentFailed-title","$v":"لم يتم ارسال الملف"},{"$i":"transferFinished-receivedFailed-title","$v":"لم بتم استقبال الملف"},{"$i":"transferFinished-try-again-description","$v":"لا يمكن إرسال الملف حالياً. يرجى المحاولة مرة أخرى لاحقاً."},{"$i":"transferReport-title","$v":"حوِّل التقرير:"},{"$i":"transferReport-description","$v":[{"t":"idOrVar","v":"numSuccessful"},"ملفات بنجاح , ",{"t":"idOrVar","v":"numUnsuccessful"}," ملفات بفشل"]},{"$i":"unknown-file","$v":"ملف غير مُعرَّف"},{"$i":"unknown-device","$v":"جهاز مجهول"},{"$i":"cannotOpenFile","$v":"لايمكن فتح الملف المُستلم"},{"$i":"unknownMediaTypeToOpenFile","$v":["تعذّر فتح هذا النوع المجهول من الوسائط: ",{"t":"idOrVar","v":"fileName"}]},{"$i":"cannotReceiveFile","$v":"لا يمكن استلام الملف"},{"$i":"cannotGetStorageState","$v":"لايمكن الوصول الى حالة أجهزة التخزين."},{"$i":"sdcard-not-exist2","$v":"لم يتم العثور على بطاقة الذاكرة. الرجاءإدخال بطاقة الذاكرة."},{"$i":"sdcard-in-use","$v":"لا يمكن استعمال البلوتوث بينما الجوَّال موصول. افصل الجوّال لاستلام الملف أو الملفات."},{"$i":"sdcard-no-space2","$v":"لا يمكن إتمام عملية النقل: بطاقة الذاكرة ممتلئة."},{"$i":"unknown-error","$v":"خطأ غير معروف"},{"$i":"confirm","$v":"تأكيد"},{"$i":"sdcard-detected-title","$v":"وُجِدت بطاقة SD"},{"$i":"sdcard-total-size-body","$v":["الحجم الكلي: ",{"t":"idOrVar","v":"size"}," ‏",{"t":"idOrVar","v":"unit"}]},{"$i":"sdcard-unknown-size-then-tap-to-format-body","$v":"حجم غير معروف، انقر لتهيئتها"},{"$i":"sdcard-removed-title","$v":"أُزيلت بطاقة SD"},{"$i":"sdcard-removed-ejected-successfully","$v":"أُخرجت"},{"$i":"sdcard-removed-not-ejected-properly","$v":"لم تُخرج بصورة صحيحة"},{"$i":"microphone-is-on","$v":"الميكرفون يعمل"},{"$i":"camera-is-on","$v":"الكمرة مُشغّلة"},{"$i":"media-is-on","$v":"الكاميرا والميكرفون يعملان"},{"$i":"noSimCard","$v":"لا توجد بطاقة SIM"},{"$i":"simPin","$v":"كود SIM PIN"},{"$i":"pukCode","$v":"كود PUK"},{"$i":"nckCode","$v":"كود NCK"},{"$i":"cckCode","$v":"كود CCK"},{"$i":"spckCode","$v":"كود SPCK"},{"$i":"nck1code","$v":"رمز NCK1"},{"$i":"nck2code","$v":"رمز NCK2"},{"$i":"hnckcode","$v":"رمز HNCKNCK"},{"$i":"rcckcode","$v":"رمز RCCK"},{"$i":"rspckcode","$v":"رمز RSPCK"},{"$i":"whatIsSimPin","$v":"ماهو كود SIM PIN؟"},{"$i":"simPinIntro1","$v":"كود SIM PIN يمنع الوصول إلى شبكات البيانات الخلوية لبطاقة SIM. عندما تكون مفعلة، أي جهاز يحتوي على بطاقة SIM سوف يطلب كود PIN عند إعادة التشغيل."},{"$i":"simPinIntro2","$v":"كود SIM PIN ليس هو نفسه رمز المرور المستخدم لفتح الجهاز."},{"$i":"changeSimPin","$v":"تغيير كود PIN"},{"$i":"pinTitle","$v":"أدخل الكود SIM PIN"},{"$i":"multiSIMpinTitle","$v":["أدخل SIM ",{"t":"idOrVar","v":"n"}," PIN"]},{"$i":"pukTitle","$v":"أدخل كود PUK"},{"$i":"nckTitle","$v":"ادخل كود NCK"},{"$i":"cckTitle","$v":"ادخل كود CCK"},{"$i":"spckTitle","$v":"ادخل كود SPCK"},{"$i":"nck1Title","$v":"ادخل رمز NCK1"},{"$i":"nck2Title","$v":"ادخل كود NCK2"},{"$i":"hnckTitle","$v":"ادخل كود HNCK"},{"$i":"rcckTitle","$v":"ادخل كود RCCK"},{"$i":"rspckTitle","$v":"ادخل كود RSPCK"},{"$i":"newpinTitle","$v":"كود PIN جديد"},{"$i":"inputCodeRetriesLeft","$v":{"one":"آخر محاولة.","two":[{"t":"idOrVar","v":"n"}," محاولة متبقية."],"few":[{"t":"idOrVar","v":"n"}," محاولة متبقية."],"many":[{"t":"idOrVar","v":"n"}," محاولة متبقية."],"other":[{"t":"idOrVar","v":"n"}," محاولة متبقية."]},"$x":[{"t":"idOrVar","v":"plural"},"n"]},{"$i":"pinErrorMsg","$v":"كود PIN خاطئ."},{"$i":"pinAttemptMsg2","$v":{"one":"لديك محاوله واحدة متبقية لادخال الكود الصحيح قبل اغلاق بطاقة SIM.","two":["لديك ",{"t":"idOrVar","v":"n"}," محاولات متبقية لادخال الكود الصحيح قبل اغلاق بطاقة SIM."],"few":["لديك ",{"t":"idOrVar","v":"n"}," محاولات متبقية لادخال الكود الصحيح قبل اغلاق بطاقة SIM."],"many":["لديك ",{"t":"idOrVar","v":"n"}," محاولات متبقية لادخال الكود الصحيح قبل اغلاق بطاقة SIM."],"other":["لديك ",{"t":"idOrVar","v":"n"}," محاولات متبقية لادخال الكود الصحيح قبل اغلاق بطاقة SIM."]},"$x":[{"t":"idOrVar","v":"plural"},"n"]},{"$i":"pinLastChanceMsg","$v":"هذه آخر فرصة لك لإدخال رقم التعريف الشخصي الصحيح. خلاف ذلك، يجب عليك إدخال مفتاح إلغاء التأمين الشخصي PUK لاستخدام هذه الشريحة."},{"$i":"simCardLockedMsg","$v":"بطاقة SIM مقفلة."},{"$i":"enterPukMsg","$v":"يجب عليك إدخال مفتاح إلغاء التأمين الشخصي (PUK) للشريحة. ارجع إلى وثائق الشريحة أو اتصل بالناقل الخاص بك للحصول على مزيد من المعلومات."},{"$i":"pukErrorMsg","$v":"كود PUK غير صحيح."},{"$i":"pukAttemptMsg2","$v":{"one":"لديك محاولة واحدة متبقية لإدخال الرمز الصحيح قبل أن تصبح هذه الشريحة غير صالحة للإستعمال بشكل دائم. ارجع إلى وثائق الشريحة أو اتصل بالمزود الخاص بك للحصول على مزيد من المعلومات.","two":["لديك ",{"t":"idOrVar","v":"n"}," محاولة لإدخال الرمز الصحيح قبل أن تصبح هذه الشريحة غير صالحة للإستعمال بشكل دائم. ارجع إلى وثائق الشريحة أو اتصل بالناقل الخاص بك للحصول على مزيد من المعلومات."],"few":["لديك ",{"t":"idOrVar","v":"n"}," محاولة لإدخال الرمز الصحيح قبل أن تصبح هذه الشريحة غير صالحة للإستعمال بشكل دائم. ارجع إلى وثائق الشريحة أو اتصل بالناقل الخاص بك للحصول على مزيد من المعلومات."],"many":["لديك ",{"t":"idOrVar","v":"n"}," محاولة لإدخال الرمز الصحيح قبل أن تصبح هذه الشريحة غير صالحة للإستعمال بشكل دائم. ارجع إلى وثائق الشريحة أو اتصل بالناقل الخاص بك للحصول على مزيد من المعلومات."],"other":["لديك ",{"t":"idOrVar","v":"n"}," محاولة لإدخال الرمز الصحيح قبل أن تصبح هذه الشريحة غير صالحة للإستعمال بشكل دائم. ارجع إلى وثائق الشريحة أو اتصل بالناقل الخاص بك للحصول على مزيد من المعلومات."]},"$x":[{"t":"idOrVar","v":"plural"},"n"]},{"$i":"pukLastChanceMsg","$v":"آخر فرصة لإدخال مفتاح إلغاء التأمين الشخصي PUK الصحيح. شريحتك ستصبح غير صالحة للإستعمال بشكل دائم إذا أدخلت مفتاح إلغاء تأمين شخصي PUK خاطىء. ارجع إلى وثائق الشريحة أو اتصل بالناقل الخاص بك للحصول على مزيد من المعلومات."},{"$i":"newSimPinMsg","$v":"أنشىء رقم تعريف شخصي (يجب أن يحتوي من 4 إلى 8 أرقام)"},{"$i":"confirmNewSimPinMsg","$v":"قم بتأكيد كود PIN"},{"$i":"newPinErrorMsg","$v":"كودين PIN غير متطابقين."},{"$i":"nckErrorMsg","$v":"كود NCK غير صحيح."},{"$i":"nckAttemptMsg2","$v":{"one":"فشل طلب عدم تخصيص الشبكة. لديك محاوله واحدة متبقية لادخال الكود الصحيح. راجع وثائق جهازك أو اتصل مع مزود الخدمة لمعلومات اضافية.","two":["فشل طلب عدم تخصيص الشبكة. لديك ",{"t":"idOrVar","v":"n"}," محاولات متبقية لادخال الكود الصحيح. راجع وثائق جهازك أو اتصل مع مزود الخدمة لمعلومات اضافية."],"few":["فشل طلب عدم تخصيص الشبكة. لديك ",{"t":"idOrVar","v":"n"}," محاولات متبقية لادخال الكود الصحيح. راجع وثائق جهازك أو اتصل مع مزود الخدمة لمعلومات اضافية."],"many":["فشل طلب عدم تخصيص الشبكة. لديك ",{"t":"idOrVar","v":"n"}," محاولات متبقية لادخال الكود الصحيح. راجع وثائق جهازك أو اتصل مع مزود الخدمة لمعلومات اضافية."],"other":["فشل طلب عدم تخصيص الشبكة. لديك ",{"t":"idOrVar","v":"n"}," محاولات متبقية لادخال الكود الصحيح. راجع وثائق جهازك أو اتصل مع مزود الخدمة لمعلومات اضافية."]},"$x":[{"t":"idOrVar","v":"plural"},"n"]},{"$i":"nckLastChanceMsg","$v":"فشل طلب عدم تخصيص الشبكة. لديك محاولة اخيرة لادخال كود NCL. راجع وثائق جهازك أو اتصل مع مزود الخدمة لمعلومات اضافية."},{"$i":"activity-pick","$v":"اختر من:"},{"$i":"activity-view","$v":"شاهد بـ:"},{"$i":"activity-test","$v":"افحص بـ:"},{"$i":"activity-share","$v":"شارك بـ:"},{"$i":"activity-new","$v":"انشىء بـ:"},{"$i":"activity-open","$v":"افتح بـ:"},{"$i":"activity-save-bookmark","$v":"مرجعية إلى:"},{"$i":"activity-record","$v":"سجِّل من:"},{"$i":"activity-browse","$v":"تصفح بـ:"},{"$i":"activity-configure","$v":"ضبط بـ:"},{"$i":"activity-dial","$v":"اتصل من:"},{"$i":"persona-signin","$v":"تسجيل الدخول"},{"$i":"payment-flow","$v":"اشتري"},{"$i":"remoteDebuggerMessage","$v":"تم الكشف عن طلب اتصال للتدقيق البعيد . هل تسمح بالاتصال؟"},{"$i":"fullscreen-request","$v":[{"t":"idOrVar","v":"origin"}," الآن ملء الشاشة."]},{"$i":"captive-wifi-available","$v":["تم العثور على الشبكة ",{"t":"idOrVar","v":"networkName"},". هل تريد الانضمام اليها؟"]},{"$i":"ceWarningtitle","$v":"تحذير الصوت"},{"$i":"ceWarningcontent","$v":"لتجنب اي اصابة سمعية، لا تستمع لفترات طويلة والصوت مرتفع."},{"$i":"notification-powersaving-mode-on-title","$v":"وضع توفير الطاقة"},{"$i":"notification-powersaving-mode-on-description","$v":"وضع توفير الطاقة مُفعّل."},{"$i":"low-device-storage","$v":"المساحة الفارغة صغيرة.\\n"},{"$i":"free-space","$v":{"zero":"لا توجد مساحة فارغة متبقية.","one":["أقل من ",{"t":"idOrVar","v":"value"}," ",{"t":"idOrVar","v":"unit"}," متبقية."],"two":["أقل من ",{"t":"idOrVar","v":"value"}," ",{"t":"idOrVar","v":"unit"}," متبقية."],"few":["أقل من ",{"t":"idOrVar","v":"value"}," ",{"t":"idOrVar","v":"unit"}," متبقية."],"many":["أقل من ",{"t":"idOrVar","v":"value"}," ",{"t":"idOrVar","v":"unit"}," متبقية."],"other":["أقل من ",{"t":"idOrVar","v":"value"}," ",{"t":"idOrVar","v":"unit"}," متبقية."]},"$x":[{"t":"idOrVar","v":"plural"},"value"]},{"$i":"unknown-free-space","$v":"المساحة الفارغة غير معروفة."},{"$i":"system-alert","$v":"تنبيه النظام"},{"$i":"cb-channel","$v":["قناة ",{"t":"idOrVar","v":"channel"}]},{"$i":"cb-etws-warningType-earthquake","$v":"تحذير زلزال!"},{"$i":"cb-etws-warningType-tsunami","$v":"تحذير تسونامي!"},{"$i":"cb-etws-warningType-earthquake-tsunami","$v":"تحذير زلزال - تسونامي!"},{"$i":"cb-etws-warningType-test","$v":"نظام الإنذار قيد الإختبار."},{"$i":"cb-etws-warningType-other","$v":"إنذار طوارئ!"},{"$i":"icc-message-maintitle","$v":"رسالة من مشغّل الشبكة"},{"$i":"icc-message-subtitle","$v":["SIM ",{"t":"idOrVar","v":"id"}]},{"$i":"icc-confirmCall-defaultmessage","$v":["أأتصال بـ ",{"t":"idOrVar","v":"number"},"؟"]},{"$i":"icc-alertMessage-defaultmessage","$v":"جارِ إرسال الرسالة"},{"$i":"icc-confirmMessage-defaultmessage","$v":"أأرسال رسالة؟"},{"$i":"icc-notification-title","$v":["SIM ",{"t":"idOrVar","v":"id"}," STK"]},{"$i":"icc-inputbox-maintitle","$v":"استعلام طقم أدوات SIM"},{"$i":"icc-inputbox-subtitle","$v":["SIM ",{"t":"idOrVar","v":"id"}]},{"$i":"emergency-callback-mode","$v":"وضع الإتصال بالطوارئ"},{"$i":"emergency-callback-message","$v":"لا يمكنك إجراء المكالمات، وإرسال الرسائل أو الذهاب على الانترنت لتمكين وضع الاتصال بالطوارئ. هل ترغب في إيقاف تشغيله؟"},{"$i":"cdma-record-info","$v":"CDMA تسجيل معلومات"},{"$i":"ime-switching-title","$v":[{"t":"idOrVar","v":"appName"},": ",{"t":"idOrVar","v":"name"}]},{"$i":"ime-switching-tip","$v":"انقر بثبات لتبديل طريقة الكتابة"},{"$i":"shrinking-tip","$v":"مرِّر للمشاركة"},{"$i":"download_started","$v":"بدأ التنزيل"},{"$i":"download_stopped","$v":"توقف التنزيل"},{"$i":"download_downloading","$v":"جارِ التحميل..."},{"$i":"download_succeeded","$v":"اكتمل التنزيل"},{"$i":"download_failed","$v":"فشل التنزيل"},{"$i":"download_text_by_default","$v":[{"t":"idOrVar","v":"name"}]},{"$i":"download_downloading_text_2","$v":[{"t":"idOrVar","v":"percentage"},"% - ",{"t":"idOrVar","v":"name"}]},{"$i":"search-the-web","$v":"ابحث في الوِب"},{"$i":"search-or-enter-address","$v":"إبحث أو أدخل عنوانا","placeholder":"إبحث أو أدخل عنوانا"},{"$i":"back-button","ariaLabel":"تراجع"},{"$i":"forward-button","ariaLabel":"التالي"},{"$i":"reload-button","ariaLabel":"أعد التحميل"},{"$i":"stop-button","ariaLabel":"أوقف"},{"$i":"windows-button","ariaLabel":"أَظهر النوافذ"},{"$i":"noHotspotWhenAPMisOnWifiHotspot","$v":"أطفئ وضع الطائرة لإتاحة بثّ شبكة واي-فاي من الجهاز."},{"$i":"apmActivated","$v":"فُعِّل وضع الطائرة"},{"$i":"open-in-new-window","$v":"افتح في نافذة جديدة"},{"$i":"open-in-new-private-window","$v":"افتح في نافذة جديدة خفيّة"},{"$i":"add-link-to-home-screen","$v":"إضافة الوصلة إلى الشاشة الرئيسية"},{"$i":"share-link","$v":"شارك الوصلة"},{"$i":"save-image","$v":"احفظ الصورة"},{"$i":"save-video","$v":"احفظ مقطع الڤيديو"},{"$i":"save-audio","$v":"احفظ المقطع الصوتي"},{"$i":"save-link","$v":"حفظ الملف المرفق"},{"$i":"share-image","$v":"مشاركة الصورة"},{"$i":"share-video","$v":"مشاركة الفيديو"},{"$i":"share-audio","$v":"شارك المقطع الصوتي"},{"$i":"private-window","$v":"نافذة خاصة"},{"$i":"private-window-detail1","$v":"المتصفح لن يبقي أي تاريخ تصفح ، كوكيز، أو ملفات إنترنت المؤقتة."},{"$i":"private-window-detail2","$v":"مع أنّ هذا الجهاز لن يحتفظ بنسخة عن تأريخ تصفّحك، إلا أن بإمكان شركتك أو مزوّد خدمة الإنترنت تتبّع الصفحات التي تزورها."},{"$i":"okCharsLeft","$v":["موافق (",{"t":"idOrVar","v":"n"},")"]},{"$i":"accessibility-enableScreenReaderSteps","$v":"لتمكين قارئ الشاشة، اضغط زر زيادة حجم الصوت ثم زر خفض حجم الصوت ثلاث مرات أخرى"},{"$i":"accessibility-disableScreenReaderSteps","$v":"لتعطيل قارئ الشاشة، اضغط زر زيادة حجم الصوت ثم زر خفض حجم الصوت ثلاث مرات أخرى"},{"$i":"accessibility-screenReaderStarted","$v":"بُدئَ قارئ الشاشة"},{"$i":"accessibility-screenReaderStopped","$v":"أوقِف قارئ الشاشة"},{"$i":"accessibility-menubar","$v":"شريط قائمة"},{"$i":"accessibility-scrollbar","$v":"شريط تمرير"},{"$i":"accessibility-grip","$v":"قبضة"},{"$i":"accessibility-alert","$v":"إنذار"},{"$i":"accessibility-menupopup","$v":"قائمة منبثقة"},{"$i":"accessibility-document","$v":"مستند"},{"$i":"accessibility-pane","$v":"لوحة"},{"$i":"accessibility-dialog","$v":"حوار"},{"$i":"accessibility-separator","$v":"فاصل"},{"$i":"accessibility-toolbar","$v":"شريط أدوات"},{"$i":"accessibility-statusbar","$v":"شريط حالة"},{"$i":"accessibility-table","$v":"جدول"},{"$i":"accessibility-columnheader","$v":"ترويسة العمود"},{"$i":"accessibility-rowheader","$v":"ترويسة السطر"},{"$i":"accessibility-column","$v":"عمود"},{"$i":"accessibility-row","$v":"سطر"},{"$i":"accessibility-cell","$v":"حقل"},{"$i":"accessibility-link","$v":"وصلة"},{"$i":"accessibility-list","$v":"قائمة"},{"$i":"accessibility-listitem","$v":"عنصر قائمة"},{"$i":"accessibility-outline","$v":"مخطط"},{"$i":"accessibility-outlineitem","$v":"عنصر المخطط"},{"$i":"accessibility-pagetab","$v":"لسان"},{"$i":"accessibility-propertypage","$v":"صفحة الُملكية"},{"$i":"accessibility-graphic","$v":"رسم أو صورة"},{"$i":"accessibility-pushbutton","$v":"زر"},{"$i":"accessibility-checkbutton","$v":"زر تأشير"},{"$i":"accessibility-radiobutton","$v":"زر اختيار"},{"$i":"accessibility-combobox","$v":"حقل إدخال/اختيار"},{"$i":"accessibility-progressbar","$v":"شريط تقدم"},{"$i":"accessibility-slider","$v":"شريط منزلق"},{"$i":"accessibility-spinbutton","$v":"زر تدوير"},{"$i":"accessibility-diagram","$v":"رسم بياني"},{"$i":"accessibility-animation","$v":"حركة"},{"$i":"accessibility-equation","$v":"معادلة"},{"$i":"accessibility-buttonmenu","$v":"زر القائمة"},{"$i":"accessibility-whitespace","$v":"مساحة بيضاء"},{"$i":"accessibility-pagetablist","$v":"قائمة بألسنة"},{"$i":"accessibility-canvas","$v":"مساحة رسم"},{"$i":"accessibility-checkmenuitem","$v":"تحقق من عنصر القائمة"},{"$i":"accessibility-label","$v":"اسم لحقل"},{"$i":"accessibility-passwordtext","$v":"نص كلمة مرور"},{"$i":"accessibility-radiomenuitem","$v":"عنصر قائمة الاختيار"},{"$i":"accessibility-textcontainer","$v":"حاوي النص"},{"$i":"accessibility-togglebutton","$v":"زر تبديل"},{"$i":"accessibility-treetable","$v":"جدول الشجرة"},{"$i":"accessibility-header","$v":"رأس"},{"$i":"accessibility-footer","$v":"تذييل"},{"$i":"accessibility-paragraph","$v":"فقرة"},{"$i":"accessibility-entry","$v":"مُدخلة"},{"$i":"accessibility-caption","$v":"وصف"},{"$i":"accessibility-heading","$v":"عنوان رئيسي"},{"$i":"accessibility-section","$v":"مقطع"},{"$i":"accessibility-form","$v":"نموذج"},{"$i":"accessibility-comboboxlist","$v":"قائمة التحرير والسرد"},{"$i":"accessibility-comboboxoption","$v":"خيار صندوق التحرير والسرد"},{"$i":"accessibility-imagemap","$v":"خارطة الصورة"},{"$i":"accessibility-listboxoption","$v":"خيار"},{"$i":"accessibility-listbox","$v":"صندوق القائمة"},{"$i":"accessibility-flatequation","$v":"معادلة ثابتة"},{"$i":"accessibility-gridcell","$v":"خلية شبكة"},{"$i":"accessibility-note","$v":"ملحوظة"},{"$i":"accessibility-figure","$v":"شكل"},{"$i":"accessibility-definitionlist","$v":"قائمة تعريف"},{"$i":"accessibility-term","$v":"مصطلح"},{"$i":"accessibility-definition","$v":"تعريف"},{"$i":"accessibility-textarea","$v":"منطقة النص"},{"$i":"accessibility-textInputType_date","$v":"تأريخ"},{"$i":"accessibility-textInputType_email","$v":"بريد إلكتروني"},{"$i":"accessibility-textInputType_search","$v":"بحث"},{"$i":"accessibility-textInputType_tel","$v":"هاتف"},{"$i":"accessibility-textInputType_url","$v":"URL"},{"$i":"accessibility-headingLevel","$v":["عنوان رئيسي من الدرجة ",{"t":"idOrVar","v":"0"}]},{"$i":"accessibility-listStart","$v":"العنصر الأول"},{"$i":"accessibility-listEnd","$v":"العنصر الأخير"},{"$i":"accessibility-listItemsCount","$v":{"zero":[{"t":"idOrVar","v":"count"}," عناصر"],"one":[{"t":"idOrVar","v":"count"}," عناصر"],"two":[{"t":"idOrVar","v":"count"}," عناصر"],"few":[{"t":"idOrVar","v":"count"}," عناصر"],"many":[{"t":"idOrVar","v":"count"}," عناصر"],"other":[{"t":"idOrVar","v":"count"}," عناصر"]},"$x":[{"t":"idOrVar","v":"plural"},"count"]},{"$i":"accessibility-objItemOfN","$v":[{"t":"idOrVar","v":"0"}," من ",{"t":"idOrVar","v":"1"}]},{"$i":"accessibility-banner","$v":"شعار"},{"$i":"accessibility-complementary","$v":"مكمّل"},{"$i":"accessibility-contentinfo","$v":"معلومات المحتوى"},{"$i":"accessibility-main","$v":"رئيسي"},{"$i":"accessibility-navigation","$v":"تصفح"},{"$i":"accessibility-search","$v":"بحث"},{"$i":"accessibility-tblColumnInfo","$v":{"zero":["مع ",{"t":"idOrVar","v":"count"}," أعمدة"],"one":["مع ",{"t":"idOrVar","v":"count"}," عمود"],"two":["مع ",{"t":"idOrVar","v":"count"}," أعمدة"],"few":["مع ",{"t":"idOrVar","v":"count"}," أعمدة"],"many":["مع ",{"t":"idOrVar","v":"count"}," أعمدة"],"other":["مع ",{"t":"idOrVar","v":"count"}," أعمدة"]},"$x":[{"t":"idOrVar","v":"plural"},"count"]},{"$i":"accessibility-tblRowInfo","$v":{"zero":["و ",{"t":"idOrVar","v":"count"}," صفوف"],"one":["و ",{"t":"idOrVar","v":"count"}," صفوف"],"two":["و ",{"t":"idOrVar","v":"count"}," صفوف"],"few":["و ",{"t":"idOrVar","v":"count"}," صفوف"],"many":["و ",{"t":"idOrVar","v":"count"}," صفوف"],"other":["و ",{"t":"idOrVar","v":"count"}," صفوف"]},"$x":[{"t":"idOrVar","v":"plural"},"count"]},{"$i":"accessibility-columnInfo","$v":["عمود ",{"t":"idOrVar","v":"0"}]},{"$i":"accessibility-rowInfo","$v":["صفّ ",{"t":"idOrVar","v":"0"}]},{"$i":"accessibility-spansColumns","$v":{"zero":["امتداد ",{"t":"idOrVar","v":"0"}," عمود"],"one":["امتداد ",{"t":"idOrVar","v":"0"}," عمود"],"two":["امتداد ",{"t":"idOrVar","v":"0"}," عمود"],"few":["امتداد ",{"t":"idOrVar","v":"0"}," عمود"],"many":["امتداد ",{"t":"idOrVar","v":"0"}," عمود"],"other":["امتداد ",{"t":"idOrVar","v":"0"}," عمود"]},"$x":[{"t":"idOrVar","v":"plural"},"0"]},{"$i":"accessibility-spansRows","$v":{"zero":["يمتد ",{"t":"idOrVar","v":"0"}," صف"],"one":["امتداد ",{"t":"idOrVar","v":"0"}," صف"],"two":["يمتد ",{"t":"idOrVar","v":"0"}," صف"],"few":["امتداد ",{"t":"idOrVar","v":"0"}," صف"],"many":["يمتد ",{"t":"idOrVar","v":"0"}," صف"],"other":["امتداد ",{"t":"idOrVar","v":"0"}," صف"]},"$x":[{"t":"idOrVar","v":"plural"},"0"]},{"$i":"accessibility-jumpAction","$v":"قَفَزَ"},{"$i":"accessibility-pressAction","$v":"مضغوط"},{"$i":"accessibility-checkAction","$v":"مؤكد"},{"$i":"accessibility-uncheckAction","$v":"غير مؤكّد"},{"$i":"accessibility-selectAction","$v":"مُختار"},{"$i":"accessibility-unselectAction","$v":"غير مُختار"},{"$i":"accessibility-openAction","$v":"مفتوح"},{"$i":"accessibility-closeAction","$v":"مُغلق"},{"$i":"accessibility-switchAction","$v":"مبدَل"},{"$i":"accessibility-clickAction","$v":"منقور"},{"$i":"accessibility-collapseAction","$v":"مضموم"},{"$i":"accessibility-expandAction","$v":"مُوسَّع"},{"$i":"accessibility-activateAction","$v":"مُفعّل"},{"$i":"accessibility-cycleAction","$v":"مدوَر"},{"$i":"accessibility-hidden","$v":"مخفيّ"},{"$i":"accessibility-tabLoading","$v":"يُحمّل"},{"$i":"accessibility-tabLoaded","$v":"مُحمّل"},{"$i":"accessibility-tabNew","$v":"لسان جديد"},{"$i":"accessibility-tabLoadStopped","$v":"توقّف التحميل"},{"$i":"accessibility-tabReload","$v":"إعادة التحميل"},{"$i":"accessibility-stateChecked","$v":"مؤكّد"},{"$i":"accessibility-stateNotChecked","$v":"غير مؤكّد"},{"$i":"accessibility-statePressed","$v":"مضغوط"},{"$i":"accessibility-stateExpanded","$v":"مُوسَّع"},{"$i":"accessibility-stateCollapsed","$v":"مضموم"},{"$i":"accessibility-stateUnavailable","$v":"غير مُتاح"},{"$i":"accessibility-stateRequired","$v":"مطلوب"},{"$i":"accessibility-stateTraversed","$v":"تمت زيارته"},{"$i":"accessibility-stateHasPopup","$v":"لديه نافذة منبثقة"},{"$i":"accessibility-stateSelected","$v":"مُختار"},{"$i":"accessibility-editingMode","$v":"تحرير"},{"$i":"accessibility-navigationMode","$v":"الملاحة"},{"$i":"accessibility-quicknav_Simple","$v":"افتراضي"},{"$i":"accessibility-quicknav_Anchor","$v":"مراسي"},{"$i":"accessibility-quicknav_Button","$v":"أزرار"},{"$i":"accessibility-quicknav_Combobox","$v":"صناديق الاختيار"},{"$i":"accessibility-quicknav_Landmark","$v":"الإشارات المرجعية"},{"$i":"accessibility-quicknav_Entry","$v":"مدخلات"},{"$i":"accessibility-quicknav_FormElement","$v":"عناصر النموذج"},{"$i":"accessibility-quicknav_Graphic","$v":"صور"},{"$i":"accessibility-quicknav_Heading","$v":"عناوين رئيسية"},{"$i":"accessibility-quicknav_ListItem","$v":"عناصر القائمة"},{"$i":"accessibility-quicknav_Link","$v":"روابط"},{"$i":"accessibility-quicknav_List","$v":"قوائم"},{"$i":"accessibility-quicknav_PageTab","$v":"ألسنة الصفحة"},{"$i":"accessibility-quicknav_RadioButton","$v":"أزار اختيار"},{"$i":"accessibility-quicknav_Separator","$v":"فواصل"},{"$i":"accessibility-quicknav_Table","$v":"جداول"},{"$i":"accessibility-quicknav_Checkbox","$v":"مربعات اختيار"},{"$i":"accessibility-menubarAbbr","$v":"شريط القائمة"},{"$i":"accessibility-scrollbarAbbr","$v":"شريط تمرير"},{"$i":"accessibility-gripAbbr","$v":"قبضة"},{"$i":"accessibility-alertAbbr","$v":"إنذار"},{"$i":"accessibility-menupopupAbbr","$v":"قائمة منبثقة"},{"$i":"accessibility-documentAbbr","$v":"مستند"},{"$i":"accessibility-paneAbbr","$v":"لوحة"},{"$i":"accessibility-dialogAbbr","$v":"حوار"},{"$i":"accessibility-separatorAbbr","$v":"فاصل"},{"$i":"accessibility-toolbarAbbr","$v":"شريط أدوات"},{"$i":"accessibility-statusbarAbbr","$v":"شريط حالة"},{"$i":"accessibility-tableAbbr","$v":"جدول"},{"$i":"accessibility-columnheaderAbbr","$v":"ترويسة العمود"},{"$i":"accessibility-rowheaderAbbr","$v":"ترويسة السطر"},{"$i":"accessibility-columnAbbr","$v":"عمود"},{"$i":"accessibility-rowAbbr","$v":"صف"},{"$i":"accessibility-cellAbbr","$v":"خلية"},{"$i":"accessibility-linkAbbr","$v":"رابط"},{"$i":"accessibility-listAbbr","$v":"قائمة"},{"$i":"accessibility-listitemAbbr","$v":"عنصر قائمة"},{"$i":"accessibility-outlineAbbr","$v":"مخطط"},{"$i":"accessibility-outlineitemAbbr","$v":"عنصر المخطط"},{"$i":"accessibility-pagetabAbbr","$v":"لسان"},{"$i":"accessibility-propertypageAbbr","$v":"صفحة الملكية"},{"$i":"accessibility-graphicAbbr","$v":"رسم"},{"$i":"accessibility-pushbuttonAbbr","$v":"زر"},{"$i":"accessibility-checkbuttonAbbr","$v":"زر التأكيد"},{"$i":"accessibility-radiobuttonAbbr","$v":"زر اختيار"},{"$i":"accessibility-comboboxAbbr","$v":"صندوق اختيار"},{"$i":"accessibility-progressbarAbbr","$v":"شريط التقدم"},{"$i":"accessibility-sliderAbbr","$v":"شريط منزلق"},{"$i":"accessibility-spinbuttonAbbr","$v":"زر تدوير"},{"$i":"accessibility-diagramAbbr","$v":"رسم بيانيّ"},{"$i":"accessibility-animationAbbr","$v":"رسوم متحركة"},{"$i":"accessibility-equationAbbr","$v":"معادلة"},{"$i":"accessibility-buttonmenuAbbr","$v":"قائمة الأزرار"},{"$i":"accessibility-whitespaceAbbr","$v":"مساحة بيضاء"},{"$i":"accessibility-pagetablistAbbr","$v":"قائمة بألسنة"},{"$i":"accessibility-canvasAbbr","$v":"مساحة رسم"},{"$i":"accessibility-checkmenuitemAbbr","$v":"تحقق من عنصر القائمة"},{"$i":"accessibility-labelAbbr","$v":"اسم الحقل"},{"$i":"accessibility-passwordtextAbbr","$v":"نص كلمة السر"},{"$i":"accessibility-radiomenuitemAbbr","$v":"قائمة عنصر الاختيار"},{"$i":"accessibility-textcontainerAbbr","$v":"حاوي النص"},{"$i":"accessibility-togglebuttonAbbr","$v":"زر تبديل"},{"$i":"accessibility-treetableAbbr","$v":"جدول الشجرة"},{"$i":"accessibility-headerAbbr","$v":"ترويسة"},{"$i":"accessibility-footerAbbr","$v":"تذييل"},{"$i":"accessibility-paragraphAbbr","$v":"فقرة"},{"$i":"accessibility-entryAbbr","$v":"مُدخلة"},{"$i":"accessibility-captionAbbr","$v":"وصف"},{"$i":"accessibility-headingAbbr","$v":"تَرويسة"},{"$i":"accessibility-sectionAbbr","$v":"مقطع"},{"$i":"accessibility-formAbbr","$v":"نموذج"},{"$i":"accessibility-comboboxlistAbbr","$v":"قائمة صندوق اختيارت"},{"$i":"accessibility-comboboxoptionAbbr","$v":"خيار صندوق الاختيار"},{"$i":"accessibility-imagemapAbbr","$v":"خريطة الصّورة"},{"$i":"accessibility-listboxoptionAbbr","$v":"خيار"},{"$i":"accessibility-listboxAbbr","$v":"صندوق القائمة"},{"$i":"accessibility-flatequationAbbr","$v":"معادلة منبسطة"},{"$i":"accessibility-gridcellAbbr","$v":"خلية شبكة"},{"$i":"accessibility-noteAbbr","$v":"ملحوظة"},{"$i":"accessibility-figureAbbr","$v":"شَكل"},{"$i":"accessibility-definitionlistAbbr","$v":"قائمة تعْريف"},{"$i":"accessibility-termAbbr","$v":"مصطلح"},{"$i":"accessibility-definitionAbbr","$v":"تعريف"},{"$i":"accessibility-textareaAbbr","$v":"منطقة النص"},{"$i":"accessibility-tblColumnInfoAbbr","$v":{"one":[{"t":"idOrVar","v":"count"}," عمود"],"two":[{"t":"idOrVar","v":"count"}," عمود"],"few":[{"t":"idOrVar","v":"count"}," عمود"],"many":[{"t":"idOrVar","v":"count"}," عمود"],"other":[{"t":"idOrVar","v":"count"}," عمود"]},"$x":[{"t":"idOrVar","v":"plural"},"count"]},{"$i":"accessibility-tblRowInfoAbbr","$v":{"one":[{"t":"idOrVar","v":"count"}," صف"],"two":[{"t":"idOrVar","v":"count"}," صف"],"few":[{"t":"idOrVar","v":"count"}," صف"],"many":[{"t":"idOrVar","v":"count"}," صف"],"other":[{"t":"idOrVar","v":"count"}," صف"]},"$x":[{"t":"idOrVar","v":"plural"},"count"]},{"$i":"accessibility-cellInfoAbbr","$v":["العمود",{"t":"idOrVar","v":"0"},"الصف",{"t":"idOrVar","v":"1"}]},{"$i":"accessibility-stateCheckedAbbr","$v":"(x)"},{"$i":"accessibility-stateUncheckedAbbr","$v":"( )"},{"$i":"accessibility-statePressedAbbr","$v":"(x)"},{"$i":"accessibility-stateUnpressedAbbr","$v":"( )"},{"$i":"accessibility-pushbutton-hint","$v":"اضغط مرتين للتفعيل"},{"$i":"accessibility-checkbutton-hint","$v":"اضغط مرتين للتفعيل"},{"$i":"accessibility-combobox-hint","$v":"اضغط مرتين للتفعيل"},{"$i":"accessibility-key-hint","$v":"اضغط مع الاستمرار للتفعيل"},{"$i":"accessibility-link-hint","$v":"اضغط مرتين للتفعيل"},{"$i":"accessibility-menuitem-hint","$v":"اضغط مرتين للتفعيل"},{"$i":"accessibility-option-hint","$v":"اضغط مرتين للتفعيل"},{"$i":"accessibility-radiobutton-hint","$v":"اضغط مرتين للتفعيل"},{"$i":"accessibility-slider-hint","$v":"اسحب للأعلى للزيادة أو للأسفل للتخفيض"},{"$i":"accessibility-spinbutton-hint","$v":"اسحب للأعلى للزيادة أو للأسفل للخفض"},{"$i":"accessibility-pagetab-hint","$v":"اضغط مرتين للتفعيل"},{"$i":"accessibility-entry-hint","$v":"اضغط مرتين للتفعيل"},{"$i":"accessibility-outlineitem-hint","$v":"اضغط مرتين للتفعيل"},{"$i":"weekday-0-long","$v":"الأحد"},{"$i":"weekday-1-long","$v":"الإثنين"},{"$i":"weekday-2-long","$v":"الثلاثاء"},{"$i":"weekday-3-long","$v":"الأربعاء"},{"$i":"weekday-4-long","$v":"الخميس"},{"$i":"weekday-5-long","$v":"الجمعة"},{"$i":"weekday-6-long","$v":"السبت"},{"$i":"weekday-0-short","$v":"أحد"},{"$i":"weekday-1-short","$v":"إثنين"},{"$i":"weekday-2-short","$v":"ثلاثاء"},{"$i":"weekday-3-short","$v":"أربعاء"},{"$i":"weekday-4-short","$v":"خميس"},{"$i":"weekday-5-short","$v":"جمعة"},{"$i":"weekday-6-short","$v":"سبت"},{"$i":"month-0-long","$v":"يناير"},{"$i":"month-1-long","$v":"فبراير"},{"$i":"month-2-long","$v":"مارس"},{"$i":"month-3-long","$v":"أبريل"},{"$i":"month-4-long","$v":"مايو"},{"$i":"month-5-long","$v":"يونيو"},{"$i":"month-6-long","$v":"يوليو"},{"$i":"month-7-long","$v":"أغسطس"},{"$i":"month-8-long","$v":"سبتمبر"},{"$i":"month-9-long","$v":"أكتوبر"},{"$i":"month-10-long","$v":"نوفمبر"},{"$i":"month-11-long","$v":"ديسمبر"},{"$i":"month-0-genitive","$v":"يناير"},{"$i":"month-1-genitive","$v":"فبراير"},{"$i":"month-2-genitive","$v":"مارس"},{"$i":"month-3-genitive","$v":"أبريل"},{"$i":"month-4-genitive","$v":"مايو"},{"$i":"month-5-genitive","$v":"يونيو"},{"$i":"month-6-genitive","$v":"يوليو"},{"$i":"month-7-genitive","$v":"أغسطس"},{"$i":"month-8-genitive","$v":"سبتمبر"},{"$i":"month-9-genitive","$v":"أكتوبر"},{"$i":"month-10-genitive","$v":"نوفمبر"},{"$i":"month-11-genitive","$v":"ديسمبر"},{"$i":"month-0-short","$v":"يناير"},{"$i":"month-1-short","$v":"فبراير"},{"$i":"month-2-short","$v":"مارس"},{"$i":"month-3-short","$v":"ابريل"},{"$i":"month-4-short","$v":"مايو"},{"$i":"month-5-short","$v":"يونيو"},{"$i":"month-6-short","$v":"يوليو"},{"$i":"month-7-short","$v":"أغسطس"},{"$i":"month-8-short","$v":"سبتمبر"},{"$i":"month-9-short","$v":"أكتوبر"},{"$i":"month-10-short","$v":"نوفمبر"},{"$i":"month-11-short","$v":"ديسمبر"},{"$i":"minutes-ago-long","$v":{"zero":"الآن","one":"منذ دقيقة","two":["منذ ",{"t":"idOrVar","v":"value"}," دقيقة"],"few":["منذ ",{"t":"idOrVar","v":"value"}," دقائق"],"many":["منذ ",{"t":"idOrVar","v":"value"}," دقيقة"],"other":["منذ ",{"t":"idOrVar","v":"value"}," دقيقة"]},"$x":[{"t":"idOrVar","v":"plural"},"value"]},{"$i":"hours-ago-long","$v":{"zero":"الآن","one":"منذ ساعة","two":["منذ ",{"t":"idOrVar","v":"value"}," ساعات"],"few":["قبل ",{"t":"idOrVar","v":"value"}," ساعات"],"many":["قبل ",{"t":"idOrVar","v":"value"}," ساعة"],"other":["قبل ",{"t":"idOrVar","v":"value"}," ساعة"]},"$x":[{"t":"idOrVar","v":"plural"},"value"]},{"$i":"days-ago-long","$v":{"zero":"اليوم","one":"أمس","two":["منذ ",{"t":"idOrVar","v":"value"}," يوم"],"few":["منذ ",{"t":"idOrVar","v":"value"}," أيام"],"many":["منذ ",{"t":"idOrVar","v":"value"}," يوم"],"other":["منذ ",{"t":"idOrVar","v":"value"}," يوم"]},"$x":[{"t":"idOrVar","v":"plural"},"value"]},{"$i":"weeks-ago-long","$v":{"zero":"هذا الأسبوع","one":"الأسبوع الماضي","two":["منذ ",{"t":"idOrVar","v":"value"}," أسبوع"],"few":["منذ ",{"t":"idOrVar","v":"value"}," أسابيع"],"many":["منذ ",{"t":"idOrVar","v":"value"}," أسبوع"],"other":["منذ ",{"t":"idOrVar","v":"value"}," أسبوع"]},"$x":[{"t":"idOrVar","v":"plural"},"value"]},{"$i":"months-ago-long","$v":{"zero":"هذا الشهر","one":"الشهر الماضي","two":["منذ ",{"t":"idOrVar","v":"value"}," أشهر"],"few":["منذ ",{"t":"idOrVar","v":"value"}," أشهر"],"many":["منذ ",{"t":"idOrVar","v":"value"}," شهر"],"other":["منذ ",{"t":"idOrVar","v":"value"}," شهر"]},"$x":[{"t":"idOrVar","v":"plural"},"value"]},{"$i":"years-ago-long","$v":{"zero":"هذه السنة","one":"السنة الماضية","two":["منذ ",{"t":"idOrVar","v":"value"}," سنة"],"few":["منذ ",{"t":"idOrVar","v":"value"}," سنوات"],"many":["منذ ",{"t":"idOrVar","v":"value"}," سنة"],"other":["منذ ",{"t":"idOrVar","v":"value"}," سنة"]},"$x":[{"t":"idOrVar","v":"plural"},"value"]},{"$i":"minutes-until-long","$v":{"zero":"الآن","one":"خلال دقيقة","two":["خلال ",{"t":"idOrVar","v":"value"}," دقيقة"],"few":["خلال ",{"t":"idOrVar","v":"value"}," دقائق"],"many":["خلال ",{"t":"idOrVar","v":"value"}," دقيقة"],"other":["خلال ",{"t":"idOrVar","v":"value"}," دقيقة"]},"$x":[{"t":"idOrVar","v":"plural"},"value"]},{"$i":"hours-until-long","$v":{"zero":"الآن","one":"خلال ساعة","two":["خلال ",{"t":"idOrVar","v":"value"}," ساعات"],"few":["خلال ",{"t":"idOrVar","v":"value"}," ساعات"],"many":["خلال ",{"t":"idOrVar","v":"value"}," ساعة"],"other":["خلال ",{"t":"idOrVar","v":"value"}," ساعة"]},"$x":[{"t":"idOrVar","v":"plural"},"value"]},{"$i":"days-until-long","$v":{"zero":"اليوم","one":"غداً","two":["خلال ",{"t":"idOrVar","v":"value"}," يوم"],"few":["خلال ",{"t":"idOrVar","v":"value"}," أيام"],"many":["خلال ",{"t":"idOrVar","v":"value"}," يوم"],"other":["خلال ",{"t":"idOrVar","v":"value"}," يوم"]},"$x":[{"t":"idOrVar","v":"plural"},"value"]},{"$i":"weeks-until-long","$v":{"zero":"هذا الأسبوع","one":"الأسبوع القادم","two":["خلال ",{"t":"idOrVar","v":"value"}," أسابيع"],"few":["خلال ",{"t":"idOrVar","v":"value"}," أسابيع"],"many":["خلال ",{"t":"idOrVar","v":"value"}," أسبوع"],"other":["خلال ",{"t":"idOrVar","v":"value"}," أسبوع"]},"$x":[{"t":"idOrVar","v":"plural"},"value"]},{"$i":"months-until-long","$v":{"zero":"هذا الشهر","one":"الشهر القادم","two":["خلال ",{"t":"idOrVar","v":"value"}," أشهر"],"few":["خلال ",{"t":"idOrVar","v":"value"}," أشهر"],"many":["خلال ",{"t":"idOrVar","v":"value"}," شهر"],"other":["خلال ",{"t":"idOrVar","v":"value"}," شهر"]},"$x":[{"t":"idOrVar","v":"plural"},"value"]},{"$i":"years-until-long","$v":{"zero":"هذه السنة","one":"السنة القادمة","two":["خلال ",{"t":"idOrVar","v":"value"}," سنين"],"few":["خلال ",{"t":"idOrVar","v":"value"}," سنوات"],"many":["خلال ",{"t":"idOrVar","v":"value"}," سنة"],"other":["خلال ",{"t":"idOrVar","v":"value"}," سنة"]},"$x":[{"t":"idOrVar","v":"plural"},"value"]},{"$i":"minutes-ago-short","$v":{"zero":"الآن","other":["منذ ",{"t":"idOrVar","v":"value"}," دقيقة"]},"$x":[{"t":"idOrVar","v":"plural"},"value"]},{"$i":"hours-ago-short","$v":{"zero":"الآن","other":["منذ ",{"t":"idOrVar","v":"value"}," س"]},"$x":[{"t":"idOrVar","v":"plural"},"value"]},{"$i":"days-ago-short","$v":{"zero":"اليوم","other":["منذ ",{"t":"idOrVar","v":"value"}," ي"]},"$x":[{"t":"idOrVar","v":"plural"},"value"]},{"$i":"minutes-until-short","$v":{"zero":"الآن","other":["خلال ",{"t":"idOrVar","v":"value"}," د"]},"$x":[{"t":"idOrVar","v":"plural"},"value"]},{"$i":"hours-until-short","$v":{"zero":"الآن","other":["خلال ",{"t":"idOrVar","v":"value"}," س"]},"$x":[{"t":"idOrVar","v":"plural"},"value"]},{"$i":"days-until-short","$v":{"zero":"اليوم","other":["خلال ",{"t":"idOrVar","v":"value"}," ي"]},"$x":[{"t":"idOrVar","v":"plural"},"value"]},{"$i":"incorrectDate","$v":"(تاريخ غير صحيح)"},{"$i":"dateTimeFormat_%c","$v":"%a %e %b %Y %I:%M:%S %p"},{"$i":"dateTimeFormat_%x","$v":"%d/%m/%Y"},{"$i":"dateTimeFormat_%X","$v":"%I:%M:%S %p"},{"$i":"shortTimeFormat","$v":"%I:%M %p"},{"$i":"shortTimeFormat12","$v":"%I:%M %p"},{"$i":"shortTimeFormat24","$v":"%H:%M"},{"$i":"shortDateTimeFormat","$v":"%x %I:%M %p"},{"$i":"weekStartsOnMonday","$v":"0"},{"$i":"firstDayOfTheWeek","$v":"0"},{"$i":"time_am","$v":"ص"},{"$i":"time_pm","$v":"م"},{"$i":"title-app","$v":"أذونات التطبيقات"},{"$i":"title-web","$v":"أذونات مواقع الوِب"},{"$i":"title-cam","$v":"اختر الكاميرا"},{"$i":"perm-alarms","$v":"جدولة مُنبّهات"},{"$i":"perm-audio-capture","$v":"استخدام الميكروفون"},{"$i":"perm-audio-capture-appRequest","$v":["هل تريد السماح لـ",{"t":"idOrVar","v":"app"}," باستخدام الميكروفون؟"]},{"$i":"perm-audio-capture-webRequest","$v":["هل تريد السماح لـ",{"t":"idOrVar","v":"site"}," باستخدام الميكروفون؟"]},{"$i":"perm-audio-channel-content","$v":"تشغيل أصوات"},{"$i":"perm-audio-channel-notification","$v":"تشغيل أصوات إشعار"},{"$i":"perm-audio-channel-ringer","$v":"تشغيل نغمات رنين المكالمات"},{"$i":"perm-background-sensors","$v":"الوصول إلى معلومات أجهزة الاستشعار"},{"$i":"perm-bluetooth","$v":"بلوتوث"},{"$i":"perm-browser","$v":"معاينة صفحات الويب"},{"$i":"perm-camera","$v":"الكاميرات"},{"$i":"perm-camera-selector-appRequest","$v":["اختر كاميرا تُستخدم مع ",{"t":"idOrVar","v":"app"},"."]},{"$i":"perm-camera-selector-webRequest","$v":["اختر كاميرا تُستخدم مع ",{"t":"idOrVar","v":"site"},"."]},{"$i":"perm-camera-appRequest","$v":[{"t":"idOrVar","v":"app"}," would like to use your camera."]},{"$i":"perm-camera-webRequest","$v":[{"t":"idOrVar","v":"site"}," would like to use your camera."]},{"$i":"perm-cellbroadcast","$v":"البث الخلوي"},{"$i":"perm-contacts","$v":"جهات الاتصال"},{"$i":"perm-contacts-appRequest","$v":["يريد ",{"t":"idOrVar","v":"app"}," الوصول إلى قائمة جهات الاتّصال في جهازك."]},{"$i":"perm-contacts-webRequest","$v":["يريد ",{"t":"idOrVar","v":"site"}," الوصول إلى قائمة جهات الاتّصال في جهازك."]},{"$i":"perm-desktop-notification","$v":"الإشعارات"},{"$i":"perm-desktop-notification-appRequest","$v":["يريد ",{"t":"idOrVar","v":"app"}," أن يعرض إشعارات على جهازك."]},{"$i":"perm-desktop-notification-webRequest","$v":["يريد ",{"t":"idOrVar","v":"site"}," أن يعرض إشعارات على جهازك."]},{"$i":"perm-device-storage-apps","$v":"مساحه التطبيقات"},{"$i":"perm-device-storage-music","$v":"موضع تخزين الموسيقى"},{"$i":"perm-device-storage-music-appRequest","$v":["يريد ",{"t":"idOrVar","v":"app"}," الوصول إلى الموسيقى في جهازك."]},{"$i":"perm-device-storage-music-webRequest","$v":["يريد ",{"t":"idOrVar","v":"site"}," الوصول إلى الموسيقى في جهازك."]},{"$i":"perm-device-storage-pictures","$v":"موضع تخزين الصور"},{"$i":"perm-device-storage-pictures-appRequest","$v":["يريد ",{"t":"idOrVar","v":"app"}," الوصول إلى الصور في جهازك."]},{"$i":"perm-device-storage-pictures-webRequest","$v":["يريد ",{"t":"idOrVar","v":"site"}," الوصول إلى الصور في جهازك."]},{"$i":"perm-device-storage-sdcard","$v":"تخزين بطاقة الذاكرة"},{"$i":"perm-device-storage-sdcard-appRequest","$v":[{"t":"idOrVar","v":"app"}," يريد الوصول الى بطاقة الذاكرة."]},{"$i":"perm-device-storage-sdcard-webRequest","$v":[{"t":"idOrVar","v":"site"}," يريد الوصول الى بطاقة الذاكرة."]},{"$i":"perm-device-storage-videos","$v":"سعة الڤيديو"},{"$i":"perm-device-storage-videos-appRequest","$v":[{"t":"idOrVar","v":"app"}," يريد الوصول الى ڤيديوهاتك."]},{"$i":"perm-device-storage-videos-webRequest","$v":[{"t":"idOrVar","v":"site"}," يريد الوصول الى ڤيديوهاتك."]},{"$i":"perm-embed-apps","$v":"تضمين تطبيقات"},{"$i":"perm-fmradio","$v":"راديو FM"},{"$i":"perm-fmradio-appRequest","$v":["يريد ",{"t":"idOrVar","v":"app"}," أن يستخدم مذياع إف‌إم."]},{"$i":"perm-fmradio-webRequest","$v":["يريد ",{"t":"idOrVar","v":"site"}," أن يستخدم مذياع إف‌إم."]},{"$i":"perm-geolocation","$v":"تموضع جغرافي"},{"$i":"perm-geolocation-appRequest","$v":["يريد ",{"t":"idOrVar","v":"app"}," أن يعرف مكانك."]},{"$i":"perm-geolocation-more-info","$v":["يستخدم ",{"t":"idOrVar","v":"brandShortName"}," البيانات من جهاز تحديد الموقع الجغرافي والشبكات اللاسلكية وشبكات الهاتف المحمول المحيطة لتحديد مكانك بصورة تقريبيّة. تُرسل البيانات إلى موزيلا ومزوّدين آخر وتُجمع بغرض تحسين قواعد بيانات المواقع الجغرافيّة. قد تُحفظ هذه البيانات على جهازك وقد تُجمع وإن لم يُشغّل أيّ تطبيق."]},{"$i":"perm-geolocation-webRequest","$v":["يريد ",{"t":"idOrVar","v":"site"}," أن يعرف مكانك."]},{"$i":"perm-idle","$v":"اطّلع على تقرير خمول الجهاز"},{"$i":"perm-indexedDB-chrome-settings","$v":"صلاحيات الIndexedDB"},{"$i":"perm-indexedDB-unlimited","$v":"مساحه غير محدوده للIndexedDB"},{"$i":"perm-input-manage","$v":"إدارة لوحات المفاتيح"},{"$i":"perm-input","$v":"العمل كلوحة مفاتيح"},{"$i":"perm-media-capture","$v":"الكاميرا والميكروفون"},{"$i":"perm-media-capture-appRequest","$v":["هل تريد السماح لـ",{"t":"idOrVar","v":"app"}," باستخدام الكاميرا والميكروفون؟"]},{"$i":"perm-media-capture-webRequest","$v":["هل تريد السماح لـ",{"t":"idOrVar","v":"site"}," باستخدام الكاميرا والميكروفون؟"]},{"$i":"perm-mobileconnection","$v":"الاتصال الخلويّ"},{"$i":"perm-mobileid","$v":"هوية المحمول"},{"$i":"perm-network-events","$v":"أحداث الشبكة"},{"$i":"perm-open-remote-window","$v":"تشغيل إحدى التطبيقات"},{"$i":"perm-permissions","$v":"تغيير أذونات التطبيقات"},{"$i":"perm-power","$v":"إعدادات الطاقة"},{"$i":"perm-settings","$v":"تغيير الإعدادات"},{"$i":"perm-systemXHR","$v":"طلبات عابرة للأصول"},{"$i":"perm-telephony","$v":"المكالمات الهاتفية"},{"$i":"perm-video-capture","$v":"الكاميرا"},{"$i":"perm-video-capture-appRequest","$v":["هل تريد السماح ل‍",{"t":"idOrVar","v":"app"}," باستخدام الكاميرا؟"]},{"$i":"perm-video-capture-webRequest","$v":["هل تريد السماح ل‍",{"t":"idOrVar","v":"site"}," باستخدام الكاميرا؟"]},{"$i":"perm-voicemail","$v":"التحكم بالبريد الصوتي"},{"$i":"perm-webapps-manage","$v":"تثبيت تطبيقات وِب"},{"$i":"perm-wifi-manage","$v":"إداره الشبكة اللاسلكية"},{"$i":"perm-attention","$v":"فتح نوافذ منبثقة مُغطّية"},{"$i":"perm-audio-channel-alarm","$v":"تشغيل أصوات المنبّهات"},{"$i":"perm-audio-channel-normal","$v":"تشغيل أصوات"},{"$i":"perm-audio-channel-publicnotification","$v":"تشغيل أصوات الإشعارات العلنيّة"},{"$i":"perm-audio-channel-telephony","$v":"تشغيل أصوات المكالمة الهاتفية"},{"$i":"perm-backgroundservice","$v":"العمل كخدمة في الخلفية"},{"$i":"perm-device-storage-crashes","$v":"تخزين بيانات انهيار التطبيق"},{"$i":"perm-downloads","$v":"الوصول إلى التنزيلات"},{"$i":"perm-embed-widgets","$v":"تضمين الأدوات المصغّرة"},{"$i":"perm-feature-detection","$v":"الكشف عن ميزة"},{"$i":"perm-firefox-accounts","$v":"حسابات فَيَرفُكس"},{"$i":"perm-mobilenetwork","$v":"شبكة الهاتف المحمول"},{"$i":"perm-moz-attention","$v":"فتح نوافذ منبثقة مُغطّية (moz)"},{"$i":"perm-moz-audio-channel-ringer","$v":"تشغيل نغمات رنين المكالمات (moz)"},{"$i":"perm-moz-audio-channel-telephony","$v":"تشغيل أصوات المكالمة الهاتفية (moz)"},{"$i":"perm-moz-firefox-accounts","$v":"حسابات فَيَرفُكس (moz)"},{"$i":"perm-networkstats-manage","$v":"التحكم بإحصاءات استخدام البيانات"},{"$i":"perm-nfc","$v":"NFC"},{"$i":"perm-nfc-hci-events","$v":"أحداث NFC HCI"},{"$i":"perm-nfc-manager","$v":"إدارة NFC"},{"$i":"perm-phonenumberservice","$v":"خدمات رقم الهاتف"},{"$i":"perm-push","$v":"الواجهة البرمجية لدفع البيانات"},{"$i":"perm-resourcestats-manage","$v":"إحصاءات الموارد"},{"$i":"perm-sms","$v":"إرسال الرسائل القصيرة وقراءتها"},{"$i":"perm-speaker-control","$v":"التحكم بحجم الصوت"},{"$i":"perm-storage","$v":"الوصول إلى أجهزة التخزين"},{"$i":"perm-tcp-socket","$v":"مقابس TCP"},{"$i":"perm-test-permission","$v":"إذن تجريبي"},{"$i":"perm-time","$v":"تعيين التاريخ والوقت"},{"$i":"perm-udp-socket","$v":"مقابس UDP"},{"$i":"perm-wappush","$v":"دفع البيانات عبر واب"},{"$i":"stopped_download_title","$v":"لقد توقف التنزيل"},{"$i":"stopped_download_message","$v":"لقد توقف التنزيل. حاول مرة اخرى؟"},{"$i":"stopped_download_left_button","$v":"ألغِ"},{"$i":"stopped_download_right_button","$v":"أعِد المحاولة"},{"$i":"failed_download_title","$v":"فشل التنزيل"},{"$i":"failed_download_message","$v":["فشل تنزيل ",{"t":"idOrVar","v":"name"},". هل تريد إعادة المحاولة مرة أخرى؟"]},{"$i":"failed_download_left_button","$v":"ألغِ"},{"$i":"failed_download_right_button","$v":"أعِد المحاولة"},{"$i":"stop_download_title","$v":"أوقف التنزيل"},{"$i":"stop_download_message","$v":"هل أنت متأكد أنك تريد إيقاف التنزيل؟"},{"$i":"stop_download_left_button","$v":"لا"},{"$i":"stop_download_right_button","$v":"نعم"},{"$i":"delete_download_title","$v":"احذف"},{"$i":"delete_download_message","$v":["حذف ",{"t":"idOrVar","v":"name"},"؟"]},{"$i":"delete_download_left_button","$v":"ألغِ"},{"$i":"delete_download_right_button","$v":"حذف"},{"$i":"delete_all_download_title","$v":"احذف"},{"$i":"delete_all_download_left_button","$v":"ألغِ"},{"$i":"delete_all_download_right_button","$v":"احذف"},{"$i":"delete_all_download_message","$v":{"zero":"حذف أي ملفات؟","one":"حذف ملف واحد؟","two":["حذف ",{"t":"idOrVar","v":"number"}," ملفات؟"],"few":["حذف ",{"t":"idOrVar","v":"number"}," ملفات؟"],"many":["حذف ",{"t":"idOrVar","v":"number"}," ملف؟"],"other":["حذف ",{"t":"idOrVar","v":"number"}," ملف؟"]},"$x":[{"t":"idOrVar","v":"plural"},"number"]},{"$i":"unsupported_file_type_download_title","$v":"تعذر فتح"},{"$i":"unsupported_file_type_download_message","$v":["لا يوجد برنامج يمكنه فتح ",{"t":"idOrVar","v":"name"},". هل تريد حفظ الملف أم حذفه؟"]},{"$i":"unsupported_file_type_download_left_button","$v":"إبقاء الملف"},{"$i":"unsupported_file_type_download_right_button","$v":"احذف"},{"$i":"file_not_found_download_title","$v":"الملف غير موجود"},{"$i":"file_not_found_download_message","$v":"الملف غير موجود على الجهاز"},{"$i":"file_not_found_download_right_button","$v":"موافق"},{"$i":"unmounted_sdcard_2_download_title","$v":"بطاقة الذاكرة مستخدمة"},{"$i":"unmounted_sdcard_2_download_message","$v":"قم بفصل الهاتف"},{"$i":"unmounted_sdcard_2_download_right_button","$v":"موافق"},{"$i":"no_provider_download_title","$v":"غير قادر على مشاركة"},{"$i":"no_provider_download_message","$v":"لم يتم العثور على مزود"},{"$i":"no_provider_download_right_button","$v":"موافق"},{"$i":"no_memory_download_title","$v":"بطاقة الذاكرة ممتلئة"},{"$i":"no_memory_download_message","$v":"لايوجد مساحة كافية على بطاقة الذاكرة لحفظ التحميل. الرجاء حذف بعض الملفات قبل إعادة التحميل."},{"$i":"no_memory_download_right_button","$v":"موافق"},{"$i":"no_sdcard_found_2_download_title","$v":"بطاقة الذاكرة غير موجودة"},{"$i":"no_sdcard_found_2_download_message","$v":"ادخل بطاقة الذاكرة أو حدد موقع الوسائط الافتراضي في الإعدادات"},{"$i":"no_sdcard_found_2_download_right_button","$v":"موافق"},{"$i":"file_open_error_download_title","$v":"غير قابل للفتح"},{"$i":"file_open_error_download_message","$v":["هناك مشكلة في فتح ",{"t":"idOrVar","v":"name"},". هل تريد حفظ الملف أم حذفه؟"]},{"$i":"file_open_error_download_left_button","$v":"الإحتفاظ بالملف"},{"$i":"file_open_error_download_right_button","$v":"احذف"},{"$i":"restart_download_error","$v":"حدث خطأ عند إعادة بدأ التنزيل. من فضلك أعد التنزيل مرة أخرى."},{"$i":"no-downloads","$v":"لا يوجد تنزيلات"},{"$i":"percentage","$v":[{"t":"idOrVar","v":"percentage"}," %"]},{"$i":"partialResult","$v":[{"t":"idOrVar","v":"partial"}," من ",{"t":"idOrVar","v":"total"}]},{"$i":"summary","$v":[{"t":"idOrVar","v":"date"}," - ",{"t":"idOrVar","v":"status"}]},{"$i":"download-stopped","$v":"متوقف"},{"$i":"download-failed","$v":"فشل التنزيل"},{"$i":"open_downloaded_file","$v":"افتح"},{"$i":"share_downloaded_file","$v":"مُشاركة"},{"$i":"wallpaper_downloaded_file","$v":"تعيين كخلفية"},{"$i":"ringtone_downloaded_file","$v":"تعيين كنغمة رنين"},{"$i":"cancel_downloaded_file","$v":"ألغِ"},{"$i":"voicemailNoNumberTitle","$v":"رقم البريد الصوتي غير متاح"},{"$i":"voicemailNoNumberText","$v":"غير قادر على الاتصال بالبريد الصوتي. اضبط رقم البريد الصوتي لإجراء المكالمة."},{"$i":"voicemailNoNumberSettings","$v":"الإعدادات"},{"$i":"voicemailNoNumberCancel","$v":"ألغِ"},{"$i":"airplaneMode","$v":"وضع الطائرة"},{"$i":"searching","$v":"يبحث…"},{"$i":"noNetwork","$v":"لا يوجد شبكة"},{"$i":"roaming","$v":[{"t":"idOrVar","v":"operator"}," (تجوال)"]},{"$i":"operator-info","$v":[{"t":"idOrVar","v":"carrier"}," ",{"t":"idOrVar","v":"region"}]},{"$i":"emergencyCallsOnly","$v":"مكالمات الطوارئ فقط"},{"$i":"emergencyCallsOnly-unknownSIMState","$v":"(حالة بطاقة SIM غير معروفة)"},{"$i":"emergencyCallsOnly-noSIM","$v":"(لا بطاقة SIM)"},{"$i":"emergencyCallsOnly-pinRequired","$v":"(رمز PIN لبطاقة SIM مطلوب)"},{"$i":"emergencyCallsOnly-pukRequired","$v":"(رمز PUK لبطاقة SIM مطلوب)"},{"$i":"emergencyCallsOnly-networkLocked","$v":"(مقفَل من الشبكة)"},{"$i":"emergencyCallsOnly-serviceProviderLocked","$v":"(مُقفل من مزوّد الخدمة)"},{"$i":"emergencyCallsOnly-corporateLocked","$v":"(مقفل من المؤسّسة)"},{"$i":"emergencyCallsOnly-network1Locked","$v":"(الشبكة1 مقفلة)"},{"$i":"emergencyCallsOnly-network2Locked","$v":"(الشبكة2 مقفلة)"},{"$i":"emergencyCallsOnly-hrpdNetworkLocked","$v":"(شبكة hrpd مقفلة)"},{"$i":"emergencyCallsOnly-ruimCorporateLocked","$v":"(RUIM شركات مقفلة)"},{"$i":"emergencyCallsOnly-ruimServiceProviderLocked","$v":"(مزود الخدمة RUIM مقفل)"},{"$i":"lockscreen-sim-id","$v":["الشريحة ",{"t":"idOrVar","v":"n"}]},{"$i":"charging-no-time","$v":[{"t":"idOrVar","v":"level"},"% Charged"]},{"$i":"charging-minutes","$v":{"zero":[{"t":"idOrVar","v":"level"},"% Charged (",{"t":"idOrVar","v":"minutes"}," mins remaining)"],"one":[{"t":"idOrVar","v":"level"},"% Charged (",{"t":"idOrVar","v":"minutes"}," min remaining)"],"two":[{"t":"idOrVar","v":"level"},"% Charged (",{"t":"idOrVar","v":"minutes"}," mins remaining)"],"few":[{"t":"idOrVar","v":"level"},"% Charged (",{"t":"idOrVar","v":"minutes"}," mins remaining)"],"many":[{"t":"idOrVar","v":"level"},"% Charged (",{"t":"idOrVar","v":"minutes"}," mins remaining)"],"other":[{"t":"idOrVar","v":"level"},"% Charged (",{"t":"idOrVar","v":"minutes"}," mins remaining)"]},"$x":[{"t":"idOrVar","v":"plural"},"minutes"]},{"$i":"charging-hours","$v":{"zero":[{"t":"idOrVar","v":"level"},"% Charged (",{"t":"idOrVar","v":"hours"},"h ",{"t":"idOrVar","v":"minutes"}," mins remaining)"],"one":[{"t":"idOrVar","v":"level"},"% Charged (",{"t":"idOrVar","v":"hours"},"h ",{"t":"idOrVar","v":"minutes"}," min remaining)"],"two":[{"t":"idOrVar","v":"level"},"% Charged (",{"t":"idOrVar","v":"hours"},"h ",{"t":"idOrVar","v":"minutes"}," mins remaining)"],"few":[{"t":"idOrVar","v":"level"},"% Charged (",{"t":"idOrVar","v":"hours"},"h ",{"t":"idOrVar","v":"minutes"}," mins remaining)"],"many":[{"t":"idOrVar","v":"level"},"% Charged (",{"t":"idOrVar","v":"hours"},"h ",{"t":"idOrVar","v":"minutes"}," mins remaining)"],"other":[{"t":"idOrVar","v":"level"},"% Charged (",{"t":"idOrVar","v":"hours"},"h ",{"t":"idOrVar","v":"minutes"}," mins remaining)"]},"$x":[{"t":"idOrVar","v":"plural"},"minutes"]},{"$i":"gaia-menu-cancel","$v":"ألغِ"},{"$i":"resend","$v":"إعادة إرسال"},{"$i":"connecting","$v":"جار الاتصال"},{"$i":"verify","$v":"أكد"},{"$i":"verifying","$v":"جار التأكيد"},{"$i":"verified","$v":"تم التأكيد"},{"$i":"mobileIDExplanation","$v":[{"t":"idOrVar","v":"app_name"}," يريد معرفة والتأكد من رقم الهاتف. الرجاء اختيار ما تريد مشاركته أو أدخل واحدة جديدة."]},{"$i":"verificationCodeExplanation","$v":["لقد تم إرسال الرمز إلى ",{"t":"idOrVar","v":"phone_number"},". سنجرب الاختيار الأوتوماتيكي , ولكن عليك إدخاله يدوياً إذا لم يكن مستخدماً في هذا الجهاز."]},{"$i":"successMessage","$v":["رائع! رقم الهاتف ",{"t":"idOrVar","v":"phone_number"}," تم التحقق منه والان هو متاح على ",{"t":"idOrVar","v":"app_name"},"."]},{"$i":"serverErrorMessage","$v":"خادم التحقق غير متوفر في هذا الوقت. الرجاء التحقق من اتصال الإنترنت الخاص بك، حاول مرة أخرى أو الانتظار بضع دقائق."},{"$i":"timeoutErrorMessage","$v":"يبدو أن هناك مشكلة مع رمز التحقق. حاول مرة أخرى!"},{"$i":"errorTitle","$v":"هوية الهاتف"},{"$i":"addPhoneNumber","$v":"أو إضافة رقم هاتفك"},{"$i":"selectPhoneNumber","$v":"أو إختار رقم هاتف من القائمة"},{"$i":"network-error-in-app","$v":"لا يوجد اتصّال بالإنترنت الآن."},{"$i":"network-error-launching","$v":[{"t":"idOrVar","v":"name"}," يحتاج إلى الاتصال بالإنترنت."]},{"$i":"server-not-found","$v":"لم يتم العثور على الخادم"},{"$i":"server-not-found-error","$v":["لم يتم العثور على الخادم في ",{"t":"idOrVar","v":"name"},"."]},{"$i":"file-not-found","$v":"لم يتم العثور على الملف"},{"$i":"file-not-found-error","$v":"الجهاز لا يستطيع عرض هذه الصفحة لأنه لا يمكن العثور على الملف."},{"$i":"connection-failed","$v":"تعذر الاتصال"},{"$i":"connection-failed-error","$v":"حدث خطأ في الشبكة أثناء محاولة الوصول إلى الموقع."},{"$i":"invalid-connection","$v":"تعذّر الاتصال"},{"$i":"invalid-connection-error","$v":"حدث خطأ في الشبكة أثناء محاولة الوصول إلى الموقع."},{"$i":"malformed-uri","$v":"العنوان غير فعّال"},{"$i":"malformed-uri-error","$v":"العنوان الذي قمت بإدخاله غير صالح و لا يمكن تحميله."},{"$i":"redirect-loop","$v":"لا يمكن عَرض الصفحة"},{"$i":"redirect-loop-error","$v":"الجهاز لا يستطيع عرض هذه الصفحة لأنه لم يتم إعادة توجيهها بشكل صحيح. حاول عرض هذه الصفحة لاحقاً."},{"$i":"not-cached","$v":"الصفحة منتهية الصلاحية"},{"$i":"not-cached-error","$v":"كإجراء أمني، لا يمكن عرض هذه الصفحة لأنها منتهية الصلاحية."},{"$i":"is-printing-error","$v":"لا يمكن تغيير المستند أثناء الطّباعة أو معاينة الطّباعة."},{"$i":"denied-port-access","$v":"هذا العنوان غير مصرح به"},{"$i":"denied-port-access-error","$v":"هذا العنوان يستخدم منفذًا غير مستخدم لتصفح الوب عادةً. قام الجهاز بإلغاء فتح هذا العنوان من أجل حمايتك."},{"$i":"proxy-resolve-failure","$v":"خطأ في عنوان البروكسي"},{"$i":"proxy-resolve-failure-error","$v":"لا يمكن العثور على البروكسي الذي تم ضبط الجهاز على استخدامه."},{"$i":"proxy-connect-failure","$v":"خطأ في خادم البروكسي"},{"$i":"proxy-connect-failure-error","$v":"البروكسي الذي تم ضبط الجهاز على استخدامه رفض الاتصال."},{"$i":"content-encoding","$v":"لا يمكن عرض الصفحة"},{"$i":"content-encoding-error","$v":"الجهاز غير قادر على عرض الصفحة بسبب حدوث خطأ في ترميز المحتوى."},{"$i":"remote-xul","$v":"الصفحة غير مدعومة"},{"$i":"remote-xul-error","$v":"لا يمكن عرض الصفحة لأنها تستخدم تكنولوجيا غير مدعومة على الجهاز."},{"$i":"phishing-blocked","$v":"تحذير"},{"$i":"phishing-blocked-error","$v":"تم الإبلاغ عن الموقع على أنه موقع خداع، مصمم لخداع المستخدمين ليكشفوا معلوماتهم الشخصية والمالية."},{"$i":"malware-blocked","$v":"تم حجب هجوم البرمجيات الخبيثة"},{"$i":"malware-blocked-error","$v":"تم الإبلاغ عن الموقع على أنه موقع هجوم، لذلك تم منع الدخول إلى هذا الموقع."},{"$i":"unsafe-content-type","$v":"المحتوى غير آمن"},{"$i":"unsafe-content-type-error","$v":"لا يمكن فتح هذه الصفحة لأنها قد تكون غير آمنة."},{"$i":"corrupted-content","$v":"لا يمكن عرض الصفحة"},{"$i":"corrupted-content-error","$v":"تعذر عرض الصفحة بسبب وجود خطأ اثناء نقل البيانات."},{"$i":"try-again","$v":"حاول مرّة أخرى"},{"$i":"check-settings","$v":"تحقق من الإعدادات"}]