[{"$i":"number-selected2","$v":{"zero":"Şḗḗŀḗḗƈŧ","one":[{"t":"idOrVar","v":"n"}," şḗḗŀḗḗƈŧḗḗḓ"],"two":[{"t":"idOrVar","v":"n"}," şḗḗŀḗḗƈŧḗḗḓ"],"few":[{"t":"idOrVar","v":"n"}," şḗḗŀḗḗƈŧḗḗḓ"],"many":[{"t":"idOrVar","v":"n"}," şḗḗŀḗḗƈŧḗḗḓ"],"other":[{"t":"idOrVar","v":"n"}," şḗḗŀḗḗƈŧḗḗḓ"]},"$x":[{"t":"idOrVar","v":"plural"},"n"]},{"$i":"delete-photo?","$v":"Ḓḗḗŀḗḗŧḗḗ ƥħǿǿŧǿǿ?"},{"$i":"delete-video?","$v":"Ḓḗḗŀḗḗŧḗḗ ṽīīḓḗḗǿǿ?"},{"$i":"delete-n-items?","$v":{"zero":"Ƞǿǿŧħīīƞɠ şḗḗŀḗḗƈŧḗḗḓ","one":"Ḓḗḗŀḗḗŧḗḗ şḗḗŀḗḗƈŧḗḗḓ īīŧḗḗḿ?","two":["Ḓḗḗŀḗḗŧḗḗ ",{"t":"idOrVar","v":"n"}," īīŧḗḗḿş?"],"few":["Ḓḗḗŀḗḗŧḗḗ ",{"t":"idOrVar","v":"n"}," īīŧḗḗḿş?"],"many":["Ḓḗḗŀḗḗŧḗḗ ",{"t":"idOrVar","v":"n"}," īīŧḗḗḿş?"],"other":["Ḓḗḗŀḗḗŧḗḗ ",{"t":"idOrVar","v":"n"}," īīŧḗḗḿş?"]},"$x":[{"t":"idOrVar","v":"plural"},"n"]},{"$i":"pickoneimage2","$v":"Şḗḗŀḗḗƈŧ"},{"$i":"cropimage","$v":"Ƈřǿǿƥ"},{"$i":"cancel","$v":"Ƈȧȧƞƈḗḗŀ"},{"$i":"delete","$v":"Ḓḗḗŀḗḗŧḗḗ"},{"$i":"ok","$v":"ǾǿĶ"},{"$i":"edit","$v":"Ḗḗḓīīŧ"},{"$i":"save","$v":"Şȧȧṽḗḗ"},{"$i":"done","$v":"Ḓǿǿƞḗḗ"},{"$i":"exposure","$v":"Ḗḗẋƥǿǿşŭŭřḗḗ"},{"$i":"crop","$v":"Ƈřǿǿƥ"},{"$i":"effects","$v":"Ḗḗƒƒḗḗƈŧş"},{"$i":"borders","$v":"Ɓǿǿřḓḗḗřş"},{"$i":"enhance-on","$v":"Ȧȧŭŭŧǿǿ-ḗḗƞħȧȧƞƈḗḗ ǿǿƞ"},{"$i":"enhance-off","$v":"Ȧȧŭŭŧǿǿ-ḗḗƞħȧȧƞƈḗḗ ǿǿƒƒ"},{"$i":"apply","$v":"Ȧȧƥƥŀẏ"},{"$i":"filters","$v":"Ƒīīŀŧḗḗřş"},{"$i":"original","$v":"Ǿǿřīīɠīīƞȧȧŀ"},{"$i":"blackandwhite","$v":"Ɓ&Ẇ"},{"$i":"sepia","$v":"Şḗḗƥīīȧȧ"},{"$i":"freeform","$v":"Ƒřḗḗḗḗƒǿǿřḿ"},{"$i":"portrait","$v":"Ƥǿǿřŧřȧȧīīŧ"},{"$i":"landscape","$v":"Ŀȧȧƞḓşƈȧȧƥḗḗ"},{"$i":"square","$v":"Şɋŭŭȧȧřḗḗ"},{"$i":"emptygallery2-title","$v":"Ƞǿǿ ƥħǿǿŧǿǿş ǿǿř ṽīīḓḗḗǿǿş"},{"$i":"emptygallery2-text","$v":"Ŭŭşḗḗ ŧħḗḗ Ƈȧȧḿḗḗřȧȧ ȧȧƥƥ ŧǿǿ ɠḗḗŧ şŧȧȧřŧḗḗḓ."},{"$i":"emptygallery2-title-pick","$v":"Ƞǿǿ ƥħǿǿŧǿǿş"},{"$i":"nocard3-title","$v":"Ƞǿǿ ḿḗḗḿǿǿřẏ ƈȧȧřḓ"},{"$i":"nocard4-text","$v":"Īīƞşḗḗřŧ ȧȧ ḿḗḗḿǿǿřẏ ƈȧȧřḓ ŧǿǿ ŭŭşḗḗ ŧħīīş ȧȧƥƥ."},{"$i":"pluggedin2-title","$v":"Ḿḗḗḿǿǿřẏ ƈȧȧřḓ īīƞ ŭŭşḗḗ"},{"$i":"pluggedin2-text","$v":"Ŭŭƞƥŀŭŭɠ ŧħḗḗ ƥħǿǿƞḗḗ ŧǿǿ ŭŭşḗḗ ŧħīīş ȧȧƥƥ."},{"$i":"scanning-title","$v":"Şƈȧȧƞƞīīƞɠ"},{"$i":"scanning-text","$v":"Ŀǿǿǿǿķīīƞɠ ƒǿǿř ƥħǿǿŧǿǿş ȧȧƞḓ ṽīīḓḗḗǿǿş."},{"$i":"upgrade-title","$v":"Ḓȧȧŧȧȧƀȧȧşḗḗ Ŭŭƥɠřȧȧḓḗḗ"},{"$i":"upgrade-text","$v":"Ƥŀḗḗȧȧşḗḗ ẇȧȧīīŧ ẇħīīŀḗḗ Ɠȧȧŀŀḗḗřẏ ŭŭƥḓȧȧŧḗḗş īīŧş ḓȧȧŧȧȧƀȧȧşḗḗ."},{"$i":"share-noprovider","$v":"Ƈȧȧƞ ƞǿǿŧ şħȧȧřḗḗ ŧħīīş īīḿȧȧɠḗḗ ƒīīŀḗḗ ŧẏƥḗḗ."},{"$i":"memorycardfull","$v":"Ƈȧȧƞ ƞǿǿŧ ḗḗḓīīŧ ƥħǿǿŧǿǿş: Ḿḗḗḿǿǿřẏ ƈȧȧřḓ īīş ƒŭŭŀŀ."},{"$i":"imagetoobig","$v":"Īīḿȧȧɠḗḗ īīş ŧǿǿǿǿ ŀȧȧřɠḗḗ ŧǿǿ ḓīīşƥŀȧȧẏ ǿǿƞ ŧħīīş ḓḗḗṽīīƈḗḗ."},{"$i":"imageinvalid","$v":"Īīḿȧȧɠḗḗ īīş īīƞṽȧȧŀīīḓ ǿǿř ƈǿǿřřŭŭƥŧ ȧȧƞḓ ƈȧȧƞƞǿǿŧ ƀḗḗ ḓīīşƥŀȧȧẏḗḗḓ."},{"$i":"saved","$v":[{"t":"idOrVar","v":"filename"}," şȧȧṽḗḗḓ ŧǿǿ Ɠȧȧŀŀḗḗřẏ"]},{"$i":"edit-copy-saved","$v":"Ƞḗḗẇ ƈǿǿƥẏ şȧȧṽḗḗḓ."},{"$i":"overlay-camera-button","$v":"Ɠǿǿ ŧǿǿ Ƈȧȧḿḗḗřȧȧ"},{"$i":"name-label","$v":"Ƞȧȧḿḗḗ"},{"$i":"size-label","$v":"Şīīẑḗḗ"},{"$i":"image-type-label","$v":"Īīḿȧȧɠḗḗ Ŧẏƥḗḗ"},{"$i":"date-taken-label","$v":"Ḓȧȧŧḗḗ Ŧȧȧķḗḗƞ"},{"$i":"resolution-label","$v":"Řḗḗşǿǿŀŭŭŧīīǿǿƞ"},{"$i":"close-button","$v":"Ƈŀǿǿşḗḗ"},{"$i":"byteUnit-B","$v":"Ɓẏŧḗḗş"},{"$i":"byteUnit-KB","$v":"ĶƁ"},{"$i":"byteUnit-MB","$v":"ḾƁ"},{"$i":"byteUnit-GB","$v":"ƓƁ"},{"$i":"gallery","$v":"Ɠȧȧŀŀḗḗřẏ"},{"$i":"preview","$v":"Ƥřḗḗṽīīḗḗẇ"},{"$i":"videoDated","ariaLabel":{"$v":["Ṽīīḓḗḗǿǿ ḓȧȧŧḗḗḓ ",{"t":"idOrVar","v":"timeStamp"}]}},{"$i":"imageDated","ariaLabel":{"$v":["Īīḿȧȧɠḗḗ ḓȧȧŧḗḗḓ ",{"t":"idOrVar","v":"timeStamp"}]}},{"$i":"back-button","ariaLabel":"Ɓȧȧƈķ"},{"$i":"crop-options","ariaLabel":"Ƈřǿǿƥ"},{"$i":"crop-aspect-free","ariaLabel":"Ƈŭŭşŧǿǿḿ ȧȧşƥḗḗƈŧ řȧȧŧīīǿǿ"},{"$i":"crop-aspect-portrait","ariaLabel":"Ƥǿǿřŧřȧȧīīŧ ȧȧşƥḗḗƈŧ řȧȧŧīīǿǿ"},{"$i":"crop-aspect-landscape","ariaLabel":"Ŀȧȧƞḓşƈȧȧƥḗḗ ȧȧşƥḗḗƈŧ řȧȧŧīīǿǿ"},{"$i":"crop-aspect-square","ariaLabel":"Şɋŭŭȧȧřḗḗ ȧȧşƥḗḗƈŧ řȧȧŧīīǿǿ"},{"$i":"crop-aspect-more","ariaLabel":"Ḿǿǿřḗḗ ȧȧşƥḗḗƈŧ řȧȧŧīīǿǿş"},{"$i":"crop-aspect-3x4","$v":"3:4 ƥǿǿřŧřȧȧīīŧ"},{"$i":"crop-aspect-4x3","$v":"4:3 ŀȧȧƞḓşƈȧȧƥḗḗ"},{"$i":"crop-aspect-16x9","$v":"16:9 ŀȧȧƞḓşƈȧȧƥḗḗ"},{"$i":"effect-options","ariaLabel":"Ḗḗƒƒḗḗƈŧ"},{"$i":"effect-none","ariaLabel":"Ƞǿǿƞḗḗ"},{"$i":"effect-bw","ariaLabel":"Ɓŀȧȧƈķ ȧȧƞḓ ẇħīīŧḗḗ"},{"$i":"effect-sepia","ariaLabel":"Şḗḗƥīīȧȧ"},{"$i":"effect-bluesteel","ariaLabel":"Ɓŀŭŭḗḗ şŧḗḗḗḗŀ"},{"$i":"effect-faded","ariaLabel":"Ƒȧȧḓḗḗḓ"},{"$i":"exposure-button","ariaLabel":"Ḗḗẋƥǿǿşŭŭřḗḗ"},{"$i":"crop-button","ariaLabel":"Ƈřǿǿƥ"},{"$i":"effect-button","ariaLabel":"Ḗḗƒƒḗḗƈŧş"},{"$i":"enhance-button","ariaLabel":"Ḗḗƞħȧȧƞƈḗḗ"},{"$i":"camera-button","ariaLabel":"Ƈȧȧḿḗḗřȧȧ"},{"$i":"select-multiple-button","ariaLabel":"Şḗḗŀḗḗƈŧ ḿŭŭŀŧīīƥŀḗḗ"},{"$i":"edit-button","ariaLabel":"Ḗḗḓīīŧ"},{"$i":"share-button","ariaLabel":"Şħȧȧřḗḗ"},{"$i":"info-button","ariaLabel":"Īīƞƒǿǿřḿȧȧŧīīǿǿƞ"},{"$i":"delete-button","ariaLabel":"Ḓḗḗŀḗḗŧḗḗ"},{"$i":"editImagePreview","ariaLabel":"Ḗḗḓīīŧ īīḿȧȧɠḗḗ ƥřḗḗṽīīḗḗẇ"},{"$i":"fileSize","$v":[{"t":"idOrVar","v":"size"}," ",{"t":"idOrVar","v":"unit"}]},{"$i":"imageDescription","ariaLabel":{"$v":[{"t":"idOrVar","v":"orientation"}," īīḿȧȧɠḗḗ, ",{"t":"idOrVar","v":"timestamp"}]}},{"$i":"imageDescriptionNoTimestamp","ariaLabel":{"$v":[{"t":"idOrVar","v":"orientation"}," īīḿȧȧɠḗḗ"]}},{"$i":"videoDescription","ariaLabel":{"$v":[{"t":"idOrVar","v":"orientation"}," ṽīīḓḗḗǿǿ, ",{"t":"idOrVar","v":"timestamp"}]}},{"$i":"videoDescriptionNoTimestamp","ariaLabel":{"$v":[{"t":"idOrVar","v":"orientation"}," ṽīīḓḗḗǿǿ"]}},{"$i":"orientationPortrait","$v":"ƥǿǿřŧřȧȧīīŧ"},{"$i":"orientationLandscape","$v":"ŀȧȧƞḓşƈȧȧƥḗḗ"},{"$i":"playbackPlay","ariaLabel":"Ƥŀȧȧẏ"},{"$i":"playbackPause","ariaLabel":"Ƥȧȧŭŭşḗḗ"},{"$i":"playbackNext","ariaLabel":"Ƞḗḗẋŧ"},{"$i":"playbackPrevious","ariaLabel":"Ƥřḗḗṽīīǿǿŭŭş"},{"$i":"playbackFullscreen","ariaLabel":"Ƒŭŭŀŀşƈřḗḗḗḗƞ"},{"$i":"playbackSeekBar","ariaLabel":{"$v":["Şḗḗḗḗķ ƀȧȧř, ḓŭŭřȧȧŧīīǿǿƞ ",{"t":"idOrVar","v":"duration"}]}},{"$i":"shrinking-tip","$v":"Şẇīīƥḗḗ ŧǿǿ şħȧȧřḗḗ"}]