[{"$i":"firefox-accounts-title","$v":"Contas Firefox"},{"$i":"fxa-next","$v":"Próximo"},{"$i":"fxa-back","$v":"Voltar"},{"$i":"fxa-done","$v":"Concluído"},{"$i":"fxa-ok","$v":"OK"},{"$i":"fxa-connection-error-title","$v":"Não foi possível conectar"},{"$i":"fxa-connection-error-message","$v":"Você pode criar uma conta ou entrar nas Configurações."},{"$i":"fxa-reset-password-error-title","$v":"Redefinir Senha"},{"$i":"fxa-reset-password-error-message","$v":"Você pode redefinir sua senha nas Configurações."},{"$i":"fxa-coppa-failure-error-title","$v":"Não foi possível criar conta"},{"$i":"fxa-coppa-failure-error-message","$v":["Você deve ter uma certa idade para criar uma conta Firefox. ",{"t":"idOrVar","v":"learnmore"}]},{"$i":"fxa-learn-more","$v":"Saiba mais"},{"$i":"fxa-offline-error-title","$v":"Não foi possível conectar"},{"$i":"fxa-offline-error-message","$v":"Por favor conecte-se a uma rede nas Configurações."},{"$i":"fxa-invalid-email-title","$v":"Erro"},{"$i":"fxa-invalid-email-message","$v":"Insira um email válido."},{"$i":"fxa-invalid-password-title","$v":"Senha Inválida"},{"$i":"fxa-invalid-password-message","$v":"Verifique sua senha e tente novamente."},{"$i":"fxa-unknown-error-title","$v":"Não foi possível conectar"},{"$i":"fxa-unknown-error-message","$v":"Sistema indisponível, tente novamente mais tarde."},{"$i":"fxa-connecting","$v":"Conectando"},{"$i":"fxa-enter-email-input","placeholder":"Insira seu email"},{"$i":"fxa-use-email-to-sign-in","$v":"Use seu endereço de email para criar uma conta ou entrar."},{"$i":"fxa-notice","$v":["Ao proceder, eu concordo com os ",{"t":"idOrVar","v":"tos"}," e ",{"t":"idOrVar","v":"pn"}," dos serviços Firefox cloud."]},{"$i":"fxa-tos","$v":"Termos de Serviço"},{"$i":"fxa-pn","$v":"Política de Privacidade"},{"$i":"fxa-create-password-title","$v":"Crie uma Senha"},{"$i":"fxa-enter-password-title","$v":"Digite Sua Senha"},{"$i":"fxa-hello-user","$v":["Olá, ",{"t":"idOrVar","v":"email"}]},{"$i":"fxa-password-refresh","$v":"Por favor, digite a senha da sua conta Firefox para continuar."},{"$i":"fxa-password","placeholder":"Senha"},{"$i":"fxa-forgot-your-password","$v":"Esqueceu sua senha?"},{"$i":"fxa-show-password","$v":"Exibir senha"},{"$i":"fxa-password-length-requirement","$v":"Sua senha deve ter no mínimo 8 caracteres."},{"$i":"fxa-success","$v":"Sucesso!"},{"$i":"fxa-ready-to-go","$v":"Sua Conta Firefox está pronta!"},{"$i":"fxa-use-features","$v":"Agora você pode utilizar recursos como Encontre Meu Dispositivo e aplicativos como o Firefox Marketplace"},{"$i":"fxa-access-manage-account-settings","$v":"No futuro, você pode acessar e gerenciar sua conta nas Configurações."},{"$i":"fxa-confirm-account","$v":"Confirme Sua Conta"},{"$i":"fxa-will-send-email","$v":["Nós enviaremos um email para: ",{"t":"idOrVar","v":"email"}]},{"$i":"fxa-signup-click-verification-link-in-email","$v":"Na próxima vez que você abrir seu email, clique no link de verificação para confirmar sua conta Firefox."},{"$i":"fxa-age-verification","$v":"Verificação de Idade"},{"$i":"fxa-age-earlier","$v":[{"t":"idOrVar","v":"year"}," or earlier"]},{"$i":"fxa-year-of-birth","$v":"Ano de Nascimento"},{"$i":"brandShortName","$v":"B2G OS"},{"$i":"browserBrandShortName","$v":"Web Browser"},{"$i":"browserBrandFullName","$v":"Mozilla Web Browser"},{"$i":"ringtoneBrandName","$v":"Default"},{"$i":"ringtoneSectionBrandName","$v":"System"},{"$i":"ok","$v":"OK"},{"$i":"back","$v":"Voltar"},{"$i":"help","$v":"Ajuda"},{"$i":"cancel","$v":"Cancelar"},{"$i":"close","$v":"Fechar"},{"$i":"skip","$v":"Pular"},{"$i":"clear","ariaLabel":"Limpar"},{"$i":"enable","$v":"Habilitar"},{"$i":"turnOn","$v":"Ligar"},{"$i":"undo","ariaLabel":"Desfazer"},{"$i":"enterPIN","$v":"Digite o PIN"},{"$i":"mediaPlaybackTrack","ariaLabel":"Track title and artist"},{"$i":"mediaPlaybackControls","ariaLabel":"Controles de reprodução"},{"$i":"mediaPlaybackPrevious","ariaLabel":"Anterior"},{"$i":"mediaPlaybackPlay","ariaLabel":"Tocar"},{"$i":"mediaPlaybackPause","ariaLabel":"Pausar"},{"$i":"mediaPlaybackNext","ariaLabel":"Próximo"},{"$i":"UnknownTrack","$v":"Faixa desconhecida"},{"$i":"wifiButton-on","$v":"Wi-Fi ligado"},{"$i":"wifiButton-on-initializing","$v":"Wi-Fi ligado, inicializando"},{"$i":"wifiButton-off","$v":"Wi-Fi desligado"},{"$i":"dataButton-on","$v":["Dados ",{"t":"idOrVar","v":"type"}," ligado"]},{"$i":"dataButton-off","$v":["Dados ",{"t":"idOrVar","v":"type"}," desligado"]},{"$i":"bluetoothButton-on","$v":"Bluetooth ligado"},{"$i":"bluetoothButton-on-initializing","$v":"Bluetooth ligado, inicializando"},{"$i":"bluetoothButton-off","$v":"Bluetooth desligado"},{"$i":"airplaneMode-on","$v":"Modo avião ativado"},{"$i":"airplaneMode-off","$v":"Modo avião desativado"},{"$i":"settingsButton","ariaLabel":"Configurações"},{"$i":"utilityTray","ariaLabel":"Bandeja de utilitários"},{"$i":"simLabel","$v":["SIM ",{"t":"idOrVar","v":"id"}]},{"$i":"statusbarLabel","$v":[{"t":"idOrVar","v":"date"},", ",{"t":"idOrVar","v":"operator"}]},{"$i":"statusbarDateFormat","$v":"%e de %b"},{"$i":"statusbar","ariaLabel":"Barra de Status"},{"$i":"statusbarBattery","ariaLabel":["Bateria ",{"t":"idOrVar","v":"level"}," porcento"]},{"$i":"statusbarBatteryCharging","ariaLabel":["Bateria ",{"t":"idOrVar","v":"level"}," porcento, carregando"]},{"$i":"statusbarFlightMode","ariaLabel":"Modo avião ativado"},{"$i":"statusbarWiFiConnecting","$v":"Wi-Fi: conectando"},{"$i":"statusbarWiFiConnected","$v":["Wi-Fi: ",{"t":"idOrVar","v":"level"}," de 4 barras"]},{"$i":"statusbarSignal","$v":["rede ",{"t":"idOrVar","v":"operator"},", ",{"t":"idOrVar","v":"level"}," de 5 barras"]},{"$i":"statusbarSignalRoaming","$v":["rede ",{"t":"idOrVar","v":"operator"}," (roaming), ",{"t":"idOrVar","v":"level"}," de 5 barras"]},{"$i":"statusbarSignalNoneSearching","$v":"Procurando... Apenas chamadas de emergência "},{"$i":"statusbarHeadphones","ariaLabel":"Fones de ouvido conectados"},{"$i":"statusbarBluetoothHeadphones","ariaLabel":"Fones de ouvido Bluetooth conectados"},{"$i":"statusbarBluetoothTransferring","ariaLabel":"Transferência via Bluetooth ativa"},{"$i":"statusbarIconOn-tethering","$v":"Compartilhamento USB ligado"},{"$i":"statusbarIconOnActive-tethering","$v":"Compartilhamento USB ligado, ativo"},{"$i":"statusbarAlarm","ariaLabel":"Alarme ligado"},{"$i":"statusbarIconOn-bluetooth","$v":"Bluetooth desligado"},{"$i":"statusbarIconOnActive-bluetooth","$v":"Bluetooth ligado, ativo"},{"$i":"statusbarIconOn-mute","$v":"Mudo"},{"$i":"statusbarIconOn-vibration","$v":"Vibração ativada"},{"$i":"statusbarRecording","ariaLabel":"Gravando"},{"$i":"statusbarGeolocation","ariaLabel":"Geolocalização ativada"},{"$i":"statusbarUsb","ariaLabel":"USB ativado"},{"$i":"statusbarForwarding","$v":"Redirecionamento de chamada ativado"},{"$i":"statusbarPlaying","ariaLabel":"Tocando mídia"},{"$i":"statusbarNfc","ariaLabel":"NFC ativado"},{"$i":"statusbarDownloads","ariaLabel":"Baixando..."},{"$i":"statusbarNetworkActivity","ariaLabel":"Rede ativada"},{"$i":"statusbarEmergencyCBNotification","ariaLabel":"Retorno de chamada de emergência"},{"$i":"statusbarNotifications","$v":{"one":[{"t":"idOrVar","v":"n"}," Notificação"],"two":[{"t":"idOrVar","v":"n"}," Notificações"],"few":[{"t":"idOrVar","v":"n"}," Notificações"],"many":[{"t":"idOrVar","v":"n"}," Notificações"],"other":[{"t":"idOrVar","v":"n"}," Notificações"]},"$x":[{"t":"idOrVar","v":"plural"},"n"]},{"$i":"statusbarNotifications-unread","ariaLabel":{"$x":[{"t":"idOrVar","v":"plural"},"n"],"$v":{"one":[{"t":"idOrVar","v":"n"}," notificação não lida"],"two":[{"t":"idOrVar","v":"n"}," notificações não lidas"],"few":[{"t":"idOrVar","v":"n"}," notificações não lidas"],"many":[{"t":"idOrVar","v":"n"}," notificações não lidas"],"other":[{"t":"idOrVar","v":"n"}," notificações não lidas"]}}},{"$i":"notifications","$v":"Notificações"},{"$i":"clear-all","$v":"Limpar tudo"},{"$i":"attentionScreen-tapToShow","$v":"Toque para exibir"},{"$i":"newVoicemails","$v":{"zero":"Nenhuma mensagem de voz","one":"Uma mensagem de voz nova","two":[{"t":"idOrVar","v":"n"}," novas mensagens de voz"],"few":[{"t":"idOrVar","v":"n"}," novas mensagens de voz"],"many":[{"t":"idOrVar","v":"n"}," novas mensagens de voz"],"other":[{"t":"idOrVar","v":"n"}," novas mensagens de voz"]},"$x":[{"t":"idOrVar","v":"plural"},"n"]},{"$i":"newVoicemailsUnknown","$v":"Novas mensagens de voz"},{"$i":"dialNumber","$v":["Chamar ",{"t":"idOrVar","v":"number"}]},{"$i":"voicemailNotificationMultiSim","$v":["(SIM ",{"t":"idOrVar","v":"n"},") ",{"t":"idOrVar","v":"title"}]},{"$i":"euRoamingNotificationTitle","$v":"Internet EU detectada"},{"$i":"euRoamingNotificationMsg","$v":"Toque para mudar."},{"$i":"confirmNFCConnectBTenabledNameUnknown","$v":"Tem certeza que deseja conectar-se ao dispositivo?"},{"$i":"confirmNFCConnectBTdisabledNameUnknown","$v":"Habilitar Bluetooth e conectar-se ao dispositivo?"},{"$i":"confirmNFCConnectBTenabledNameKnown","$v":["Tem certeza que deseja conectar-se com ",{"t":"idOrVar","v":"deviceName"},"?"]},{"$i":"confirmNFCConnectBTdisabledNameKnown","$v":["Habilitar Bluetooth e conectar-se com ",{"t":"idOrVar","v":"deviceName"},"?"]},{"$i":"confirmNFCConnectBTdisabled","$v":"Habilitar"},{"$i":"dismissNFCConnectBTdisabled","$v":"Cancelar"},{"$i":"confirmation","$v":"Confirmação"},{"$i":"deviceMenu","$v":"Telefone"},{"$i":"airplane","$v":"Ativar modo avião"},{"$i":"airplaneOff","$v":"Desativar modo avião"},{"$i":"silent","$v":"Silenciar chamadas"},{"$i":"normal","$v":"Tocar chamadas"},{"$i":"restart","$v":"Reiniciar"},{"$i":"power","$v":"Desligar"},{"$i":"no-recent-app-windows","$v":"Seus janelas de aplicativos recentes aparecem aqui"},{"$i":"no-recent-browser-windows","$v":"Suas janelas recentes do browser aparecem aqui"},{"$i":"closeCard","ariaLabel":"Fechar"},{"$i":"openCard","ariaLabel":"Abrir"},{"$i":"yes","$v":"Sim"},{"$i":"no","$v":"Não"},{"$i":"dontallow","$v":"Não permitir"},{"$i":"allow","$v":"Permitir"},{"$i":"dontshare-geolocation","$v":"Não compartilhar"},{"$i":"share-geolocation","$v":"Compartilhar"},{"$i":"dontshare-audio-capture","$v":"Não compartilhar"},{"$i":"share-audio-capture","$v":"Compartilhar"},{"$i":"dontshare-video-capture","$v":"Não compartilhar"},{"$i":"share-video-capture","$v":"Compartilhar"},{"$i":"dontshare-media-capture","$v":"Não compartilhar"},{"$i":"share-media-capture","$v":"Compartilhar"},{"$i":"device-front","$v":"Câmera frontal"},{"$i":"device-back","$v":"Câmera traseira"},{"$i":"remember-my-choice","$v":"Memorizar minha decisão"},{"$i":"more-info","$v":"Mais informações…"},{"$i":"hide-info","$v":"Esconder informações"},{"$i":"install-app","$v":["Instalar ",{"t":"idOrVar","v":"name"},"?"]},{"$i":"size","$v":"Tamanho"},{"$i":"author","$v":"Autor"},{"$i":"size-unknown","$v":"Desconhecido"},{"$i":"author-unknown","$v":"Desconhecido"},{"$i":"install","$v":"Instalar"},{"$i":"bytes","$v":"bytes"},{"$i":"kB","$v":"KB"},{"$i":"MB","$v":"MB"},{"$i":"GB","$v":"GB"},{"$i":"TB","$v":"TB"},{"$i":"PB","$v":"PB"},{"$i":"app-install-generic-error","$v":["O download de ",{"t":"idOrVar","v":"appName"}," parou"]},{"$i":"app-install-download-failed","$v":["O download de ",{"t":"idOrVar","v":"appName"}," falhou"]},{"$i":"app-install-install-failed","$v":["A instalação de ",{"t":"idOrVar","v":"appName"}," falhou"]},{"$i":"cancelling-will-not-refund","$v":"Cancelar o download não reembolsará sua compra. Reembolsos de conteúdos pagos são realizados pelo vendedor."},{"$i":"apps-can-be-installed-later","$v":"Os aplicativos podem ser instalados mais tarde na fonte de instalação original."},{"$i":"are-you-sure-you-want-to-cancel","$v":"Tem certeza de que deseja cancelar esta instalação?"},{"$i":"cancel-install","$v":"Cancelar instalação"},{"$i":"cancel-install-button","$v":"Cancelar Instalação"},{"$i":"resume","$v":"Continuar"},{"$i":"continue","$v":"Continuar"},{"$i":"stopDownloading","$v":["Parar o download de ",{"t":"idOrVar","v":"app"},"?"]},{"$i":"app-download-can-be-restarted","$v":"O download poderá ser reiniciado mais tarde."},{"$i":"app-download-stop-button","$v":"Parar download"},{"$i":"not-enough-space","$v":"Não há espaço suficiente"},{"$i":"not-enough-space-message","$v":"Não há espaço suficiente para instalar esse aplicativo. Libere espaço apagando aplicativos antigos ou mídias e tente instalá-lo novamente."},{"$i":"app-install-success","$v":[{"t":"idOrVar","v":"appName"}," instalado"]},{"$i":"langpack-install-success2","$v":[{"t":"idOrVar","v":"appName"}," installed. Go to Settings > Language to enable it."]},{"$i":"setup","$v":"Configurar"},{"$i":"ime-addkeyboards","$v":"Adicionar teclados"},{"$i":"later","$v":"Mais tarde"},{"$i":"download","$v":"Baixar"},{"$i":"wantToDownload","$v":"Baixar atualização agora?"},{"$i":"wantToInstallNow","$v":"Instalar atualização agora? Você não será capaz de usar o telefone por alguns minutos."},{"$i":"installNow","$v":"Instalar agora"},{"$i":"notNow","$v":"Agora não"},{"$i":"downloadingUpdateMessage","innerHTML":["Baixando atualizações… <span>",{"t":"idOrVar","v":"progress"}," baixados.</span>"]},{"$i":"downloadingAppMessage","$v":["Baixando ",{"t":"idOrVar","v":"appName"}]},{"$i":"downloadingAppProgressNoMax","$v":[{"t":"idOrVar","v":"progress"}," baixados"]},{"$i":"downloadingAppProgressIndeterminate","$v":"Baixando"},{"$i":"downloadingAppProgress","$v":[{"t":"idOrVar","v":"progress"}," baixados de ",{"t":"idOrVar","v":"max"}]},{"$i":"cancelAllDownloads","$v":"Cancelar todos os downloads"},{"$i":"wantToCancelAll","$v":"Tem certeza de que quer cancelar todos os downloads?"},{"$i":"downloadError","$v":"Ocorreu um erro ao baixar as atualizações."},{"$i":"updateAvailableInfo","innerHTML":{"$x":[{"t":"idOrVar","v":"plural"},"n"],"$v":{"one":[{"t":"idOrVar","v":"n"}," atualização disponível. <span>Toque para mais informações.</span>"],"two":[{"t":"idOrVar","v":"n"}," atualizações disponíveis. <span>Toque para mais informações.</span>"],"few":[{"t":"idOrVar","v":"n"}," atualizações disponíveis. <span>Toque para mais informações.</span>"],"many":[{"t":"idOrVar","v":"n"}," atualizações disponíveis. <span>Toque para mais informações.</span>"],"other":[{"t":"idOrVar","v":"n"}," atualizações disponíveis. <span>Toque para mais informações.</span>"]}}},{"$i":"numberOfUpdates","$v":{"one":[{"t":"idOrVar","v":"n"}," atualização disponível"],"two":[{"t":"idOrVar","v":"n"}," atualizações disponíveis"],"few":[{"t":"idOrVar","v":"n"}," atualizações disponíveis"],"many":[{"t":"idOrVar","v":"n"}," atualizações disponíveis"],"other":[{"t":"idOrVar","v":"n"}," atualizações disponíveis"]},"$x":[{"t":"idOrVar","v":"plural"},"n"]},{"$i":"systemUpdate","$v":"Atualização do sistema"},{"$i":"systemUpdateReady","$v":"Atualização do sistema pronta"},{"$i":"systemUpdateLowBatteryThreshold","$v":["Você precisa de pelo menos ",{"t":"idOrVar","v":"threshold"},"% de bateria para instalar a atualização."]},{"$i":"required","$v":"Obrigatória"},{"$i":"uncompressingMessage","innerHTML":"Descompactando… <span>Isso pode levar alguns minutos.</span>"},{"$i":"downloadWifiPrioritizedUsing2G","$v":"Atualizações são baixadas via conexão de dados quando o Wi-Fi não está disponível. Ao utilizar conexão de dados, ligações podem ser bloqueadas e custos adicionais podem ocorrer."},{"$i":"downloadWifiPrioritized3","$v":"Atualizações são baixadas via conexão de dados quando Wi-Fi não está disponível. Taxas adicionais podem ser cobradas."},{"$i":"downloadNoWifiWarning","$v":"Wi-Fi indisponível. Atualizar com a conexão atual pode gerar custos adicionais."},{"$i":"downloadOfflineWarning2","$v":"Conecte-se a uma rede para baixar atualizações."},{"$i":"downloadUpdatesViaDataConnection","$v":"Baixar atualizações via conexão de dados?"},{"$i":"downloadUpdatesVia2GForbidden3","$v":"Transferir atualizações não é possível em conexões lerdas (2G). Conecte-se via Wi-Fi ou 3G (se disponível) e tente novamente."},{"$i":"downloadUpdatesViaDataConnectionMessage3","$v":"Ao utilizar conexões de dados, taxas adicionais podem ser cobradas. Deseja continuar?"},{"$i":"downloadUpdatesViaDataRoamingConnection","$v":"Baixar atualizações via conexão de dados?"},{"$i":"downloadUpdatesViaDataRoamingConnectionMessage","$v":"Você atualmente está fora da área de cobertura e custos adicionais podem ser aplicados. Deseja continuar?"},{"$i":"screenshotSaved","$v":"Captura de tela salva"},{"$i":"screenshotFailed","$v":"A captura de tela não pôde ser salva"},{"$i":"screenshotNoSDCard","$v":"Nenhum cartão de memória encontrado"},{"$i":"screenshotSDCardInUse","$v":"O cartão de memória está em uso"},{"$i":"screenshotSDCardLow","$v":"Não há espaço suficiente no cartão de memória"},{"$i":"logsSaved","$v":"Registros salvos no armazenamento"},{"$i":"logsSaveError","$v":"Erro ao salvar logs"},{"$i":"logsSaving","$v":"Obtendo logs..."},{"$i":"logsOperationFailed","$v":["A operação ",{"t":"idOrVar","v":"operation"}," falhou."]},{"$i":"logsGenericError","$v":"Ocorreu um erro inesperado."},{"$i":"logsSDCardMaybeShared","$v":"Garanta que seu cartão SD não está compartilhado com seu computador."},{"$i":"emergency-call-button","$v":"Chamada de Emergência"},{"$i":"emergency-call","$v":"Chamada de Emergência"},{"$i":"unlock-a11y-button","ariaLabel":"Desbloquear"},{"$i":"camera-a11y-button","ariaLabel":"Câmera"},{"$i":"longDateFormat","$v":"%A, %e de %B"},{"$i":"panel-passcode","ariaLabel":"Painel de senha"},{"$i":"open-notification","$v":"abrir"},{"$i":"softwareHomeButton","ariaLabel":"Início"},{"$i":"login","$v":"Entrar"},{"$i":"sign-in-to-website","$v":"Identificar-me no site"},{"$i":"username","$v":"Nome de usuário"},{"$i":"password","$v":"Senha"},{"$i":"http-authentication-message2","$v":["O website ",{"t":"idOrVar","v":"host"}," exige que você se identifique."]},{"$i":"error-message","$v":"O aplicativo não está carregando adequadamente"},{"$i":"error-title","$v":"O aplicativo está tendo problemas"},{"$i":"unable-to-connect","$v":"Não foi possível conectar"},{"$i":"tap-to-check-settings","$v":"Toque para verificar as configurações"},{"$i":"delete-title","$v":["Apagar ",{"t":"idOrVar","v":"name"}]},{"$i":"delete-body","$v":[{"t":"idOrVar","v":"name"}," e todos seus dados serão apagados."]},{"$i":"delete","$v":"Remover"},{"$i":"unrecoverable-error-title","$v":"Remover Aplicativo"},{"$i":"unrecoverable-error-body","$v":"Não foi possível instalar aplicativo devido a um erro irrecuperável. Tente baixá-lo novamente. O aplicativo será apagado."},{"$i":"unrecoverable-error-action","$v":"OK"},{"$i":"data-roaming-enabled-title","$v":"Ligar o roaming de dados?"},{"$i":"data-roaming-enabled-warning2","$v":"Para acessar a Internet, é preciso ativar o roaming de dados. Dependendo do seu contrato de serviço, poderá ter custos adicionais. Quer ativar os dados?"},{"$i":"select-time","$v":"Selecionar hora"},{"$i":"choose-option","$v":"Selecionar"},{"$i":"choose-options","$v":"Selecionar"},{"$i":"select-day","$v":"Selecionar dia"},{"$i":"battery-almost-empty3","$v":"Sua bateria está baixa."},{"$i":"plug-in-your-charger","$v":"Por favor, conecte seu carregador."},{"$i":"new-window","$v":"Nova janela"},{"$i":"new-private-window","$v":"Nova janela privativa"},{"$i":"show-windows","$v":"Exibir janelas"},{"$i":"add-to-home-screen","$v":"Adicionar à tela inicial"},{"$i":"share","$v":"Compartilhar"},{"$i":"crash-dialog2-os","$v":["O ",{"t":"idOrVar","v":"brandShortName"}," recuperou-se de um travamento"]},{"$i":"crash-dialog-app","$v":[{"t":"idOrVar","v":"name"}," travou"]},{"$i":"crash-dialog-app-noname","$v":"Something"},{"$i":"crash-dialog-message","$v":"Você gostaria de enviar um relatório de travamento à Mozilla para nos ajudar a corrigir o problema? (Relatórios são enviados somente via Wi-Fi)"},{"$i":"crash-info-link","$v":"O que está incluso em um relatório de travamento?"},{"$i":"crash-always-report","$v":"Sempre enviar um relatório à Mozilla quando um travamento ocorrer."},{"$i":"crash-dont-send","$v":"Não enviar"},{"$i":"crash-end","$v":"Enviar relatório"},{"$i":"crashReports","$v":"Relatórios de travamento"},{"$i":"done","$v":"Concluído"},{"$i":"crash-reports-description-1","$v":"Um relatório de travamento contém alguns detalhes do travamento e do seu aparelho, além de uma cópia do estado do seu aparelho quando ele travou."},{"$i":"crash-reports-description-2","$v":"Isso pode incluir coisas como páginas e aplicativos abertos, texto digitado em formulários e o conteúdo de mensagens abertas, histórico de navegação ou geolocalização usada por algum aplicativo aberto."},{"$i":"crash-reports-description-3-start","$v":"Nós usamos os relatórios de travamentos para tentar corrigir problemas e melhorar nossos produtos. Nós lidamos com suas informações conforme detalhado em nossa"},{"$i":"crash-reports-description-3-privacy","$v":"política de privacidade"},{"$i":"crash-reports-description-3-end","$v":"."},{"$i":"crash-banner-os2","$v":["O ",{"t":"idOrVar","v":"brandShortName"}," travou."]},{"$i":"crash-banner-app","$v":[{"t":"idOrVar","v":"name"}," travou."]},{"$i":"crash-banner-report","$v":"Enviar relatório"},{"$i":"bluetooth-sending-progress","$v":"Enviando tranferência Bluetooth…"},{"$i":"bluetooth-receiving-progress","$v":"Recebendo tranferência Bluetooth…"},{"$i":"acceptFileTransfer","$v":"Aceitar transferência de arquivo via Bluetooth?"},{"$i":"wantToReceiveFile","$v":[{"t":"idOrVar","v":"deviceName"}," gostaria de enviar ",{"t":"idOrVar","v":"fileName"}," (",{"t":"idOrVar","v":"fileSize"},")."]},{"$i":"transfer-confirmation-title","$v":[{"t":"idOrVar","v":"deviceName"}]},{"$i":"transfer-confirmation-description","$v":"Aceitar o pedido de transferência."},{"$i":"byteUnit-B","$v":"Bytes"},{"$i":"byteUnit-KB","$v":"kB"},{"$i":"byteUnit-MB","$v":"MB"},{"$i":"byteUnit-GB","$v":"GB"},{"$i":"byteUnit-TB","$v":"TB"},{"$i":"byteUnit-PB","$v":"PB"},{"$i":"byteUnit-EB","$v":"EB"},{"$i":"byteUnit-ZB","$v":"ZB"},{"$i":"byteUnit-YB","$v":"YB"},{"$i":"fileSize","$v":[{"t":"idOrVar","v":"size"}," ",{"t":"idOrVar","v":"unit"}]},{"$i":"deny","$v":"Não permitir"},{"$i":"transfer","$v":"Receber"},{"$i":"cancelFileTransfer","$v":"Cancelar transferência de arquivo via Bluetooth?"},{"$i":"continueFileTransfer","$v":"Continuar"},{"$i":"transfer-has-started-title","$v":"A transferência começou"},{"$i":"transfer-has-started-description","$v":"Confira o progresso no centro de notificações"},{"$i":"transferFinished-sentSuccessful-title","$v":"Arquivo enviado"},{"$i":"transferFinished-receivedSuccessful-title","$v":"Arquivo recebido"},{"$i":"transferFinished-sentFailed-title","$v":"O arquivo não pôde ser enviado"},{"$i":"transferFinished-receivedFailed-title","$v":"O arquivo não pôde ser recebido"},{"$i":"transferFinished-try-again-description","$v":"Cannot send file right now. Please try again later."},{"$i":"transferReport-title","$v":"Relatório da transferência:"},{"$i":"transferReport-description","$v":[{"t":"idOrVar","v":"numSuccessful"}," arquivos transferidos, ",{"t":"idOrVar","v":"numUnsuccessful"}," arquivos falharam"]},{"$i":"unknown-file","$v":"Arquivo desconhecido"},{"$i":"unknown-device","$v":"Dispositivo desconhecido"},{"$i":"cannotOpenFile","$v":"Não foi possível abrir o arquivo recebido"},{"$i":"unknownMediaTypeToOpenFile","$v":["Não é possível abrir o tipo de arquivo de mídia: ",{"t":"idOrVar","v":"fileName"}]},{"$i":"cannotReceiveFile","$v":"Não foi possível receber o arquivo"},{"$i":"cannotGetStorageState","$v":"Não foi possível obter o estado da memória do aparelho"},{"$i":"sdcard-not-exist2","$v":"Nenhum cartão de memória foi encontrado. Por favor, insira um cartão de memória."},{"$i":"sdcard-in-use","$v":"Não é possível transferir arquivos enquanto o cartão de memória estiver em uso. Por favor, desplugue seu aparelho para receber arquivos."},{"$i":"sdcard-no-space2","$v":"Não foi possível completar a transferência: o cartão de memória está cheio."},{"$i":"unknown-error","$v":"Erro desconhecido"},{"$i":"confirm","$v":"Confirmar"},{"$i":"sdcard-detected-title","$v":"Cartão SD detectado"},{"$i":"sdcard-total-size-body","$v":["Tamanho total: ",{"t":"idOrVar","v":"size"}," ",{"t":"idOrVar","v":"unit"}]},{"$i":"sdcard-unknown-size-then-tap-to-format-body","$v":"Tamanho desconhecido, toque para formatar"},{"$i":"sdcard-removed-title","$v":"Cartão SD removido"},{"$i":"sdcard-removed-ejected-successfully","$v":"Ejetado com sucesso"},{"$i":"sdcard-removed-not-ejected-properly","$v":"Ejetado inadequadamente"},{"$i":"microphone-is-on","$v":"Microfone ligado"},{"$i":"camera-is-on","$v":"Câmera ligada"},{"$i":"media-is-on","$v":"Câmera e microfone ligados"},{"$i":"noSimCard","$v":"Nenhum cartão SIM inserido"},{"$i":"simPin","$v":"PIN do cartão SIM"},{"$i":"pukCode","$v":"Código PUK"},{"$i":"nckCode","$v":"Código NCK"},{"$i":"cckCode","$v":"Código CCK"},{"$i":"spckCode","$v":"Código SPCK"},{"$i":"nck1code","$v":"Código NCK1"},{"$i":"nck2code","$v":"Código NCK2"},{"$i":"hnckcode","$v":"Código HNCK"},{"$i":"rcckcode","$v":"Código RCCK"},{"$i":"rspckcode","$v":"Código RSPCK"},{"$i":"whatIsSimPin","$v":"O que é o PIN do cartão SIM?"},{"$i":"simPinIntro1","$v":"Um código PIN impede o acesso às redes de dados do seu cartão SIM. Quando ativado, qualquer aparelho com um cartão SIM solicitará o código PIN ao ser ligado."},{"$i":"simPinIntro2","$v":"O código PIN do cartão SIM não é o mesmo que o código usado para desbloquear seu aparelho."},{"$i":"changeSimPin","$v":"Alterar PIN"},{"$i":"pinTitle","$v":"Inserir PIN do cartão SIM"},{"$i":"multiSIMpinTitle","$v":["Inserir PIN do cartão SIM ",{"t":"idOrVar","v":"n"}]},{"$i":"pukTitle","$v":"Inserir código PUK"},{"$i":"nckTitle","$v":"Inserir código NCK"},{"$i":"cckTitle","$v":"Inserir código CCK"},{"$i":"spckTitle","$v":"Inserir código SPCK"},{"$i":"nck1Title","$v":"Insira código NCK1"},{"$i":"nck2Title","$v":"Insira código NCK2"},{"$i":"hnckTitle","$v":"Insira código HNCK"},{"$i":"rcckTitle","$v":"Insira código RCCK"},{"$i":"rspckTitle","$v":"Insira código RSPCK"},{"$i":"newpinTitle","$v":"Novo PIN"},{"$i":"inputCodeRetriesLeft","$v":{"one":"última tentativa.","two":["restam ",{"t":"idOrVar","v":"n"}," tentativas."],"few":["restam ",{"t":"idOrVar","v":"n"}," tentativas."],"many":["restam ",{"t":"idOrVar","v":"n"}," tentativas."],"other":["restam ",{"t":"idOrVar","v":"n"}," tentativas."]},"$x":[{"t":"idOrVar","v":"plural"},"n"]},{"$i":"pinErrorMsg","$v":"O PIN está incorreto."},{"$i":"pinAttemptMsg2","$v":{"one":"Você tem mais uma tentativa para inserir o código correto antes de bloquear o cartão SIM.","two":["Você tem ",{"t":"idOrVar","v":"n"}," tentativas para inserir o código correto antes de bloquear o cartão SIM."],"few":["Você tem ",{"t":"idOrVar","v":"n"}," tentativas para inserir o código correto antes de bloquear o cartão SIM."],"many":["Você tem ",{"t":"idOrVar","v":"n"}," tentativas para inserir o código correto antes de bloquear o cartão SIM."],"other":["Você tem ",{"t":"idOrVar","v":"n"}," tentativas para inserir o código correto antes de bloquear o cartão SIM."]},"$x":[{"t":"idOrVar","v":"plural"},"n"]},{"$i":"pinLastChanceMsg","$v":"Esta é a sua última chance de inserir o PIN correto. Caso contrário, você deverá inserir o código PUK para usar esse cartão SIM."},{"$i":"simCardLockedMsg","$v":"O cartão SIM está bloqueado."},{"$i":"enterPukMsg","$v":"Você deve inserir o código PUK do cartão SIM. Consulte a documentação do cartão SIM ou entre em contato com sua operadora para mais informações."},{"$i":"pukErrorMsg","$v":"O código PUK está incorreto."},{"$i":"pukAttemptMsg2","$v":{"one":"Você tem mais uma tentativa para inserir o código correto antes de tornar este cartão SIM permanentemente inutilizável. Consulte a documentação do cartão SIM ou entre em contato com sua operadora para mais informações.","two":["Você tem ",{"t":"idOrVar","v":"n"}," tentativas para inserir o código correto antes de tornar este cartão SIM permanentemente inutilizável. Consulte a documentação do cartão SIM ou entre em contato com sua operadora para mais informações."],"few":["Você tem ",{"t":"idOrVar","v":"n"}," tentativas para inserir o código correto antes de tornar este cartão SIM permanentemente inutilizável. Consulte a documentação do cartão SIM ou entre em contato com sua operadora para mais informações."],"many":["Você tem ",{"t":"idOrVar","v":"n"}," tentativas para inserir o código correto antes de tornar este cartão SIM permanentemente inutilizável. Consulte a documentação do cartão SIM ou entre em contato com sua operadora para mais informações."],"other":["Você tem ",{"t":"idOrVar","v":"n"}," tentativas para inserir o código correto antes de tornar este cartão SIM permanentemente inutilizável. Consulte a documentação do cartão SIM ou entre em contato com sua operadora para mais informações."]},"$x":[{"t":"idOrVar","v":"plural"},"n"]},{"$i":"pukLastChanceMsg","$v":"Esta é a sua última chance de inserir o código PUK correto. Seu cartão SIM se tornará permanentemte inutilizável se você inserir o código PUK errado."},{"$i":"newSimPinMsg","$v":"Criar PIN (deve conter entre 4 e 8 dígitos)"},{"$i":"confirmNewSimPinMsg","$v":"Confirmar novo PIN"},{"$i":"newPinErrorMsg","$v":"Os PINs não correspondem."},{"$i":"nckErrorMsg","$v":"O código NCK está incorreto."},{"$i":"nckAttemptMsg2","$v":{"one":"A solicitação de desbloqueio falhou. Você tem mais uma tentativa para inserir o código correto. Consulte a documentação do seu aparelho ou entre em contato com sua operadora para mais informações.","two":["A solicitação de desbloqueio falhou. Você tem ",{"t":"idOrVar","v":"n"}," tentativas para inserir o código correto. Consulte a documentação do seu aparelho ou entre em contato com sua operadora para mais informações."],"few":["A solicitação de desbloqueio falhou. Você tem ",{"t":"idOrVar","v":"n"}," tentativas para inserir o código correto. Consulte a documentação do seu aparelho ou entre em contato com sua operadora para mais informações."],"many":["A solicitação de desbloqueio falhou. Você tem ",{"t":"idOrVar","v":"n"}," tentativas para inserir o código correto. Consulte a documentação do seu aparelho ou entre em contato com sua operadora para mais informações."],"other":["A solicitação de desbloqueio falhou. Você tem ",{"t":"idOrVar","v":"n"}," tentativas para inserir o código correto. Consulte a documentação do seu aparelho ou entre em contato com sua operadora para mais informações."]},"$x":[{"t":"idOrVar","v":"plural"},"n"]},{"$i":"nckLastChanceMsg","$v":"A solicitação de desbloqueio falhou. Esta é a sua última chance de inserir o código correto. Consulte a documentação do seu aparelho ou entre em contato com sua operadora para mais informações."},{"$i":"activity-pick","$v":"Selecionar de:"},{"$i":"activity-view","$v":"Visualizar com:"},{"$i":"activity-test","$v":"Testar com:"},{"$i":"activity-share","$v":"Compartilhar usando:"},{"$i":"activity-new","$v":"Criar com:"},{"$i":"activity-open","$v":"Abrir com:"},{"$i":"activity-save-bookmark","$v":"Marcar em:"},{"$i":"activity-record","$v":"Gravar de:"},{"$i":"activity-browse","$v":"Navegar com:"},{"$i":"activity-configure","$v":"Configurar com:"},{"$i":"activity-dial","$v":"Ligar de:"},{"$i":"persona-signin","$v":"Entrar"},{"$i":"payment-flow","$v":"Adquirir"},{"$i":"remoteDebuggerMessage","$v":"Um pedido para estabelecer uma conexão remota de debugging foi detectado. Permitir conexão?"},{"$i":"fullscreen-request","$v":[{"t":"idOrVar","v":"origin"}," agora está em tela cheia."]},{"$i":"captive-wifi-available","$v":["A rede ",{"t":"idOrVar","v":"networkName"}," foi encontrada. Conectar-se?"]},{"$i":"ceWarningtitle","$v":"Alerta de volume"},{"$i":"ceWarningcontent","$v":"Para proteger sua audição, evite ouvir som alto por longos períodos de tempo."},{"$i":"notification-powersaving-mode-on-title","$v":"Economia de energia"},{"$i":"notification-powersaving-mode-on-description","$v":"O modo de economia de energia está ativado."},{"$i":"low-device-storage","$v":"Pouco espaço disponível.\\n"},{"$i":"free-space","$v":{"zero":"Não há espaço livre.","one":["Restam menos de ",{"t":"idOrVar","v":"value"}," ",{"t":"idOrVar","v":"unit"},"."],"two":["Restam menos de ",{"t":"idOrVar","v":"value"}," ",{"t":"idOrVar","v":"unit"},"."],"few":["Restam menos de ",{"t":"idOrVar","v":"value"}," ",{"t":"idOrVar","v":"unit"},"."],"many":["Restam menos de ",{"t":"idOrVar","v":"value"}," ",{"t":"idOrVar","v":"unit"},"."],"other":["Restam menos de ",{"t":"idOrVar","v":"value"}," ",{"t":"idOrVar","v":"unit"},"."]},"$x":[{"t":"idOrVar","v":"plural"},"value"]},{"$i":"unknown-free-space","$v":"Espaço livre desconhecido."},{"$i":"system-alert","$v":"Alerta do sistema"},{"$i":"cb-channel","$v":["Canal ",{"t":"idOrVar","v":"channel"}]},{"$i":"cb-etws-warningType-earthquake","$v":"Alerta de Terremoto!"},{"$i":"cb-etws-warningType-tsunami","$v":"Alerta de Tsunami!"},{"$i":"cb-etws-warningType-earthquake-tsunami","$v":"Alerta de Terremoto-Tsunami!"},{"$i":"cb-etws-warningType-test","$v":"Sistema de alerta está sendo testado."},{"$i":"cb-etws-warningType-other","$v":"Alerta de emergência!"},{"$i":"icc-message-maintitle","$v":"Mensagem da operadora"},{"$i":"icc-message-subtitle","$v":["SIM ",{"t":"idOrVar","v":"id"}]},{"$i":"icc-confirmCall-defaultmessage","$v":["Chamar ",{"t":"idOrVar","v":"number"},"?"]},{"$i":"icc-alertMessage-defaultmessage","$v":"Enviando mensagem"},{"$i":"icc-confirmMessage-defaultmessage","$v":"Enviar mensagem?"},{"$i":"icc-notification-title","$v":["SIM ",{"t":"idOrVar","v":"id"}," STK"]},{"$i":"icc-inputbox-maintitle","$v":"STK Query"},{"$i":"icc-inputbox-subtitle","$v":["SIM ",{"t":"idOrVar","v":"id"}]},{"$i":"emergency-callback-mode","$v":"Modo de retorno de chamada de emergência"},{"$i":"emergency-callback-message","$v":"Você não pode realizar chamadas, enviar mensagens ou ficar online porque o modo de retorno de emergência está ligado. Deseja desligá-lo?"},{"$i":"cdma-record-info","$v":"Informações do registro CDMA"},{"$i":"ime-switching-title","$v":[{"t":"idOrVar","v":"appName"},": ",{"t":"idOrVar","v":"name"}]},{"$i":"ime-switching-tip","$v":"Toque para trocar o método de entrada"},{"$i":"shrinking-tip","$v":"Toque e arraste para compartilhar"},{"$i":"download_started","$v":"Download iniciado"},{"$i":"download_stopped","$v":"Download interrompido"},{"$i":"download_downloading","$v":"Baixando..."},{"$i":"download_succeeded","$v":"Download concluído"},{"$i":"download_failed","$v":"Download falhou"},{"$i":"download_text_by_default","$v":[{"t":"idOrVar","v":"name"}]},{"$i":"download_downloading_text_2","$v":[{"t":"idOrVar","v":"percentage"},"% - ",{"t":"idOrVar","v":"name"}]},{"$i":"search-the-web","$v":"Pesquisar na web"},{"$i":"search-or-enter-address","$v":"Pesquise ou insira um endereço","placeholder":"Pesquise ou insira um endereço"},{"$i":"back-button","ariaLabel":"Back"},{"$i":"forward-button","ariaLabel":"Forward"},{"$i":"reload-button","ariaLabel":"Recarregar"},{"$i":"stop-button","ariaLabel":"Parar"},{"$i":"windows-button","ariaLabel":"Show windows"},{"$i":"noHotspotWhenAPMisOnWifiHotspot","$v":"Desative o modo avião para utilizar o compartilhamento Wi-Fi."},{"$i":"apmActivated","$v":"Modo avião ativado"},{"$i":"open-in-new-window","$v":"Abrir em uma nova janela"},{"$i":"open-in-new-private-window","$v":"Abrir em um janela privativa"},{"$i":"add-link-to-home-screen","$v":"Adicionar link à tela inicial"},{"$i":"share-link","$v":"Compartilhar link"},{"$i":"save-image","$v":"Salvar Imagem"},{"$i":"save-video","$v":"Salvar Vídeo"},{"$i":"save-audio","$v":"Salvar Áudio"},{"$i":"save-link","$v":"Salvar arquivo anexado"},{"$i":"share-image","$v":"Compartilhar Imagem"},{"$i":"share-video","$v":"Compartilhar Vídeo"},{"$i":"share-audio","$v":"Compartilhar Áudio"},{"$i":"private-window","$v":"Private Window"},{"$i":"private-window-detail1","$v":"The browser won’t keep any browser history, cookies, or temporary Internet files."},{"$i":"private-window-detail2","$v":"While this device won’t have a record of your browsing history, your Internet service provider can still track the pages you visit."},{"$i":"okCharsLeft","$v":["OK (",{"t":"idOrVar","v":"n"},")"]},{"$i":"accessibility-enableScreenReaderSteps","$v":"Para ativar o leitor de tela, aperte o botão de aumentar volume e depois o botão de diminuir o volume mais três vezes"},{"$i":"accessibility-disableScreenReaderSteps","$v":"Para desativar o leitor de tela, aperte o botão de aumentar volume e depois o botão de diminuir o volume mais três vezes"},{"$i":"accessibility-screenReaderStarted","$v":"Leitor de tela iniciado"},{"$i":"accessibility-screenReaderStopped","$v":"Leitor de tela parado"},{"$i":"accessibility-menubar","$v":"barra de menus"},{"$i":"accessibility-scrollbar","$v":"barra de rolagem"},{"$i":"accessibility-grip","$v":"Grip"},{"$i":"accessibility-alert","$v":"alerta"},{"$i":"accessibility-menupopup","$v":"popup do menu"},{"$i":"accessibility-document","$v":"documento"},{"$i":"accessibility-pane","$v":"painel"},{"$i":"accessibility-dialog","$v":"diálogo"},{"$i":"accessibility-separator","$v":"separador"},{"$i":"accessibility-toolbar","$v":"barra de ferramentas"},{"$i":"accessibility-statusbar","$v":"barra de status"},{"$i":"accessibility-table","$v":"tabela"},{"$i":"accessibility-columnheader","$v":"cabeçalho da coluna"},{"$i":"accessibility-rowheader","$v":"cabeçalho da linha"},{"$i":"accessibility-column","$v":"coluna"},{"$i":"accessibility-row","$v":"linha"},{"$i":"accessibility-cell","$v":"célula"},{"$i":"accessibility-link","$v":"link"},{"$i":"accessibility-list","$v":"lista"},{"$i":"accessibility-listitem","$v":"item da lista"},{"$i":"accessibility-outline","$v":"contorno"},{"$i":"accessibility-outlineitem","$v":"contornar item"},{"$i":"accessibility-pagetab","$v":"tab"},{"$i":"accessibility-propertypage","$v":"página de propriedades"},{"$i":"accessibility-graphic","$v":"gráfico"},{"$i":"accessibility-pushbutton","$v":"botão"},{"$i":"accessibility-checkbutton","$v":"Botão de seleção"},{"$i":"accessibility-radiobutton","$v":"botão de opção"},{"$i":"accessibility-combobox","$v":"caixa de seleção"},{"$i":"accessibility-progressbar","$v":"barra de progresso"},{"$i":"accessibility-slider","$v":"barra deslizante"},{"$i":"accessibility-spinbutton","$v":"Botão giratório"},{"$i":"accessibility-diagram","$v":"diagrama"},{"$i":"accessibility-animation","$v":"animação"},{"$i":"accessibility-equation","$v":"equação"},{"$i":"accessibility-buttonmenu","$v":"menu em botão"},{"$i":"accessibility-whitespace","$v":"espaço em branco"},{"$i":"accessibility-pagetablist","$v":"lista de abas"},{"$i":"accessibility-canvas","$v":"tela"},{"$i":"accessibility-checkmenuitem","$v":"marcar item de menu"},{"$i":"accessibility-label","$v":"rótulo"},{"$i":"accessibility-passwordtext","$v":"texto de senha"},{"$i":"accessibility-radiomenuitem","$v":"botão alternador de item de menu"},{"$i":"accessibility-textcontainer","$v":"container de texto"},{"$i":"accessibility-togglebutton","$v":"botão de alternância"},{"$i":"accessibility-treetable","$v":"tabela de árvores"},{"$i":"accessibility-header","$v":"cabeçalho"},{"$i":"accessibility-footer","$v":"rodapé"},{"$i":"accessibility-paragraph","$v":"parágrafo"},{"$i":"accessibility-entry","$v":"entrada"},{"$i":"accessibility-caption","$v":"legenda"},{"$i":"accessibility-heading","$v":"Titulo"},{"$i":"accessibility-section","$v":"seção"},{"$i":"accessibility-form","$v":"formulário"},{"$i":"accessibility-comboboxlist","$v":"lista de caixa de seleção"},{"$i":"accessibility-comboboxoption","$v":"opção de caixa de combinação"},{"$i":"accessibility-imagemap","$v":"mapa de imagem"},{"$i":"accessibility-listboxoption","$v":"opção"},{"$i":"accessibility-listbox","$v":"caixa de lista"},{"$i":"accessibility-flatequation","$v":"equação plana"},{"$i":"accessibility-gridcell","$v":"célula da grade"},{"$i":"accessibility-note","$v":"nota"},{"$i":"accessibility-figure","$v":"figura"},{"$i":"accessibility-definitionlist","$v":"lista de definição"},{"$i":"accessibility-term","$v":"termo"},{"$i":"accessibility-definition","$v":"definição"},{"$i":"accessibility-textarea","$v":"área de texto"},{"$i":"accessibility-textInputType_date","$v":"data"},{"$i":"accessibility-textInputType_email","$v":"e-mail"},{"$i":"accessibility-textInputType_search","$v":"busca"},{"$i":"accessibility-textInputType_tel","$v":"telefone"},{"$i":"accessibility-textInputType_url","$v":"URL"},{"$i":"accessibility-headingLevel","$v":["Título nível ",{"t":"idOrVar","v":"0"}]},{"$i":"accessibility-listStart","$v":"Primeiro item"},{"$i":"accessibility-listEnd","$v":"Último item"},{"$i":"accessibility-listItemsCount","$v":{"zero":[{"t":"idOrVar","v":"count"}," itens"],"one":["item ",{"t":"idOrVar","v":"count"}],"two":[{"t":"idOrVar","v":"count"}," itens"],"few":[{"t":"idOrVar","v":"count"}," itens"],"many":[{"t":"idOrVar","v":"count"}," itens"],"other":[{"t":"idOrVar","v":"count"}," itens"]},"$x":[{"t":"idOrVar","v":"plural"},"count"]},{"$i":"accessibility-objItemOfN","$v":[{"t":"idOrVar","v":"0"}," de ",{"t":"idOrVar","v":"1"}]},{"$i":"accessibility-banner","$v":"banner"},{"$i":"accessibility-complementary","$v":"complementar"},{"$i":"accessibility-contentinfo","$v":"informação de conteúdo"},{"$i":"accessibility-main","$v":"principal"},{"$i":"accessibility-navigation","$v":"navegação"},{"$i":"accessibility-search","$v":"busca"},{"$i":"accessibility-tblColumnInfo","$v":{"zero":["com ",{"t":"idOrVar","v":"count"}," colunas"],"one":["com ",{"t":"idOrVar","v":"count"}," coluna"],"two":["com ",{"t":"idOrVar","v":"count"}," colunas"],"few":["com ",{"t":"idOrVar","v":"count"}," colunas"],"many":["com ",{"t":"idOrVar","v":"count"}," colunas"],"other":["com ",{"t":"idOrVar","v":"count"}," colunas"]},"$x":[{"t":"idOrVar","v":"plural"},"count"]},{"$i":"accessibility-tblRowInfo","$v":{"zero":["e ",{"t":"idOrVar","v":"count"}," linhas"],"one":["e ",{"t":"idOrVar","v":"count"}," linhas"],"two":["e ",{"t":"idOrVar","v":"count"}," linhas"],"few":["e ",{"t":"idOrVar","v":"count"}," linhas"],"many":["e ",{"t":"idOrVar","v":"count"}," linhas"],"other":["e ",{"t":"idOrVar","v":"count"}," linhas"]},"$x":[{"t":"idOrVar","v":"plural"},"count"]},{"$i":"accessibility-columnInfo","$v":["Coluna ",{"t":"idOrVar","v":"0"}]},{"$i":"accessibility-rowInfo","$v":["Linha ",{"t":"idOrVar","v":"0"}]},{"$i":"accessibility-spansColumns","$v":{"zero":["spans ",{"t":"idOrVar","v":"0"}," columns"],"one":["spans ",{"t":"idOrVar","v":"0"}," column"],"two":["spans ",{"t":"idOrVar","v":"0"}," columns"],"few":["spans ",{"t":"idOrVar","v":"0"}," columns"],"many":["spans ",{"t":"idOrVar","v":"0"}," columns"],"other":["spans ",{"t":"idOrVar","v":"0"}," columns"]},"$x":[{"t":"idOrVar","v":"plural"},"0"]},{"$i":"accessibility-spansRows","$v":{"zero":["expande por ",{"t":"idOrVar","v":"0"}," linhas"],"one":["expande por ",{"t":"idOrVar","v":"0"}," linhas"],"two":["expande por ",{"t":"idOrVar","v":"0"}," linhas"],"few":["expande por ",{"t":"idOrVar","v":"0"}," linhas"],"many":["expande por ",{"t":"idOrVar","v":"0"}," linhas"],"other":["expande por ",{"t":"idOrVar","v":"0"}," linhas"]},"$x":[{"t":"idOrVar","v":"plural"},"0"]},{"$i":"accessibility-jumpAction","$v":"pulado"},{"$i":"accessibility-pressAction","$v":"pressionado"},{"$i":"accessibility-checkAction","$v":"marcado"},{"$i":"accessibility-uncheckAction","$v":"desmarcado"},{"$i":"accessibility-selectAction","$v":"selecionado"},{"$i":"accessibility-unselectAction","$v":"não selecionado"},{"$i":"accessibility-openAction","$v":"aberto"},{"$i":"accessibility-closeAction","$v":"fechado"},{"$i":"accessibility-switchAction","$v":"trocado"},{"$i":"accessibility-clickAction","$v":"clicado"},{"$i":"accessibility-collapseAction","$v":"recolhido"},{"$i":"accessibility-expandAction","$v":"expandido"},{"$i":"accessibility-activateAction","$v":"ativado"},{"$i":"accessibility-cycleAction","$v":"Cíclico"},{"$i":"accessibility-hidden","$v":"oculto"},{"$i":"accessibility-tabLoading","$v":"carregando"},{"$i":"accessibility-tabLoaded","$v":"carregado"},{"$i":"accessibility-tabNew","$v":"nova aba"},{"$i":"accessibility-tabLoadStopped","$v":"carregamento abortado"},{"$i":"accessibility-tabReload","$v":"recarregando"},{"$i":"accessibility-stateChecked","$v":"marcado"},{"$i":"accessibility-stateNotChecked","$v":"desmarcado"},{"$i":"accessibility-statePressed","$v":"pressionado"},{"$i":"accessibility-stateExpanded","$v":"expandido"},{"$i":"accessibility-stateCollapsed","$v":"retraído"},{"$i":"accessibility-stateUnavailable","$v":"indisponível"},{"$i":"accessibility-stateRequired","$v":"obrigatório"},{"$i":"accessibility-stateTraversed","$v":"visitado"},{"$i":"accessibility-stateHasPopup","$v":"tem pop-up"},{"$i":"accessibility-stateSelected","$v":"selecionado"},{"$i":"accessibility-editingMode","$v":"Edição"},{"$i":"accessibility-navigationMode","$v":"Navegação"},{"$i":"accessibility-quicknav_Simple","$v":"Padrão"},{"$i":"accessibility-quicknav_Anchor","$v":"Âncoras"},{"$i":"accessibility-quicknav_Button","$v":"Botões"},{"$i":"accessibility-quicknav_Combobox","$v":"Caixas de seleção"},{"$i":"accessibility-quicknav_Landmark","$v":"Marcos"},{"$i":"accessibility-quicknav_Entry","$v":"Entradas"},{"$i":"accessibility-quicknav_FormElement","$v":"Elementos do Formulário"},{"$i":"accessibility-quicknav_Graphic","$v":"Imagens"},{"$i":"accessibility-quicknav_Heading","$v":"Cabeçalhos"},{"$i":"accessibility-quicknav_ListItem","$v":"Itens da lista"},{"$i":"accessibility-quicknav_Link","$v":"Links"},{"$i":"accessibility-quicknav_List","$v":"Listas"},{"$i":"accessibility-quicknav_PageTab","$v":"Abas da página"},{"$i":"accessibility-quicknav_RadioButton","$v":"Botões de opção"},{"$i":"accessibility-quicknav_Separator","$v":"Separadores"},{"$i":"accessibility-quicknav_Table","$v":"Tabelas"},{"$i":"accessibility-quicknav_Checkbox","$v":"Caixas de seleção"},{"$i":"accessibility-menubarAbbr","$v":"barra de menus"},{"$i":"accessibility-scrollbarAbbr","$v":"barra de rolagem"},{"$i":"accessibility-gripAbbr","$v":"Grip"},{"$i":"accessibility-alertAbbr","$v":"alerta"},{"$i":"accessibility-menupopupAbbr","$v":"Popup do menu"},{"$i":"accessibility-documentAbbr","$v":"documento"},{"$i":"accessibility-paneAbbr","$v":"painel"},{"$i":"accessibility-dialogAbbr","$v":"diálogo"},{"$i":"accessibility-separatorAbbr","$v":"separador"},{"$i":"accessibility-toolbarAbbr","$v":"barra de ferramentas"},{"$i":"accessibility-statusbarAbbr","$v":"barra de status"},{"$i":"accessibility-tableAbbr","$v":"tabela"},{"$i":"accessibility-columnheaderAbbr","$v":"cabeçalho da coluna"},{"$i":"accessibility-rowheaderAbbr","$v":"cabeçalho da linha"},{"$i":"accessibility-columnAbbr","$v":"coluna"},{"$i":"accessibility-rowAbbr","$v":"linha"},{"$i":"accessibility-cellAbbr","$v":"célula"},{"$i":"accessibility-linkAbbr","$v":"link"},{"$i":"accessibility-listAbbr","$v":"lista"},{"$i":"accessibility-listitemAbbr","$v":"item da lista"},{"$i":"accessibility-outlineAbbr","$v":"contorno"},{"$i":"accessibility-outlineitemAbbr","$v":"contornar item"},{"$i":"accessibility-pagetabAbbr","$v":"tabela"},{"$i":"accessibility-propertypageAbbr","$v":"página de propriedades"},{"$i":"accessibility-graphicAbbr","$v":"gráfico"},{"$i":"accessibility-pushbuttonAbbr","$v":"bot"},{"$i":"accessibility-checkbuttonAbbr","$v":"marcar botão"},{"$i":"accessibility-radiobuttonAbbr","$v":"botão de opção"},{"$i":"accessibility-comboboxAbbr","$v":"caixa de seleção"},{"$i":"accessibility-progressbarAbbr","$v":"barra de progresso"},{"$i":"accessibility-sliderAbbr","$v":"barra deslizante"},{"$i":"accessibility-spinbuttonAbbr","$v":"botão do seletor numérico"},{"$i":"accessibility-diagramAbbr","$v":"diagrama"},{"$i":"accessibility-animationAbbr","$v":"animação"},{"$i":"accessibility-equationAbbr","$v":"equação"},{"$i":"accessibility-buttonmenuAbbr","$v":"botão menu"},{"$i":"accessibility-whitespaceAbbr","$v":"espaço em branco"},{"$i":"accessibility-pagetablistAbbr","$v":"lista de abas"},{"$i":"accessibility-canvasAbbr","$v":"tela"},{"$i":"accessibility-checkmenuitemAbbr","$v":"item de menu de seleção"},{"$i":"accessibility-labelAbbr","$v":"rótulo"},{"$i":"accessibility-passwordtextAbbr","$v":"senha"},{"$i":"accessibility-radiomenuitemAbbr","$v":"Item do menu de opção"},{"$i":"accessibility-textcontainerAbbr","$v":"container de texto"},{"$i":"accessibility-togglebuttonAbbr","$v":"botão de alternância"},{"$i":"accessibility-treetableAbbr","$v":"tabela de árvore"},{"$i":"accessibility-headerAbbr","$v":"cabeçalho"},{"$i":"accessibility-footerAbbr","$v":"rodapé"},{"$i":"accessibility-paragraphAbbr","$v":"parágrafo"},{"$i":"accessibility-entryAbbr","$v":"entrada"},{"$i":"accessibility-captionAbbr","$v":"legenda"},{"$i":"accessibility-headingAbbr","$v":"cabeçalho"},{"$i":"accessibility-sectionAbbr","$v":"seção"},{"$i":"accessibility-formAbbr","$v":"formulário"},{"$i":"accessibility-comboboxlistAbbr","$v":"lista da caixa de combinação"},{"$i":"accessibility-comboboxoptionAbbr","$v":"opção da caixa de combinação"},{"$i":"accessibility-imagemapAbbr","$v":"mapa de imagem"},{"$i":"accessibility-listboxoptionAbbr","$v":"opção"},{"$i":"accessibility-listboxAbbr","$v":"Caixa de listagem"},{"$i":"accessibility-flatequationAbbr","$v":"Equação linear"},{"$i":"accessibility-gridcellAbbr","$v":"grid da célula"},{"$i":"accessibility-noteAbbr","$v":"nota"},{"$i":"accessibility-figureAbbr","$v":"fig"},{"$i":"accessibility-definitionlistAbbr","$v":"Lista de definições"},{"$i":"accessibility-termAbbr","$v":"termo"},{"$i":"accessibility-definitionAbbr","$v":"definição"},{"$i":"accessibility-textareaAbbr","$v":"área de texto"},{"$i":"accessibility-tblColumnInfoAbbr","$v":{"one":[{"t":"idOrVar","v":"count"},"c"],"two":[{"t":"idOrVar","v":"count"},"c"],"few":[{"t":"idOrVar","v":"count"},"c"],"many":[{"t":"idOrVar","v":"count"},"c"],"other":[{"t":"idOrVar","v":"count"},"c"]},"$x":[{"t":"idOrVar","v":"plural"},"count"]},{"$i":"accessibility-tblRowInfoAbbr","$v":{"one":[{"t":"idOrVar","v":"count"},"r"],"two":[{"t":"idOrVar","v":"count"},"r"],"few":[{"t":"idOrVar","v":"count"},"r"],"many":[{"t":"idOrVar","v":"count"},"r"],"other":[{"t":"idOrVar","v":"count"},"r"]},"$x":[{"t":"idOrVar","v":"plural"},"count"]},{"$i":"accessibility-cellInfoAbbr","$v":["c",{"t":"idOrVar","v":"0"},"r",{"t":"idOrVar","v":"1"}]},{"$i":"accessibility-stateCheckedAbbr","$v":"(x)"},{"$i":"accessibility-stateUncheckedAbbr","$v":"( )"},{"$i":"accessibility-statePressedAbbr","$v":"(x)"},{"$i":"accessibility-stateUnpressedAbbr","$v":"( )"},{"$i":"accessibility-pushbutton-hint","$v":"Double tap to activate"},{"$i":"accessibility-checkbutton-hint","$v":"Double tap to activate"},{"$i":"accessibility-combobox-hint","$v":"Double tap to activate"},{"$i":"accessibility-key-hint","$v":"Tap and hold to activate"},{"$i":"accessibility-link-hint","$v":"Double tap to activate"},{"$i":"accessibility-menuitem-hint","$v":"Double tap to activate"},{"$i":"accessibility-option-hint","$v":"Double tap to activate"},{"$i":"accessibility-radiobutton-hint","$v":"Double tap to activate"},{"$i":"accessibility-slider-hint","$v":"Swipe up to increase or down to decrease"},{"$i":"accessibility-spinbutton-hint","$v":"Swipe up to increase or down to decrease"},{"$i":"accessibility-pagetab-hint","$v":"Double tap to activate"},{"$i":"accessibility-entry-hint","$v":"Double tap to activate"},{"$i":"accessibility-outlineitem-hint","$v":"Double tap to activate"},{"$i":"weekday-0-long","$v":"Domingo"},{"$i":"weekday-1-long","$v":"Segunda-feira"},{"$i":"weekday-2-long","$v":"Terça-feira"},{"$i":"weekday-3-long","$v":"Quarta-feira"},{"$i":"weekday-4-long","$v":"Quinta-feira"},{"$i":"weekday-5-long","$v":"Sexta-feira"},{"$i":"weekday-6-long","$v":"Sábado"},{"$i":"weekday-0-short","$v":"Dom"},{"$i":"weekday-1-short","$v":"Seg"},{"$i":"weekday-2-short","$v":"Ter"},{"$i":"weekday-3-short","$v":"Qua"},{"$i":"weekday-4-short","$v":"Qui"},{"$i":"weekday-5-short","$v":"Sex"},{"$i":"weekday-6-short","$v":"Sáb"},{"$i":"month-0-long","$v":"Janeiro"},{"$i":"month-1-long","$v":"Fevereiro"},{"$i":"month-2-long","$v":"Março"},{"$i":"month-3-long","$v":"Abril"},{"$i":"month-4-long","$v":"Maio"},{"$i":"month-5-long","$v":"Junho"},{"$i":"month-6-long","$v":"Julho"},{"$i":"month-7-long","$v":"Agosto"},{"$i":"month-8-long","$v":"Setembro"},{"$i":"month-9-long","$v":"Outubro"},{"$i":"month-10-long","$v":"Novembro"},{"$i":"month-11-long","$v":"Dezembro"},{"$i":"month-0-genitive","$v":"Janeiro"},{"$i":"month-1-genitive","$v":"Fevereiro"},{"$i":"month-2-genitive","$v":"Março"},{"$i":"month-3-genitive","$v":"Abril"},{"$i":"month-4-genitive","$v":"Maio"},{"$i":"month-5-genitive","$v":"Junho"},{"$i":"month-6-genitive","$v":"Julho"},{"$i":"month-7-genitive","$v":"Agosto"},{"$i":"month-8-genitive","$v":"Setembro"},{"$i":"month-9-genitive","$v":"Outubro"},{"$i":"month-10-genitive","$v":"Novembro"},{"$i":"month-11-genitive","$v":"Dezembro"},{"$i":"month-0-short","$v":"Jan"},{"$i":"month-1-short","$v":"Fev"},{"$i":"month-2-short","$v":"Mar"},{"$i":"month-3-short","$v":"Abr"},{"$i":"month-4-short","$v":"Mai"},{"$i":"month-5-short","$v":"Jun"},{"$i":"month-6-short","$v":"Jul"},{"$i":"month-7-short","$v":"Ago"},{"$i":"month-8-short","$v":"Set"},{"$i":"month-9-short","$v":"Out"},{"$i":"month-10-short","$v":"Nov"},{"$i":"month-11-short","$v":"Dez"},{"$i":"minutes-ago-long","$v":{"zero":"há pouco","one":"um minuto atrás","two":[{"t":"idOrVar","v":"value"}," minutos atrás"],"few":[{"t":"idOrVar","v":"value"}," minutos atrás"],"many":[{"t":"idOrVar","v":"value"}," minutos atrás"],"other":[{"t":"idOrVar","v":"value"}," minutos atrás"]},"$x":[{"t":"idOrVar","v":"plural"},"value"]},{"$i":"hours-ago-long","$v":{"zero":"há pouco","one":"uma hora atrás","two":[{"t":"idOrVar","v":"value"}," horas atrás"],"few":[{"t":"idOrVar","v":"value"}," horas atrás"],"many":[{"t":"idOrVar","v":"value"}," horas atrás"],"other":[{"t":"idOrVar","v":"value"}," horas atrás"]},"$x":[{"t":"idOrVar","v":"plural"},"value"]},{"$i":"days-ago-long","$v":{"zero":"hoje","one":"ontem","two":[{"t":"idOrVar","v":"value"}," dias atrás"],"few":[{"t":"idOrVar","v":"value"}," dias atrás"],"many":[{"t":"idOrVar","v":"value"}," dias atrás"],"other":[{"t":"idOrVar","v":"value"}," dias atrás"]},"$x":[{"t":"idOrVar","v":"plural"},"value"]},{"$i":"weeks-ago-long","$v":{"zero":"esta semana","one":"semana passada","two":[{"t":"idOrVar","v":"value"}," semanas atrás"],"few":[{"t":"idOrVar","v":"value"}," semanas atrás"],"many":[{"t":"idOrVar","v":"value"}," semanas atrás"],"other":[{"t":"idOrVar","v":"value"}," semanas atrás"]},"$x":[{"t":"idOrVar","v":"plural"},"value"]},{"$i":"months-ago-long","$v":{"zero":"este mês","one":"mês passado","two":[{"t":"idOrVar","v":"value"}," meses atrás"],"few":[{"t":"idOrVar","v":"value"}," meses atrás"],"many":[{"t":"idOrVar","v":"value"}," meses atrás"],"other":[{"t":"idOrVar","v":"value"}," meses atrás"]},"$x":[{"t":"idOrVar","v":"plural"},"value"]},{"$i":"years-ago-long","$v":{"zero":"este ano","one":"ano passado","two":[{"t":"idOrVar","v":"value"}," anos atrás"],"few":[{"t":"idOrVar","v":"value"}," anos atrás"],"many":[{"t":"idOrVar","v":"value"}," anos atrás"],"other":[{"t":"idOrVar","v":"value"}," anos atrás"]},"$x":[{"t":"idOrVar","v":"plural"},"value"]},{"$i":"minutes-until-long","$v":{"zero":"agora","one":"em um minuto","two":["em ",{"t":"idOrVar","v":"value"}," minutos"],"few":["em ",{"t":"idOrVar","v":"value"}," minutos"],"many":["em ",{"t":"idOrVar","v":"value"}," minutos"],"other":["em ",{"t":"idOrVar","v":"value"}," minutos"]},"$x":[{"t":"idOrVar","v":"plural"},"value"]},{"$i":"hours-until-long","$v":{"zero":"agora","one":"em uma hora","two":["em ",{"t":"idOrVar","v":"value"}," horas"],"few":["em ",{"t":"idOrVar","v":"value"}," horas"],"many":["em ",{"t":"idOrVar","v":"value"}," horas"],"other":["em ",{"t":"idOrVar","v":"value"}," horas"]},"$x":[{"t":"idOrVar","v":"plural"},"value"]},{"$i":"days-until-long","$v":{"zero":"hoje","one":"amanhã","two":["em ",{"t":"idOrVar","v":"value"}," dias"],"few":["em ",{"t":"idOrVar","v":"value"}," dias"],"many":["em ",{"t":"idOrVar","v":"value"}," dias"],"other":["em ",{"t":"idOrVar","v":"value"}," dias"]},"$x":[{"t":"idOrVar","v":"plural"},"value"]},{"$i":"weeks-until-long","$v":{"zero":"esta semana","one":"semana que vem","two":["em ",{"t":"idOrVar","v":"value"}," semanas"],"few":["em ",{"t":"idOrVar","v":"value"}," semanas"],"many":["em ",{"t":"idOrVar","v":"value"}," semanas"],"other":["em ",{"t":"idOrVar","v":"value"}," semanas"]},"$x":[{"t":"idOrVar","v":"plural"},"value"]},{"$i":"months-until-long","$v":{"zero":"este mês","one":"mês que vem","two":["em ",{"t":"idOrVar","v":"value"}," meses"],"few":["em ",{"t":"idOrVar","v":"value"}," meses"],"many":["em ",{"t":"idOrVar","v":"value"}," meses"],"other":["em ",{"t":"idOrVar","v":"value"}," meses"]},"$x":[{"t":"idOrVar","v":"plural"},"value"]},{"$i":"years-until-long","$v":{"zero":"este ano","one":"ano que vem","two":["em ",{"t":"idOrVar","v":"value"}," anos"],"few":["em ",{"t":"idOrVar","v":"value"}," anos"],"many":["em ",{"t":"idOrVar","v":"value"}," anos"],"other":["em ",{"t":"idOrVar","v":"value"}," anos"]},"$x":[{"t":"idOrVar","v":"plural"},"value"]},{"$i":"minutes-ago-short","$v":{"zero":"há pouco","other":[{"t":"idOrVar","v":"value"},"min atrás"]},"$x":[{"t":"idOrVar","v":"plural"},"value"]},{"$i":"hours-ago-short","$v":{"zero":"há pouco","other":[{"t":"idOrVar","v":"value"},"h atrás"]},"$x":[{"t":"idOrVar","v":"plural"},"value"]},{"$i":"days-ago-short","$v":{"zero":"hoje","other":[{"t":"idOrVar","v":"value"},"d atrás"]},"$x":[{"t":"idOrVar","v":"plural"},"value"]},{"$i":"minutes-until-short","$v":{"zero":"agora","other":["em ",{"t":"idOrVar","v":"value"},"min"]},"$x":[{"t":"idOrVar","v":"plural"},"value"]},{"$i":"hours-until-short","$v":{"zero":"agora","other":["em ",{"t":"idOrVar","v":"value"},"h"]},"$x":[{"t":"idOrVar","v":"plural"},"value"]},{"$i":"days-until-short","$v":{"zero":"hoje","other":["em ",{"t":"idOrVar","v":"value"},"d"]},"$x":[{"t":"idOrVar","v":"plural"},"value"]},{"$i":"incorrectDate","$v":"(data incorreta)"},{"$i":"dateTimeFormat_%c","$v":"%A, %e de %B de %Y %H h %M min %S s"},{"$i":"dateTimeFormat_%x","$v":"%d/%m/%Y"},{"$i":"dateTimeFormat_%X","$v":"%H h %M min %S s"},{"$i":"shortTimeFormat","$v":"%H:%M"},{"$i":"shortTimeFormat12","$v":"%I:%M %p"},{"$i":"shortTimeFormat24","$v":"%H:%M"},{"$i":"shortDateTimeFormat","$v":"%x %H:%M"},{"$i":"weekStartsOnMonday","$v":"0"},{"$i":"firstDayOfTheWeek","$v":"0"},{"$i":"time_am","$v":"AM"},{"$i":"time_pm","$v":"PM"},{"$i":"title-app","$v":"Permissão do Aplicativo"},{"$i":"title-web","$v":"Permissão do Site"},{"$i":"title-cam","$v":"Selecionar Câmera"},{"$i":"perm-alarms","$v":"Agendar Alarmes"},{"$i":"perm-audio-capture","$v":"Microfone"},{"$i":"perm-audio-capture-appRequest","$v":["Você gostaria de compartilhar seu microfone com ",{"t":"idOrVar","v":"app"},"?"]},{"$i":"perm-audio-capture-webRequest","$v":["Você gostaria de compartilhar seu microfone com ",{"t":"idOrVar","v":"site"},"?"]},{"$i":"perm-audio-channel-content","$v":"Reproduzir Sons"},{"$i":"perm-audio-channel-notification","$v":"Reproduzir Sons de Notificações"},{"$i":"perm-audio-channel-ringer","$v":"Reproduzir Sons de Toque"},{"$i":"perm-background-sensors","$v":"Acessar Dados do Sensor"},{"$i":"perm-bluetooth","$v":"Bluetooth"},{"$i":"perm-browser","$v":"Inspecionar Páginas Web"},{"$i":"perm-camera","$v":"Câmeras"},{"$i":"perm-camera-selector-appRequest","$v":["Selecionar câmera para ",{"t":"idOrVar","v":"app"},"."]},{"$i":"perm-camera-selector-webRequest","$v":["Selecionar câmera para ",{"t":"idOrVar","v":"site"},"."]},{"$i":"perm-camera-appRequest","$v":[{"t":"idOrVar","v":"app"}," would like to use your camera."]},{"$i":"perm-camera-webRequest","$v":[{"t":"idOrVar","v":"site"}," would like to use your camera."]},{"$i":"perm-cellbroadcast","$v":"Transmissões de Celular"},{"$i":"perm-contacts","$v":"Contatos"},{"$i":"perm-contacts-appRequest","$v":[{"t":"idOrVar","v":"app"}," gostaria de acessar sua lista de contatos."]},{"$i":"perm-contacts-webRequest","$v":[{"t":"idOrVar","v":"site"}," gostaria de acessar sua lista de contatos."]},{"$i":"perm-desktop-notification","$v":"Notificações"},{"$i":"perm-desktop-notification-appRequest","$v":[{"t":"idOrVar","v":"app"}," gostaria de exibir notificações."]},{"$i":"perm-desktop-notification-webRequest","$v":[{"t":"idOrVar","v":"site"}," gostaria de exibir notificações."]},{"$i":"perm-device-storage-apps","$v":"Acessar Armazenamento de Aplicativos"},{"$i":"perm-device-storage-music","$v":"Acessar Armazenamento de Músicas"},{"$i":"perm-device-storage-music-appRequest","$v":[{"t":"idOrVar","v":"app"}," gostaria de acessar suas músicas."]},{"$i":"perm-device-storage-music-webRequest","$v":[{"t":"idOrVar","v":"site"}," gostaria de acessar suas músicas."]},{"$i":"perm-device-storage-pictures","$v":"Acessar Armazenamento de Imagens"},{"$i":"perm-device-storage-pictures-appRequest","$v":[{"t":"idOrVar","v":"app"}," gostaria de acessar suas imagens."]},{"$i":"perm-device-storage-pictures-webRequest","$v":[{"t":"idOrVar","v":"site"}," gostaria de acessar suas imagens."]},{"$i":"perm-device-storage-sdcard","$v":"Acessar cartão de memória"},{"$i":"perm-device-storage-sdcard-appRequest","$v":[{"t":"idOrVar","v":"app"}," gostaria de acessar seu cartão de memória."]},{"$i":"perm-device-storage-sdcard-webRequest","$v":[{"t":"idOrVar","v":"site"}," gostaria de acessar seu cartão de memória."]},{"$i":"perm-device-storage-videos","$v":"Acessar Armazenamento de Vídeos"},{"$i":"perm-device-storage-videos-appRequest","$v":[{"t":"idOrVar","v":"app"}," gostaria de acessar seus vídeos."]},{"$i":"perm-device-storage-videos-webRequest","$v":[{"t":"idOrVar","v":"site"}," gostaria de acessar seus vídeos."]},{"$i":"perm-embed-apps","$v":"Incorporar Aplicativos"},{"$i":"perm-fmradio","$v":"Rádio FM"},{"$i":"perm-fmradio-appRequest","$v":[{"t":"idOrVar","v":"app"}," gostaria de usar o rádio FM."]},{"$i":"perm-fmradio-webRequest","$v":[{"t":"idOrVar","v":"site"}," gostaria de usar o rádio FM."]},{"$i":"perm-geolocation","$v":"Geolocalização"},{"$i":"perm-geolocation-appRequest","$v":[{"t":"idOrVar","v":"app"}," gostaria de saber sua localização."]},{"$i":"perm-geolocation-more-info","$v":["O ",{"t":"idOrVar","v":"brandShortName"}," usa dados como GPS, Wi-Fi e redes móveis ao seu redor para ajudar a determinar sua localização aproximada. Os dados são enviados à Mozilla e outros provedores de serviços e serão usados para melhorar essas bases de dados de localização. Os dados podem ser armazenados no seu aparelho e a coleta de dados pode ocorrer até mesmo quando nenhum aplicativo estiver sendo executado."]},{"$i":"perm-geolocation-webRequest","$v":[{"t":"idOrVar","v":"site"}," gostaria de saber sua localização."]},{"$i":"perm-idle","$v":"Ver status de repouso"},{"$i":"perm-indexedDB-chrome-settings","$v":"IndexedDB Privilegiado"},{"$i":"perm-indexedDB-unlimited","$v":"Armazenamento ilimitado IndexedDB"},{"$i":"perm-input-manage","$v":"Gerenciar Teclados"},{"$i":"perm-input","$v":"Atuar como um Teclado"},{"$i":"perm-media-capture","$v":"Câmera e Microfone"},{"$i":"perm-media-capture-appRequest","$v":["Você gostaria de compartilhar sua câmera e seu microfone com ",{"t":"idOrVar","v":"app"},"?"]},{"$i":"perm-media-capture-webRequest","$v":["Você gostaria de compartilhar sua câmera e seu microfone com ",{"t":"idOrVar","v":"site"},"?"]},{"$i":"perm-mobileconnection","$v":"Conexão Móvel"},{"$i":"perm-mobileid","$v":"Identidade Móvel"},{"$i":"perm-network-events","$v":"Eventos na Rede"},{"$i":"perm-open-remote-window","$v":"Abrir um Aplicativo"},{"$i":"perm-permissions","$v":"Modificar Permissões de Aplicativo"},{"$i":"perm-power","$v":"Configurações de Energia"},{"$i":"perm-settings","$v":"Modificar Configurações"},{"$i":"perm-systemXHR","$v":"Requisições de Origens Cruzadas"},{"$i":"perm-telephony","$v":"Telefonia"},{"$i":"perm-video-capture","$v":"Câmera"},{"$i":"perm-video-capture-appRequest","$v":["Você gostaria de compartilhar sua câmera com ",{"t":"idOrVar","v":"app"},"?"]},{"$i":"perm-video-capture-webRequest","$v":["Você gostaria de compartilhar sua câmera com ",{"t":"idOrVar","v":"site"},"?"]},{"$i":"perm-voicemail","$v":"Controlar Correio de Voz"},{"$i":"perm-webapps-manage","$v":"Instalar Webapps"},{"$i":"perm-wifi-manage","$v":"Gerenciar Wi-Fi"},{"$i":"perm-attention","$v":"Abrir Popups"},{"$i":"perm-audio-channel-alarm","$v":"Reproduzir Sons de Alarme"},{"$i":"perm-audio-channel-normal","$v":"Reproduzir Sons"},{"$i":"perm-audio-channel-publicnotification","$v":"Reproduzir sons de notificações públicas"},{"$i":"perm-audio-channel-telephony","$v":"Reproduzir Sons de Telefonia"},{"$i":"perm-backgroundservice","$v":"Atuar como um serviço de plano de fundo"},{"$i":"perm-device-storage-crashes","$v":"Armazenamento de Dados de Erros"},{"$i":"perm-downloads","$v":"Acessar Downloads"},{"$i":"perm-embed-widgets","$v":"Incorporar Widgets"},{"$i":"perm-feature-detection","$v":"Detecção de Recursos"},{"$i":"perm-firefox-accounts","$v":"Contas Firefox"},{"$i":"perm-mobilenetwork","$v":"Redes Móveis"},{"$i":"perm-moz-attention","$v":"Abrir Popups"},{"$i":"perm-moz-audio-channel-ringer","$v":"Reproduzir Sons de Toque"},{"$i":"perm-moz-audio-channel-telephony","$v":"Reproduzir Sons de Telefonia"},{"$i":"perm-moz-firefox-accounts","$v":"Contas Firefox"},{"$i":"perm-networkstats-manage","$v":"Controlar Estatísticas de Uso"},{"$i":"perm-nfc","$v":"NFC"},{"$i":"perm-nfc-hci-events","$v":"Eventos NFC HCI"},{"$i":"perm-nfc-manager","$v":"Gerenciar NFC"},{"$i":"perm-phonenumberservice","$v":"Serviço de Número de Telefone"},{"$i":"perm-push","$v":"API Push"},{"$i":"perm-resourcestats-manage","$v":"Estatísticas de Recursos"},{"$i":"perm-sms","$v":"Enviar e Ler SMS"},{"$i":"perm-speaker-control","$v":"Controlar Volume"},{"$i":"perm-storage","$v":"Acessar Armazenamento"},{"$i":"perm-tcp-socket","$v":"TCP Sockets"},{"$i":"perm-test-permission","$v":"Permissão Teste"},{"$i":"perm-time","$v":"Ajustar Data e Hora"},{"$i":"perm-udp-socket","$v":"UDP Sockets"},{"$i":"perm-wappush","$v":"WAP Push"},{"$i":"stopped_download_title","$v":"Transferência interrompida"},{"$i":"stopped_download_message","$v":"A transferência foi interrompida. Tentar transferir novamente?"},{"$i":"stopped_download_left_button","$v":"Cancelar"},{"$i":"stopped_download_right_button","$v":"Tentar novamente"},{"$i":"failed_download_title","$v":"Transferência falhou"},{"$i":"failed_download_message","$v":["A transferência de ",{"t":"idOrVar","v":"name"}," falhou. Tentar transferir novamente?"]},{"$i":"failed_download_left_button","$v":"Cancelar"},{"$i":"failed_download_right_button","$v":"Tentar novamente"},{"$i":"stop_download_title","$v":"Parar transferência"},{"$i":"stop_download_message","$v":"Você tem certeza que deseja parar a transferência?"},{"$i":"stop_download_left_button","$v":"Não"},{"$i":"stop_download_right_button","$v":"Sim"},{"$i":"delete_download_title","$v":"Excluir"},{"$i":"delete_download_message","$v":["Excluir ",{"t":"idOrVar","v":"name"},"?"]},{"$i":"delete_download_left_button","$v":"Cancelar"},{"$i":"delete_download_right_button","$v":"Excluir"},{"$i":"delete_all_download_title","$v":"Excluir"},{"$i":"delete_all_download_left_button","$v":"Cancelar"},{"$i":"delete_all_download_right_button","$v":"Excluir"},{"$i":"delete_all_download_message","$v":{"zero":"Delete no files?","one":"Delete one file?","two":["Delete ",{"t":"idOrVar","v":"number"}," files?"],"few":["Delete ",{"t":"idOrVar","v":"number"}," files?"],"many":["Delete ",{"t":"idOrVar","v":"number"}," files?"],"other":["Delete ",{"t":"idOrVar","v":"number"}," files?"]},"$x":[{"t":"idOrVar","v":"plural"},"number"]},{"$i":"unsupported_file_type_download_title","$v":"Não foi possível abrir"},{"$i":"unsupported_file_type_download_message","$v":["Não existe um aplicativo capaz de abrir ",{"t":"idOrVar","v":"name"},". Você gostaria de salvar o arquivo ou removê-lo?"]},{"$i":"unsupported_file_type_download_left_button","$v":"Manter arquivo"},{"$i":"unsupported_file_type_download_right_button","$v":"Excluir"},{"$i":"file_not_found_download_title","$v":"Arquivo não encontrado"},{"$i":"file_not_found_download_message","$v":"O arquivo não foi encontrado no dispositivo"},{"$i":"file_not_found_download_right_button","$v":"OK"},{"$i":"unmounted_sdcard_2_download_title","$v":"O cartão de memória está em uso"},{"$i":"unmounted_sdcard_2_download_message","$v":"Desconecte o telefone"},{"$i":"unmounted_sdcard_2_download_right_button","$v":"OK"},{"$i":"no_provider_download_title","$v":"Não foi possível compartilhar"},{"$i":"no_provider_download_message","$v":"Nenhum provedor encontrado"},{"$i":"no_provider_download_right_button","$v":"OK"},{"$i":"no_memory_download_title","$v":"O Cartão SD está lotado"},{"$i":"no_memory_download_message","$v":"Não há espaço disponível no seu cartão SD para armazenar seu arquivo. Por favor remova alguns arquivos antes de recomeçar a transferência."},{"$i":"no_memory_download_right_button","$v":"OK"},{"$i":"no_sdcard_found_2_download_title","$v":"Nenhum cartão de memória foi encontrado"},{"$i":"no_sdcard_found_2_download_message","$v":"Insira um cartão de memória ou selecione um local de mídia padrão nas configurações"},{"$i":"no_sdcard_found_2_download_right_button","$v":"OK"},{"$i":"file_open_error_download_title","$v":"Não foi possível abrir"},{"$i":"file_open_error_download_message","$v":["Ocorreu um erro ao abrir ",{"t":"idOrVar","v":"name"},". Gostaria de salvar o arquivo ou removê-lo?"]},{"$i":"file_open_error_download_left_button","$v":"Manter arquivo"},{"$i":"file_open_error_download_right_button","$v":"Remover"},{"$i":"restart_download_error","$v":"Ocorreu um erro ao reiniciar a transferência. Por favor, tente novamente."},{"$i":"no-downloads","$v":"Sem downloads"},{"$i":"percentage","$v":[{"t":"idOrVar","v":"percentage"}," %"]},{"$i":"partialResult","$v":[{"t":"idOrVar","v":"partial"}," de ",{"t":"idOrVar","v":"total"}]},{"$i":"summary","$v":[{"t":"idOrVar","v":"date"}," - ",{"t":"idOrVar","v":"status"}]},{"$i":"download-stopped","$v":"Interrompido"},{"$i":"download-failed","$v":"Transferência falhou"},{"$i":"open_downloaded_file","$v":"Abrir"},{"$i":"share_downloaded_file","$v":"Compartilhar"},{"$i":"wallpaper_downloaded_file","$v":"Definir como papel de parede"},{"$i":"ringtone_downloaded_file","$v":"Definir como toque"},{"$i":"cancel_downloaded_file","$v":"Cancelar"},{"$i":"voicemailNoNumberTitle","$v":"Número de correio de voz indisponível"},{"$i":"voicemailNoNumberText","$v":"Não foi possível chamar o correio de voz. Configure o número do correio de voz para realizar a chamada."},{"$i":"voicemailNoNumberSettings","$v":"Configurações"},{"$i":"voicemailNoNumberCancel","$v":"Cancelar"},{"$i":"airplaneMode","$v":"Modo avião"},{"$i":"searching","$v":"Procurando…"},{"$i":"noNetwork","$v":"Sem rede"},{"$i":"roaming","$v":[{"t":"idOrVar","v":"operator"}," (Roaming)"]},{"$i":"operator-info","$v":[{"t":"idOrVar","v":"carrier"}," ",{"t":"idOrVar","v":"region"}]},{"$i":"emergencyCallsOnly","$v":"Apenas chamadas de emergência"},{"$i":"emergencyCallsOnly-unknownSIMState","$v":"(estado desconhecido do SIM)"},{"$i":"emergencyCallsOnly-noSIM","$v":"(sem SIM)"},{"$i":"emergencyCallsOnly-pinRequired","$v":"(PIN do SIM obrigatório)"},{"$i":"emergencyCallsOnly-pukRequired","$v":"(PUK do SIM obrigatório)"},{"$i":"emergencyCallsOnly-networkLocked","$v":"(rede bloqueada)"},{"$i":"emergencyCallsOnly-serviceProviderLocked","$v":"(provedor de serviço bloqueado)"},{"$i":"emergencyCallsOnly-corporateLocked","$v":"(bloqueio corporativo)"},{"$i":"emergencyCallsOnly-network1Locked","$v":"(rede1 bloqueada)"},{"$i":"emergencyCallsOnly-network2Locked","$v":"(rede2 bloqueada)"},{"$i":"emergencyCallsOnly-hrpdNetworkLocked","$v":"(rede hrpd bloqueada)"},{"$i":"emergencyCallsOnly-ruimCorporateLocked","$v":"(perfil RUIM bloqueado)"},{"$i":"emergencyCallsOnly-ruimServiceProviderLocked","$v":"(provedor de serviço RUIM bloqueado)"},{"$i":"lockscreen-sim-id","$v":["SIM ",{"t":"idOrVar","v":"n"}]},{"$i":"charging-no-time","$v":[{"t":"idOrVar","v":"level"},"% Charged"]},{"$i":"charging-minutes","$v":{"zero":[{"t":"idOrVar","v":"level"},"% Charged (",{"t":"idOrVar","v":"minutes"}," mins remaining)"],"one":[{"t":"idOrVar","v":"level"},"% Charged (",{"t":"idOrVar","v":"minutes"}," min remaining)"],"two":[{"t":"idOrVar","v":"level"},"% Charged (",{"t":"idOrVar","v":"minutes"}," mins remaining)"],"few":[{"t":"idOrVar","v":"level"},"% Charged (",{"t":"idOrVar","v":"minutes"}," mins remaining)"],"many":[{"t":"idOrVar","v":"level"},"% Charged (",{"t":"idOrVar","v":"minutes"}," mins remaining)"],"other":[{"t":"idOrVar","v":"level"},"% Charged (",{"t":"idOrVar","v":"minutes"}," mins remaining)"]},"$x":[{"t":"idOrVar","v":"plural"},"minutes"]},{"$i":"charging-hours","$v":{"zero":[{"t":"idOrVar","v":"level"},"% Charged (",{"t":"idOrVar","v":"hours"},"h ",{"t":"idOrVar","v":"minutes"}," mins remaining)"],"one":[{"t":"idOrVar","v":"level"},"% Charged (",{"t":"idOrVar","v":"hours"},"h ",{"t":"idOrVar","v":"minutes"}," min remaining)"],"two":[{"t":"idOrVar","v":"level"},"% Charged (",{"t":"idOrVar","v":"hours"},"h ",{"t":"idOrVar","v":"minutes"}," mins remaining)"],"few":[{"t":"idOrVar","v":"level"},"% Charged (",{"t":"idOrVar","v":"hours"},"h ",{"t":"idOrVar","v":"minutes"}," mins remaining)"],"many":[{"t":"idOrVar","v":"level"},"% Charged (",{"t":"idOrVar","v":"hours"},"h ",{"t":"idOrVar","v":"minutes"}," mins remaining)"],"other":[{"t":"idOrVar","v":"level"},"% Charged (",{"t":"idOrVar","v":"hours"},"h ",{"t":"idOrVar","v":"minutes"}," mins remaining)"]},"$x":[{"t":"idOrVar","v":"plural"},"minutes"]},{"$i":"gaia-menu-cancel","$v":"Cancelar"},{"$i":"resend","$v":"Reenviar"},{"$i":"connecting","$v":"Conectando"},{"$i":"verify","$v":"Validar"},{"$i":"verifying","$v":"Validando"},{"$i":"verified","$v":"Validado"},{"$i":"mobileIDExplanation","$v":[{"t":"idOrVar","v":"app_name"}," gostaria de saber e verificar seu número de telefone. Por favor escolha qual número você deseja compartilhar ou digite um novo."]},{"$i":"verificationCodeExplanation","$v":["Nós enviamos um código para ",{"t":"idOrVar","v":"phone_number"},". Nós tentaremos identificá-lo automaticamente, mas você precisará digitá-lo manualmente caso ele não esteja em uso nesse dispositivo."]},{"$i":"successMessage","$v":["Maravilha! Seu número ",{"t":"idOrVar","v":"phone_number"}," agora está verificado e disponível para ",{"t":"idOrVar","v":"app_name"},"."]},{"$i":"serverErrorMessage","$v":"O servidor de verificação está indisponível. Verifique sua conexão com a Internet, tente novamente ou aguarde alguns minutos."},{"$i":"timeoutErrorMessage","$v":"Aparentemente algo errado aconteceu com seu código de verificação. Vamos tentar novamente!"},{"$i":"errorTitle","$v":"Identidade Móvel"},{"$i":"addPhoneNumber","$v":"Ou adicione seu número de telefone"},{"$i":"selectPhoneNumber","$v":"Ou selecione um número de telefone da lista"},{"$i":"network-error-in-app","$v":"Sem acesso a internet no momento."},{"$i":"network-error-launching","$v":[{"t":"idOrVar","v":"name"}," necessita de uma conexão com a Internet."]},{"$i":"server-not-found","$v":"Servidor não encontrado"},{"$i":"server-not-found-error","$v":["Servidor não encontrado em ",{"t":"idOrVar","v":"name"},"."]},{"$i":"file-not-found","$v":"Arquivo não encontrado"},{"$i":"file-not-found-error","$v":"O dispositivo não pode exibir essa página porque o arquivo não foi encontrado."},{"$i":"connection-failed","$v":"Não foi possível conectar"},{"$i":"connection-failed-error","$v":"Ocorreu um erro na rede ao tentar abrir o site."},{"$i":"invalid-connection","$v":"Não foi possível conectar"},{"$i":"invalid-connection-error","$v":"Ocorreu um erro na rede ao tentar acessar o site."},{"$i":"malformed-uri","$v":"URL inválida"},{"$i":"malformed-uri-error","$v":"A URL inserida não é valida e não pôde ser carregada."},{"$i":"redirect-loop","$v":"Não foi possível exibir a página"},{"$i":"redirect-loop-error","$v":"O dispositivo não pode exibir essa página porque ela não está redirecionando corretamente. Tente novamente mais tarde."},{"$i":"not-cached","$v":"Página expirou"},{"$i":"not-cached-error","$v":"Como medida de segurança, essa página não pode ser exibida pelo dispositivo porque ela expirou."},{"$i":"is-printing-error","$v":"O documento não pode ser alterado enquanto está sendo Impresso ou durante a Visualização de Impressão."},{"$i":"denied-port-access","$v":"Esse endereço é restrito"},{"$i":"denied-port-access-error","$v":"Esse endereço utiliza uma porta que normalmente é utilizada com outros propósitos além da Navegação. O dispositivo cancelou o pedido para sua proteção."},{"$i":"proxy-resolve-failure","$v":"Erro do Servidor Proxy"},{"$i":"proxy-resolve-failure-error","$v":"O dispositivo está configurado para utilizar um servidor proxy que não pode ser encontrado."},{"$i":"proxy-connect-failure","$v":"Erro do Servidor Proxy"},{"$i":"proxy-connect-failure-error","$v":"O dispositivo está configurado para utilizar um servidor de proxy que está negando conexões."},{"$i":"content-encoding","$v":"Não foi possível exibir a página"},{"$i":"content-encoding-error","$v":"O dispositivo não pode exibir a página devido a um erro de encoding do conteúdo."},{"$i":"remote-xul","$v":"Página não suportada"},{"$i":"remote-xul-error","$v":"Essa página não pode ser exibida porque utiliza uma tecnologia não suportada por esse dispositivo."},{"$i":"phishing-blocked","$v":"Aviso"},{"$i":"phishing-blocked-error","$v":"Esse site foi reportado como um fraude para enganar usuários a compartilhar dados pessoais ou financeiros."},{"$i":"malware-blocked","$v":"Ataque de Malware bloqueado"},{"$i":"malware-blocked-error","$v":"O site foi reportado como um ataque e foi bloqueado."},{"$i":"unsafe-content-type","$v":"Conteúdo inseguro"},{"$i":"unsafe-content-type-error","$v":"A página não pôde ser exibida porque não é segura para ser aberta."},{"$i":"corrupted-content","$v":"Não foi possível exibir a página"},{"$i":"corrupted-content-error","$v":"A página não pôde ser exibida porque um erro na transmissão de dados foi detectado."},{"$i":"try-again","$v":"Tentar novamente"},{"$i":"check-settings","$v":"Verificar configurações"}]