[{"$i":"firefox-accounts-title","$v":"Firefox 계정"},{"$i":"fxa-next","$v":"다음"},{"$i":"fxa-back","$v":"뒤로"},{"$i":"fxa-done","$v":"완료"},{"$i":"fxa-ok","$v":"OK"},{"$i":"fxa-connection-error-title","$v":"연결할 수 없음"},{"$i":"fxa-connection-error-message","$v":"게정을 만들거나 설정에서 로그인 할 수 있습니다."},{"$i":"fxa-reset-password-error-title","$v":"비밀번호 재설정"},{"$i":"fxa-reset-password-error-message","$v":"설정에서 비밀번호를 재설정 할 수 있습니다."},{"$i":"fxa-coppa-failure-error-title","$v":"게정을 만들 수 없음"},{"$i":"fxa-coppa-failure-error-message","$v":["Firefox 계정을 만들기 위해서는 나이 제한을 통과해야 합니다. ",{"t":"idOrVar","v":"learnmore"}]},{"$i":"fxa-learn-more","$v":"자세히 살펴보기"},{"$i":"fxa-offline-error-title","$v":"연결할 수 없음"},{"$i":"fxa-offline-error-message","$v":"설정에서 네트워크에 연결해 주세요."},{"$i":"fxa-invalid-email-title","$v":"오류"},{"$i":"fxa-invalid-email-message","$v":"유효한 이메일을 입력해 주세요."},{"$i":"fxa-invalid-password-title","$v":"비밀번호 오류"},{"$i":"fxa-invalid-password-message","$v":"비밀번호를 확인하고 다시 시도해 주세요."},{"$i":"fxa-unknown-error-title","$v":"연결할 수 없음"},{"$i":"fxa-unknown-error-message","$v":"알 수 없는 오류입니다. 잠시후 다시 시도해 주세요."},{"$i":"fxa-connecting","$v":"연결중"},{"$i":"fxa-enter-email-input","placeholder":"이메일 입력"},{"$i":"fxa-use-email-to-sign-in","$v":"이메일 주소를 이용해서 계정을 생성하거나 로그인 해 주세요."},{"$i":"fxa-notice","$v":["계속해서 진행함으로서 Firefox 클라우드 서비스의 ",{"t":"idOrVar","v":"tos"},"과 ",{"t":"idOrVar","v":"pn"},"을 동의하게 됩니다."]},{"$i":"fxa-tos","$v":"이용 약관"},{"$i":"fxa-pn","$v":"개인 정보 보호 정책"},{"$i":"fxa-create-password-title","$v":"비밀번호 생성"},{"$i":"fxa-enter-password-title","$v":"비밀번호 입력"},{"$i":"fxa-hello-user","$v":["안녕하세요, ",{"t":"idOrVar","v":"email"},"님"]},{"$i":"fxa-password-refresh","$v":"계속하려면 Firefox 계정 비밀번호를 입력해 주세요."},{"$i":"fxa-password","placeholder":"비밀번호"},{"$i":"fxa-forgot-your-password","$v":"비밀번호를 잃어 버리셨나요?"},{"$i":"fxa-show-password","$v":"비밀번호 보이기"},{"$i":"fxa-password-length-requirement","$v":"비밀번호는 최소 8자 이상이어야 합니다."},{"$i":"fxa-success","$v":"성공!"},{"$i":"fxa-ready-to-go","$v":"Firefox 계정이 막 생성되었습니다! "},{"$i":"fxa-use-features","$v":"이제 내 기기 찾기와 Firefox Marketplace 같은 앱을 이용할 수 있습니다."},{"$i":"fxa-access-manage-account-settings","$v":"앞으로 설정에서 계정에 접근하고 관리할 수 있습니다."},{"$i":"fxa-confirm-account","$v":"계정 확인"},{"$i":"fxa-will-send-email","$v":["다음의 주소로 이메일을 전송함: ",{"t":"idOrVar","v":"email"}]},{"$i":"fxa-signup-click-verification-link-in-email","$v":"다음에 이메일을 확인 할 때, Firefox 계정을 확인하기 위한 인증 링크를 클릭해 주세요."},{"$i":"fxa-age-verification","$v":"나이 인증"},{"$i":"fxa-age-earlier","$v":[{"t":"idOrVar","v":"year"}," or earlier"]},{"$i":"fxa-year-of-birth","$v":"태어난 년도"},{"$i":"brandShortName","$v":"B2G OS"},{"$i":"browserBrandShortName","$v":"Web Browser"},{"$i":"browserBrandFullName","$v":"Mozilla Web Browser"},{"$i":"ringtoneBrandName","$v":"Default"},{"$i":"ringtoneSectionBrandName","$v":"System"},{"$i":"ok","$v":"확인"},{"$i":"back","$v":"뒤로"},{"$i":"help","$v":"도움말"},{"$i":"cancel","$v":"취소"},{"$i":"close","$v":"닫기"},{"$i":"skip","$v":"건너뛰기"},{"$i":"clear","ariaLabel":"지우기"},{"$i":"enable","$v":"Enable"},{"$i":"turnOn","$v":"Turn On"},{"$i":"undo","ariaLabel":"실행취소"},{"$i":"enterPIN","$v":"PIN 입력"},{"$i":"mediaPlaybackTrack","ariaLabel":"Track title and artist"},{"$i":"mediaPlaybackControls","ariaLabel":"재생 컨트롤"},{"$i":"mediaPlaybackPrevious","ariaLabel":"이전"},{"$i":"mediaPlaybackPlay","ariaLabel":"Play"},{"$i":"mediaPlaybackPause","ariaLabel":"Pause"},{"$i":"mediaPlaybackNext","ariaLabel":"다음"},{"$i":"UnknownTrack","$v":"알 수 없는 트랙"},{"$i":"wifiButton-on","$v":"Wi-Fi 켬"},{"$i":"wifiButton-on-initializing","$v":"Wi-Fi 켬, 초기화 중"},{"$i":"wifiButton-off","$v":"Wi-Fi 끔"},{"$i":"dataButton-on","$v":[{"t":"idOrVar","v":"type"}," 데이타 켬"]},{"$i":"dataButton-off","$v":[{"t":"idOrVar","v":"type"}," 데이타 끔"]},{"$i":"bluetoothButton-on","$v":"블루투스 켬"},{"$i":"bluetoothButton-on-initializing","$v":"블루투스 켬, 초기화 중"},{"$i":"bluetoothButton-off","$v":"블루투스 끔"},{"$i":"airplaneMode-on","$v":"비행기 모드 켬"},{"$i":"airplaneMode-off","$v":"비행기 모드 끔"},{"$i":"settingsButton","ariaLabel":"설정"},{"$i":"utilityTray","ariaLabel":"유틸리티 메뉴"},{"$i":"simLabel","$v":["SIM ",{"t":"idOrVar","v":"id"}]},{"$i":"statusbarLabel","$v":[{"t":"idOrVar","v":"date"},", ",{"t":"idOrVar","v":"operator"}]},{"$i":"statusbarDateFormat","$v":"%b %e일"},{"$i":"statusbar","ariaLabel":"상태 바"},{"$i":"statusbarBattery","ariaLabel":["Battery ",{"t":"idOrVar","v":"level"}," percent"]},{"$i":"statusbarBatteryCharging","ariaLabel":["Battery ",{"t":"idOrVar","v":"level"}," percent, charging"]},{"$i":"statusbarFlightMode","ariaLabel":"비행기 모드 켜짐"},{"$i":"statusbarWiFiConnecting","$v":"Wi-Fi: 연결중"},{"$i":"statusbarWiFiConnected","$v":["Wi-Fi: 4칸 중 ",{"t":"idOrVar","v":"level"},"칸"]},{"$i":"statusbarSignal","$v":[{"t":"idOrVar","v":"operator"}," 네트워크, 5칸 중 ",{"t":"idOrVar","v":"level"},"칸"]},{"$i":"statusbarSignalRoaming","$v":[{"t":"idOrVar","v":"operator"}," 네트워크(로밍), 5칸 중 ",{"t":"idOrVar","v":"level"},"칸"]},{"$i":"statusbarSignalNoneSearching","$v":"검색중… 긴급통화만 가능"},{"$i":"statusbarHeadphones","ariaLabel":"헤드폰 켜짐"},{"$i":"statusbarBluetoothHeadphones","ariaLabel":"블루투스 헤드폰 켜짐"},{"$i":"statusbarBluetoothTransferring","ariaLabel":"블루투스 전송 활성화"},{"$i":"statusbarIconOn-tethering","$v":"테더링 켜짐"},{"$i":"statusbarIconOnActive-tethering","$v":"테더링 켜짐, 활성화"},{"$i":"statusbarAlarm","ariaLabel":"알람 켜짐"},{"$i":"statusbarIconOn-bluetooth","$v":"블루투스 켜짐"},{"$i":"statusbarIconOnActive-bluetooth","$v":"블루투스 켜짐, 활성화"},{"$i":"statusbarIconOn-mute","$v":"음소거 켜짐"},{"$i":"statusbarIconOn-vibration","$v":"진동 켜짐"},{"$i":"statusbarRecording","ariaLabel":"녹음 켜짐"},{"$i":"statusbarGeolocation","ariaLabel":"위치정보 켜짐"},{"$i":"statusbarUsb","ariaLabel":"USB 켜짐"},{"$i":"statusbarForwarding","$v":"통화 전달 켜짐"},{"$i":"statusbarPlaying","ariaLabel":"미디어 재생중"},{"$i":"statusbarNfc","ariaLabel":"NFC 켜짐"},{"$i":"statusbarDownloads","ariaLabel":"다운로드중…"},{"$i":"statusbarNetworkActivity","ariaLabel":"네트워킹 켜짐"},{"$i":"statusbarEmergencyCBNotification","ariaLabel":"긴급통화 호출"},{"$i":"statusbarNotifications","$v":{"one":[{"t":"idOrVar","v":"n"},"개의 알림"],"two":[{"t":"idOrVar","v":"n"},"개의 알림"],"few":[{"t":"idOrVar","v":"n"},"개의 알림"],"many":[{"t":"idOrVar","v":"n"},"개의 알림"],"other":[{"t":"idOrVar","v":"n"},"개의 알림"]},"$x":[{"t":"idOrVar","v":"plural"},"n"]},{"$i":"statusbarNotifications-unread","ariaLabel":{"$x":[{"t":"idOrVar","v":"plural"},"n"],"$v":{"one":[{"t":"idOrVar","v":"n"}," unread notification"],"two":[{"t":"idOrVar","v":"n"}," unread notifications"],"few":[{"t":"idOrVar","v":"n"}," unread notifications"],"many":[{"t":"idOrVar","v":"n"}," unread notifications"],"other":[{"t":"idOrVar","v":"n"}," unread notifications"]}}},{"$i":"notifications","$v":"알림"},{"$i":"clear-all","$v":"모두 삭제"},{"$i":"attentionScreen-tapToShow","$v":"탭해서 보기"},{"$i":"newVoicemails","$v":{"zero":"새 보이스메일 없음","one":"새 보이스메일 한 통","two":["새 보이스메일 ",{"t":"idOrVar","v":"n"},"통"],"few":["새 보이스메일 ",{"t":"idOrVar","v":"n"},"통"],"many":["새 보이스메일 ",{"t":"idOrVar","v":"n"},"통"],"other":["새 보이스메일 ",{"t":"idOrVar","v":"n"},"통"]},"$x":[{"t":"idOrVar","v":"plural"},"n"]},{"$i":"newVoicemailsUnknown","$v":"새 보이스메일"},{"$i":"dialNumber","$v":[{"t":"idOrVar","v":"number"},"로 걸기"]},{"$i":"voicemailNotificationMultiSim","$v":["(SIM ",{"t":"idOrVar","v":"n"},") ",{"t":"idOrVar","v":"title"}]},{"$i":"euRoamingNotificationTitle","$v":"EU 인터넷 감지됨"},{"$i":"euRoamingNotificationMsg","$v":"탭해서 변경하세요."},{"$i":"confirmNFCConnectBTenabledNameUnknown","$v":"정말로 기기에 연결하시겠습니까?"},{"$i":"confirmNFCConnectBTdisabledNameUnknown","$v":"블루투스를 켜고 기기에 연결하시겠습니까?"},{"$i":"confirmNFCConnectBTenabledNameKnown","$v":["정말로 ",{"t":"idOrVar","v":"deviceName"},"에 연결하시겠습니까?"]},{"$i":"confirmNFCConnectBTdisabledNameKnown","$v":["블루투스를 켜고 ",{"t":"idOrVar","v":"deviceName"},"에 연결하시겠습니까?"]},{"$i":"confirmNFCConnectBTdisabled","$v":"켜기"},{"$i":"dismissNFCConnectBTdisabled","$v":"취소"},{"$i":"confirmation","$v":"확인"},{"$i":"deviceMenu","$v":"폰"},{"$i":"airplane","$v":"비행기 모드 켜기"},{"$i":"airplaneOff","$v":"비행기 모드 끄기"},{"$i":"silent","$v":"진동 켜기"},{"$i":"normal","$v":"진동 끄기"},{"$i":"restart","$v":"다시 시작"},{"$i":"power","$v":"전원 끄기"},{"$i":"no-recent-app-windows","$v":"최근 앱 창이 여기 나옴"},{"$i":"no-recent-browser-windows","$v":"최근 브라우저 창이 여기 나옴"},{"$i":"closeCard","ariaLabel":"닫기"},{"$i":"openCard","ariaLabel":"열기"},{"$i":"yes","$v":"예"},{"$i":"no","$v":"아니오"},{"$i":"dontallow","$v":"허용하지 않음"},{"$i":"allow","$v":"허용"},{"$i":"dontshare-geolocation","$v":"공유 안함"},{"$i":"share-geolocation","$v":"공유하기"},{"$i":"dontshare-audio-capture","$v":"공유 안함"},{"$i":"share-audio-capture","$v":"공유하기"},{"$i":"dontshare-video-capture","$v":"공유 안함"},{"$i":"share-video-capture","$v":"공유하기"},{"$i":"dontshare-media-capture","$v":"공유 안함"},{"$i":"share-media-capture","$v":"공유하기"},{"$i":"device-front","$v":"전면 카메라"},{"$i":"device-back","$v":"후면 카메라"},{"$i":"remember-my-choice","$v":"현재 설정 저장"},{"$i":"more-info","$v":"상세 정보"},{"$i":"hide-info","$v":"정보 감춤"},{"$i":"install-app","$v":[{"t":"idOrVar","v":"name"},"을 설치하시겠습니까?"]},{"$i":"size","$v":"크기"},{"$i":"author","$v":"제작자"},{"$i":"size-unknown","$v":"알 수 없음"},{"$i":"author-unknown","$v":"알 수 없음"},{"$i":"install","$v":"설치"},{"$i":"bytes","$v":"바이트"},{"$i":"kB","$v":"kB"},{"$i":"MB","$v":"MB"},{"$i":"GB","$v":"GB"},{"$i":"TB","$v":"TB"},{"$i":"PB","$v":"PB"},{"$i":"app-install-generic-error","$v":[{"t":"idOrVar","v":"appName"}," 다운로드가 정지됨"]},{"$i":"app-install-download-failed","$v":[{"t":"idOrVar","v":"appName"}," 다운로드 실패"]},{"$i":"app-install-install-failed","$v":[{"t":"idOrVar","v":"appName"}," 설치 실패"]},{"$i":"cancelling-will-not-refund","$v":"취소해도 구입액 환불은 되지 않습니다. 유로 컨텐츠의 환불은 원 판매자에서 제공합니다."},{"$i":"apps-can-be-installed-later","$v":"앱은 나중에 설치 원 출처에서도 설치할 수 있습니다."},{"$i":"are-you-sure-you-want-to-cancel","$v":"정말로 설치를 취소하시겠습니까?"},{"$i":"cancel-install","$v":"설치 취소"},{"$i":"cancel-install-button","$v":"설치 취소"},{"$i":"resume","$v":"재개"},{"$i":"continue","$v":"계속"},{"$i":"stopDownloading","$v":[{"t":"idOrVar","v":"app"},"을 그만 다운로드하시겠습니까?"]},{"$i":"app-download-can-be-restarted","$v":"다운로드는 나중에 다시 할 수 있습니다."},{"$i":"app-download-stop-button","$v":"그만 다운로드"},{"$i":"not-enough-space","$v":"공간이 얼마 없음"},{"$i":"not-enough-space-message","$v":"이 앱을 설치할 만큼 충분한 공간이 없습니다. 오래된 앱이나 미디어를 삭제해 남은 공간을 늘린 다음 원래 출처에서 다시 설치해 보십시오."},{"$i":"app-install-success","$v":[{"t":"idOrVar","v":"appName"},"가 설치됨"]},{"$i":"langpack-install-success2","$v":[{"t":"idOrVar","v":"appName"}," installed. Go to Settings > Language to enable it."]},{"$i":"setup","$v":"설정"},{"$i":"ime-addkeyboards","$v":"키보드 추가"},{"$i":"later","$v":"나중에"},{"$i":"download","$v":"다운로드"},{"$i":"wantToDownload","$v":"지금 업데이트를 다운로드하시겠습니까?"},{"$i":"wantToInstallNow","$v":"지금 업데이트를 설치하시겠습니까? 몇 분간 전화기를 사용할 수 없습니다."},{"$i":"installNow","$v":"지금 설치"},{"$i":"notNow","$v":"나중에 설치"},{"$i":"downloadingUpdateMessage","innerHTML":["업데이트 다운로드 중… <span>",{"t":"idOrVar","v":"progress"}," 다운로드함.</span>"]},{"$i":"downloadingAppMessage","$v":[{"t":"idOrVar","v":"appName"}," 다운로드 중"]},{"$i":"downloadingAppProgressNoMax","$v":[{"t":"idOrVar","v":"progress"}," 다운로드"]},{"$i":"downloadingAppProgressIndeterminate","$v":"다운로드 중"},{"$i":"downloadingAppProgress","$v":[{"t":"idOrVar","v":"progress"}," / ",{"t":"idOrVar","v":"max"}," 다운로드"]},{"$i":"cancelAllDownloads","$v":"다운로드 모두 취소"},{"$i":"wantToCancelAll","$v":"정말 진행 중 다운로드를 모두 취소하시겠습니까?"},{"$i":"downloadError","$v":"업데이트를 다운로드하는 중 오류가 발생했습니다."},{"$i":"updateAvailableInfo","innerHTML":{"$x":[{"t":"idOrVar","v":"plural"},"n"],"$v":{"one":["업데이트가 ",{"t":"idOrVar","v":"n"},"개 있습니다. <span>자세히 알아보시려면 탭하세요.</span>"],"two":["업데이트가 ",{"t":"idOrVar","v":"n"},"개 있습니다. <span>자세히 알아보시려면 탭하세요.</span>"],"few":["업데이트가 ",{"t":"idOrVar","v":"n"},"개 있습니다. <span>자세히 알아보시려면 탭하세요.</span>"],"many":["업데이트가 ",{"t":"idOrVar","v":"n"},"개 있습니다. <span>자세히 알아보시려면 탭하세요.</span>"],"other":["업데이트가 ",{"t":"idOrVar","v":"n"},"개 있습니다. <span>자세히 알아보시려면 탭하세요.</span>"]}}},{"$i":"numberOfUpdates","$v":{"one":["업데이트 ",{"t":"idOrVar","v":"n"},"개 있음"],"two":["업데이트 ",{"t":"idOrVar","v":"n"},"개 있음"],"few":["업데이트 ",{"t":"idOrVar","v":"n"},"개 있음"],"many":["업데이트 ",{"t":"idOrVar","v":"n"},"개 있음"],"other":["업데이트 ",{"t":"idOrVar","v":"n"},"개 있음"]},"$x":[{"t":"idOrVar","v":"plural"},"n"]},{"$i":"systemUpdate","$v":"시스템 업데이트"},{"$i":"systemUpdateReady","$v":"시스템 업데이트 완료"},{"$i":"systemUpdateLowBatteryThreshold","$v":["업데이트를 설치하기 위해서 최소 ",{"t":"idOrVar","v":"threshold"},"%의 배터리가 있어야 합니다."]},{"$i":"required","$v":"필요함"},{"$i":"uncompressingMessage","innerHTML":"압축을 푸는 중… <span>몇 분 정도 걸릴 수 있습니다.</span>"},{"$i":"downloadWifiPrioritizedUsing2G","$v":"Updates are downloaded via data connection when Wi-Fi is not available. When using data connection, phone calls may be blocked and additional charges may also apply."},{"$i":"downloadWifiPrioritized3","$v":"Updates are downloaded via data connection when Wi-Fi is not available. When using data connection, additional charges may apply."},{"$i":"downloadNoWifiWarning","$v":"Wi-Fi를 쓸 수 없습니다. 현재 연결로 업데이트를 하면 추가적인 비용이 들 수 있습니다."},{"$i":"downloadOfflineWarning2","$v":"Connect to a network to download updates."},{"$i":"downloadUpdatesViaDataConnection","$v":"데이터 통신을 통해서 업데이트를 다운로드 하시겠습니까?"},{"$i":"downloadUpdatesVia2GForbidden3","$v":"Downloading updates is not possible on slow connections (2G). Please connect via Wi-Fi or 3G (if available) and try again."},{"$i":"downloadUpdatesViaDataConnectionMessage3","$v":"When using a data connection, additional costs may apply. Do you want to continue?"},{"$i":"downloadUpdatesViaDataRoamingConnection","$v":"데이터 로밍을 통해 업데이트를 다운로드 하시겠습니까?"},{"$i":"downloadUpdatesViaDataRoamingConnectionMessage","$v":"현재 로밍중이고 추가 요금이 발생할 수 있습니다. 계속 하시겠습니까?"},{"$i":"screenshotSaved","$v":"갤러리에 스크린샷이 저장됨"},{"$i":"screenshotFailed","$v":"스크린샷을 저장하지 못함"},{"$i":"screenshotNoSDCard","$v":"메모리 카드를 찾지 못함"},{"$i":"screenshotSDCardInUse","$v":"메모리 카드가 사용 중임"},{"$i":"screenshotSDCardLow","$v":"메모리 카드에 남은 용량이 없음"},{"$i":"logsSaved","$v":"로그가 저장소에 저장됨"},{"$i":"logsSaveError","$v":"Error while saving logs"},{"$i":"logsSaving","$v":"Capturing logs…"},{"$i":"logsOperationFailed","$v":["Operation ",{"t":"idOrVar","v":"operation"}," failed."]},{"$i":"logsGenericError","$v":"Unexpected error occurred."},{"$i":"logsSDCardMaybeShared","$v":"Make sure your SD card is not shared with your computer."},{"$i":"emergency-call-button","$v":"비상 전화"},{"$i":"emergency-call","$v":"비상 전화"},{"$i":"unlock-a11y-button","ariaLabel":"잠금 풀기"},{"$i":"camera-a11y-button","ariaLabel":"카메라"},{"$i":"longDateFormat","$v":"%B %e일 %A"},{"$i":"panel-passcode","ariaLabel":"패스코드 패널"},{"$i":"open-notification","$v":"열기"},{"$i":"softwareHomeButton","ariaLabel":"홈"},{"$i":"login","$v":"로그인"},{"$i":"sign-in-to-website","$v":"웹사이트 로그인"},{"$i":"username","$v":"사용자명"},{"$i":"password","$v":"암호"},{"$i":"http-authentication-message2","$v":[{"t":"idOrVar","v":"host"}," 사이트에서 로그인을 요청합니다."]},{"$i":"error-message","$v":"앱을 제대로 읽어들이지 못함"},{"$i":"error-title","$v":"문제가 있는 앱"},{"$i":"unable-to-connect","$v":"연결 중단"},{"$i":"tap-to-check-settings","$v":"탭해서 설정 확인"},{"$i":"delete-title","$v":[{"t":"idOrVar","v":"name"}," 삭제"]},{"$i":"delete-body","$v":[{"t":"idOrVar","v":"name"}," 포함 모든 데이타가 삭제됩니다."]},{"$i":"delete","$v":"삭제"},{"$i":"unrecoverable-error-title","$v":"어플리케이션 삭제"},{"$i":"unrecoverable-error-body","$v":"복구할 수 없는 오류로 어플리케이션을 설치할 수 없습니다. 다시 다운로드해 주세요. 어플리케이션을 삭제합니다."},{"$i":"unrecoverable-error-action","$v":"확인"},{"$i":"data-roaming-enabled-title","$v":"Turn on data roaming?"},{"$i":"data-roaming-enabled-warning2","$v":"In order to access the Internet, you need to turn on data roaming. Depending on your service agreement, extra charges may apply. Do you want to turn data on?"},{"$i":"select-time","$v":"시간 선택"},{"$i":"choose-option","$v":"선택"},{"$i":"choose-options","$v":"선택"},{"$i":"select-day","$v":"날짜 선택"},{"$i":"battery-almost-empty3","$v":"배터리가 거의 없습니다."},{"$i":"plug-in-your-charger","$v":"충전을 해 주세요."},{"$i":"new-window","$v":"새 창"},{"$i":"new-private-window","$v":"New private window"},{"$i":"show-windows","$v":"창 보이기"},{"$i":"add-to-home-screen","$v":"홈 화면에 추가"},{"$i":"share","$v":"공유"},{"$i":"crash-dialog2-os","$v":[{"t":"idOrVar","v":"brandShortName"}," 프로그램 중단에서 복구되었습니다."]},{"$i":"crash-dialog-app","$v":[{"t":"idOrVar","v":"name"}," 프로그램 중단"]},{"$i":"crash-dialog-app-noname","$v":"Something"},{"$i":"crash-dialog-message","$v":"Mozilla에 프로그램 중단 관련 보고서를 보내 문제 수정에 도움을 주시겠습니까? (Wi-Fi로만 전달)"},{"$i":"crash-info-link","$v":"항목 보기"},{"$i":"crash-always-report","$v":"보고서 항상 보내기"},{"$i":"crash-dont-send","$v":"보내지 않음"},{"$i":"crash-end","$v":"보내기"},{"$i":"crashReports","$v":"문제 보고서"},{"$i":"done","$v":"완료"},{"$i":"crash-reports-description-1","$v":"문제 보고서에는 프로그램 중단 문제가 일어났을 때 당시 정보를 담을 수 있도록 자세한 상태와 기기 정보가 들어갑니다."},{"$i":"crash-reports-description-2","$v":"여기에는 열려있는 페이지와 앱, 양식이나 메시지에 입력한 텍스트, 최근 웹 방문 기록, 또는 실행한 앱에서 쓴 위치 정보가 들어있을 수 있습니다."},{"$i":"crash-reports-description-3-start","$v":"우리는 문제 보고서로 제품을 개선하는 데 이용합니다. 우리는 여러분의 정보를 다음에 설명되어 있는 대로 관리합니다:"},{"$i":"crash-reports-description-3-privacy","$v":"개인정보 보호 정책"},{"$i":"crash-reports-description-3-end","$v":""},{"$i":"crash-banner-os2","$v":[{"t":"idOrVar","v":"brandShortName"},"가 프로그램 중단에서 복구되었습니다."]},{"$i":"crash-banner-app","$v":[{"t":"idOrVar","v":"name"}," 프로그램 중단"]},{"$i":"crash-banner-report","$v":"문제보고"},{"$i":"bluetooth-sending-progress","$v":"블루투스 전송으로 보내는 중.."},{"$i":"bluetooth-receiving-progress","$v":"블루투스 전송으로 받는 중.."},{"$i":"acceptFileTransfer","$v":"블루투스 파일 전송을 허락하시겠습니까?"},{"$i":"wantToReceiveFile","$v":[{"t":"idOrVar","v":"deviceName"},"이 ",{"t":"idOrVar","v":"fileName"},"(",{"t":"idOrVar","v":"fileSize"},"byte)을 전송하려 합니다."]},{"$i":"transfer-confirmation-title","$v":[{"t":"idOrVar","v":"deviceName"}]},{"$i":"transfer-confirmation-description","$v":"전송 요구 사항을 검토해 주십시오."},{"$i":"byteUnit-B","$v":"B"},{"$i":"byteUnit-KB","$v":"KB"},{"$i":"byteUnit-MB","$v":"MB"},{"$i":"byteUnit-GB","$v":"GB"},{"$i":"byteUnit-TB","$v":"TB"},{"$i":"byteUnit-PB","$v":"PB"},{"$i":"byteUnit-EB","$v":"EB"},{"$i":"byteUnit-ZB","$v":"ZB"},{"$i":"byteUnit-YB","$v":"YB"},{"$i":"fileSize","$v":[{"t":"idOrVar","v":"size"},{"t":"idOrVar","v":"unit"}]},{"$i":"deny","$v":"아니오"},{"$i":"transfer","$v":"전송"},{"$i":"cancelFileTransfer","$v":"블루투스 파일 전송을 취소하시겠습니까?"},{"$i":"continueFileTransfer","$v":"계속"},{"$i":"transfer-has-started-title","$v":"전송이 시작됨"},{"$i":"transfer-has-started-description","$v":"알림 서버에서 진행 상태 체크하기"},{"$i":"transferFinished-sentSuccessful-title","$v":"파일 보냄"},{"$i":"transferFinished-receivedSuccessful-title","$v":"파일 받음"},{"$i":"transferFinished-sentFailed-title","$v":"파일을 보내지 못함"},{"$i":"transferFinished-receivedFailed-title","$v":"파일을 받지 못함"},{"$i":"transferFinished-try-again-description","$v":"Cannot send file right now. Please try again later."},{"$i":"transferReport-title","$v":"전송 보고서"},{"$i":"transferReport-description","$v":[{"t":"idOrVar","v":"numSuccessful"},"개 전송 성공 ",{"t":"idOrVar","v":"numUnsuccessful"},"개 미전송"]},{"$i":"unknown-file","$v":"알 수 없는 파일"},{"$i":"unknown-device","$v":"알 수 없는 장비"},{"$i":"cannotOpenFile","$v":"받은 파일 열 수 없음"},{"$i":"unknownMediaTypeToOpenFile","$v":["Can not open unknown media type: ",{"t":"idOrVar","v":"fileName"}]},{"$i":"cannotReceiveFile","$v":"파일을 받을 수 없음"},{"$i":"cannotGetStorageState","$v":"기기 저장소 상태를 알 수 없음"},{"$i":"sdcard-not-exist2","$v":"메모리 카드가 없습니다. 메모리 카드를 넣으십시오."},{"$i":"sdcard-in-use","$v":"전화가 꽂혀있으면 블루투스를 쓸 수 없습니다. 파일을 받으려면 전화를 뽑으십시오."},{"$i":"sdcard-no-space2","$v":"전송을 완료할 수 없음: 메모리 카드가 가득 차 있습니다."},{"$i":"unknown-error","$v":"알 수 없는 오류"},{"$i":"confirm","$v":"확인"},{"$i":"sdcard-detected-title","$v":"SD 카드 감지됨"},{"$i":"sdcard-total-size-body","$v":["전체 용량: ",{"t":"idOrVar","v":"size"}," ",{"t":"idOrVar","v":"unit"}]},{"$i":"sdcard-unknown-size-then-tap-to-format-body","$v":"용량 알 수 없음, 탭해서 포맷"},{"$i":"sdcard-removed-title","$v":"SD 카드 제거됨"},{"$i":"sdcard-removed-ejected-successfully","$v":"분리 성공"},{"$i":"sdcard-removed-not-ejected-properly","$v":"정상적으로 분리되지 않음"},{"$i":"microphone-is-on","$v":"마이크 켜짐"},{"$i":"camera-is-on","$v":"카메라 켜짐"},{"$i":"media-is-on","$v":"카메라와 마이크 켜짐"},{"$i":"noSimCard","$v":"SIM 카드 없음"},{"$i":"simPin","$v":"SIM PIN"},{"$i":"pukCode","$v":"PUK 코드"},{"$i":"nckCode","$v":"NCK 코드"},{"$i":"cckCode","$v":"CCK 코드"},{"$i":"spckCode","$v":"SPCK 코드"},{"$i":"nck1code","$v":"NCK1 코드"},{"$i":"nck2code","$v":"NCK2 코드"},{"$i":"hnckcode","$v":"HNCK 코드"},{"$i":"rcckcode","$v":"RCCK 코드"},{"$i":"rspckcode","$v":"RSPCK 코드"},{"$i":"whatIsSimPin","$v":"SIM PIN이 무엇입니까?"},{"$i":"simPinIntro1","$v":"SIM PIN은 SIM 카드가 통신망에 접속하는 것을 제한할 수 있습니다. 설정이 켜졌을 때, 재시작하면 SIM 카드가 포함된 장치에서 PIN 코드를 요청합니다."},{"$i":"simPinIntro2","$v":"SIM PIN은 기기의 잠금을 해제하는 암호와는 다릅니다."},{"$i":"changeSimPin","$v":"PIN 변경"},{"$i":"pinTitle","$v":"SIM PIN 입력"},{"$i":"multiSIMpinTitle","$v":["SIM ",{"t":"idOrVar","v":"n"}," PIN 입력하기"]},{"$i":"pukTitle","$v":"PUK 코드 입력"},{"$i":"nckTitle","$v":"NCK 코드 입력"},{"$i":"cckTitle","$v":"CCK 코드 입력"},{"$i":"spckTitle","$v":"SPCK 코드 입력"},{"$i":"nck1Title","$v":"NCK1 코드 입력"},{"$i":"nck2Title","$v":"NCK2 코드 입력"},{"$i":"hnckTitle","$v":"HNCK 코드 입력"},{"$i":"rcckTitle","$v":"RCCK 코드 입력"},{"$i":"rspckTitle","$v":"RSPCK 코드 입력"},{"$i":"newpinTitle","$v":"새 PIN"},{"$i":"inputCodeRetriesLeft","$v":{"one":"한번 남았습니다.","two":[{"t":"idOrVar","v":"n"},"번 남았습니다."],"few":[{"t":"idOrVar","v":"n"},"번 남았습니다."],"many":[{"t":"idOrVar","v":"n"},"번 남았습니다."],"other":[{"t":"idOrVar","v":"n"},"번 남았습니다."]},"$x":[{"t":"idOrVar","v":"plural"},"n"]},{"$i":"pinErrorMsg","$v":"PIN이 맞지 않습니다."},{"$i":"pinAttemptMsg2","$v":{"one":"SIM 카드가 잠기기 전까지 올바른 코드를 입력할 수 있는 마지막 기회입니다.","two":["SIM 카드가 잠기기 전까지 올바른 코드를 입력할 수 있는 기회가 ",{"t":"idOrVar","v":"n"},"번 남았습니다."],"few":["SIM 카드가 잠기기 전까지 올바른 코드를 입력할 수 있는 기회가 ",{"t":"idOrVar","v":"n"},"번 남았습니다."],"many":["SIM 카드가 잠기기 전까지 올바른 코드를 입력할 수 있는 기회가 ",{"t":"idOrVar","v":"n"},"번 남았습니다."],"other":["SIM 카드가 잠기기 전까지 올바른 코드를 입력할 수 있는 기회가 ",{"t":"idOrVar","v":"n"},"번 남았습니다."]},"$x":[{"t":"idOrVar","v":"plural"},"n"]},{"$i":"pinLastChanceMsg","$v":"PIN 코드를 입력할 수 있는 마지막 기회입니다. 그렇지 않으면, 이 SIM 카드를 사용하기 위해선 PUK 코드를 입력해야 합니다."},{"$i":"simCardLockedMsg","$v":"SIM 카드가 잠겼습니다."},{"$i":"enterPukMsg","$v":"SIM 카드를 사용하기 위해서는 PUK (Personal Unlocking Key) 코드를 입력하십시오. 더 알아보시려면 SIM 카드의 문서를 찾아보시거나 통신사에 연락해 보십시오."},{"$i":"pukErrorMsg","$v":"PUK 코드가 옳지 않습니다."},{"$i":"pukAttemptMsg2","$v":{"one":"SIM 카드를 완전히 사용할 수 없을 때까지 올바른 코드를 한번 입력하실 수 있습니다. 더 알아보시려면 SIM 카드의 문서를 찾아보시거나 통신사에 연락해 보십시오.","two":["SIM 카드를 완전히 사용할 수 없을 때까지 올바른 코드를 ",{"t":"idOrVar","v":"n"},"번 입력하실 수 있습니다. 더 알아보시려면 SIM 카드의 문서를 찾아보시거나 통신사에 연락해 보십시오."],"few":["SIM 카드를 완전히 사용할 수 없을 때까지 올바른 코드를 ",{"t":"idOrVar","v":"n"},"번 입력하실 수 있습니다. 더 알아보시려면 SIM 카드의 문서를 찾아보시거나 통신사에 연락해 보십시오."],"many":["SIM 카드를 완전히 사용할 수 없을 때까지 올바른 코드를 ",{"t":"idOrVar","v":"n"},"번 입력하실 수 있습니다. 더 알아보시려면 SIM 카드의 문서를 찾아보시거나 통신사에 연락해 보십시오."],"other":["SIM 카드를 완전히 사용할 수 없을 때까지 올바른 코드를 ",{"t":"idOrVar","v":"n"},"번 입력하실 수 있습니다. 더 알아보시려면 SIM 카드의 문서를 찾아보시거나 통신사에 연락해 보십시오."]},"$x":[{"t":"idOrVar","v":"plural"},"n"]},{"$i":"pukLastChanceMsg","$v":"PUK 코드를 입력할 수 있는 마지막 기회입니다. 만약 PUK 코드를 틀리신다면 SIM 카드를 완전히 사용할 수 없게 됩니다. 더 알아보시려면 SIM 카드의 문서를 찾아보시거나 통신사에 연락해 보십시오."},{"$i":"newSimPinMsg","$v":"PIN 만들기 (4~8자리 숫자)"},{"$i":"confirmNewSimPinMsg","$v":"새 PIN 확인"},{"$i":"newPinErrorMsg","$v":"PIN이 맞지 않습니다."},{"$i":"nckErrorMsg","$v":"NCK code가 옳지 않습니다."},{"$i":"nckAttemptMsg2","$v":{"one":"네트워크 잠금 해제 요청이 실패되었습니다. 올바른 코드를 입력할 수 있는 마지막 기회입니다. 더 알아보시려면 기기 문서를 찾아보시거나 통신사에 연락해 보십시오.","two":["네트워크 잠금 해제 요청이 실패되었습니다. 올바른 코드를 입력할 수 있는 기회가 ",{"t":"idOrVar","v":"n"},"번 남았습니다. 더 알아보시려면 기기 문서를 찾아보시거나 통신사에 연락해 보십시오."],"few":["네트워크 잠금 해제 요청이 실패되었습니다. 올바른 코드를 입력할 수 있는 기회가 ",{"t":"idOrVar","v":"n"},"번 남았습니다. 더 알아보시려면 기기 문서를 찾아보시거나 통신사에 연락해 보십시오."],"many":["네트워크 잠금 해제 요청이 실패되었습니다. 올바른 코드를 입력할 수 있는 기회가 ",{"t":"idOrVar","v":"n"},"번 남았습니다. 더 알아보시려면 기기 문서를 찾아보시거나 통신사에 연락해 보십시오."],"other":["네트워크 잠금 해제 요청이 실패되었습니다. 올바른 코드를 입력할 수 있는 기회가 ",{"t":"idOrVar","v":"n"},"번 남았습니다. 더 알아보시려면 기기 문서를 찾아보시거나 통신사에 연락해 보십시오."]},"$x":[{"t":"idOrVar","v":"plural"},"n"]},{"$i":"nckLastChanceMsg","$v":"네트워크 잠금 해제 요청이 실패되었습니다. 올바른 NCK 코드를 입력할 수 있는 마지막 기회입니다. 더 알아보시려면 기기 문서를 찾아보시거나 통신사에 연락해 보십시오."},{"$i":"activity-pick","$v":"다음 중 선택:"},{"$i":"activity-view","$v":"보기:"},{"$i":"activity-test","$v":"테스트:"},{"$i":"activity-share","$v":"공유:"},{"$i":"activity-new","$v":"만들기:"},{"$i":"activity-open","$v":"열기:"},{"$i":"activity-save-bookmark","$v":"북마크:"},{"$i":"activity-record","$v":"기록:"},{"$i":"activity-browse","$v":"찾아보기:"},{"$i":"activity-configure","$v":"설정:"},{"$i":"activity-dial","$v":"전화걸기:"},{"$i":"persona-signin","$v":"로그인"},{"$i":"payment-flow","$v":"구매"},{"$i":"remoteDebuggerMessage","$v":"원격 디버깅 연결 요청이 들어오는 것을 감지했습니다. 연결을 허용하시겠습니까?"},{"$i":"fullscreen-request","$v":[{"t":"idOrVar","v":"origin"},"는 현재 전체 화면 표시 모드입니다."]},{"$i":"captive-wifi-available","$v":[{"t":"idOrVar","v":"networkName"}," 네트워크가 검색되었습니다. 연결하시겠습니까?"]},{"$i":"ceWarningtitle","$v":"볼륨 경고"},{"$i":"ceWarningcontent","$v":"장시간 최고 볼륨으로 들을 경우 청각에 손상을 입을 수 있습니다."},{"$i":"notification-powersaving-mode-on-title","$v":"배터리 절약 모드"},{"$i":"notification-powersaving-mode-on-description","$v":"배터리 절약 모드가 켜져있습니다."},{"$i":"low-device-storage","$v":"여유 공간이 부족합니다.\\n"},{"$i":"free-space","$v":{"zero":"남은 여유공간이 없습니다.","one":[{"t":"idOrVar","v":"value"}," ",{"t":"idOrVar","v":"unit"}," 이하가 남았습니다."],"two":[{"t":"idOrVar","v":"value"}," ",{"t":"idOrVar","v":"unit"}," 이하가 남았습니다."],"few":[{"t":"idOrVar","v":"value"}," ",{"t":"idOrVar","v":"unit"}," 이하가 남았습니다."],"many":[{"t":"idOrVar","v":"value"}," ",{"t":"idOrVar","v":"unit"}," 이하가 남았습니다."],"other":[{"t":"idOrVar","v":"value"}," ",{"t":"idOrVar","v":"unit"}," 이하가 남았습니다."]},"$x":[{"t":"idOrVar","v":"plural"},"value"]},{"$i":"unknown-free-space","$v":"남은 공간을 알 수 없습니다."},{"$i":"system-alert","$v":"시스템 알림"},{"$i":"cb-channel","$v":["채널 ",{"t":"idOrVar","v":"channel"}]},{"$i":"cb-etws-warningType-earthquake","$v":"지진 발생!"},{"$i":"cb-etws-warningType-tsunami","$v":"쓰나미 발생!"},{"$i":"cb-etws-warningType-earthquake-tsunami","$v":"지진과 쓰나미 발생!"},{"$i":"cb-etws-warningType-test","$v":"경고 메시지 테스트 중입니다."},{"$i":"cb-etws-warningType-other","$v":"긴급 상황 발생!"},{"$i":"icc-message-maintitle","$v":"망 사업자 메시지"},{"$i":"icc-message-subtitle","$v":["SIM ",{"t":"idOrVar","v":"id"}]},{"$i":"icc-confirmCall-defaultmessage","$v":[{"t":"idOrVar","v":"number"},"에 거시겠습니까?"]},{"$i":"icc-alertMessage-defaultmessage","$v":"메시지 전송"},{"$i":"icc-confirmMessage-defaultmessage","$v":"메시지를 전송할까요?"},{"$i":"icc-notification-title","$v":["SIM ",{"t":"idOrVar","v":"id"}," STK"]},{"$i":"icc-inputbox-maintitle","$v":"STK 쿼리"},{"$i":"icc-inputbox-subtitle","$v":["SIM ",{"t":"idOrVar","v":"id"}]},{"$i":"emergency-callback-mode","$v":"비상 전화 모드"},{"$i":"emergency-callback-message","$v":"비상 전화 모드이기 때문에 전화 걸기, 메시지 보내기 및  인터넷이 비활성화 되었습니다. 현재 모드를 끄시겠습니까?"},{"$i":"cdma-record-info","$v":"CDMA 기록 정보"},{"$i":"ime-switching-title","$v":[{"t":"idOrVar","v":"appName"},": ",{"t":"idOrVar","v":"name"}]},{"$i":"ime-switching-tip","$v":"탭해서 입력 모드 전환"},{"$i":"shrinking-tip","$v":"안으로 스윕 하고 공유합니다"},{"$i":"download_started","$v":"다운로드 시작"},{"$i":"download_stopped","$v":"다운로드 중단"},{"$i":"download_downloading","$v":"다운로드 중..."},{"$i":"download_succeeded","$v":"다운로드 완료"},{"$i":"download_failed","$v":"다운로드 실패"},{"$i":"download_text_by_default","$v":[{"t":"idOrVar","v":"name"}]},{"$i":"download_downloading_text_2","$v":[{"t":"idOrVar","v":"percentage"},"% - ",{"t":"idOrVar","v":"name"}]},{"$i":"search-the-web","$v":"웹 검색"},{"$i":"search-or-enter-address","$v":"검색어 또는 주소 입력","placeholder":"검색어 또는 주소 입력"},{"$i":"back-button","ariaLabel":"Back"},{"$i":"forward-button","ariaLabel":"Forward"},{"$i":"reload-button","ariaLabel":"Reload"},{"$i":"stop-button","ariaLabel":"Stop"},{"$i":"windows-button","ariaLabel":"Show windows"},{"$i":"noHotspotWhenAPMisOnWifiHotspot","$v":"Turn off airplane mode to use Wi-Fi hotspot."},{"$i":"apmActivated","$v":"비행기 모드 활성화 됨"},{"$i":"open-in-new-window","$v":"Open in new window"},{"$i":"open-in-new-private-window","$v":"Open in new private window"},{"$i":"add-link-to-home-screen","$v":"홈 스크린에 추가"},{"$i":"share-link","$v":"링크 공유"},{"$i":"save-image","$v":"이미지 저장"},{"$i":"save-video","$v":"동영상 저장"},{"$i":"save-audio","$v":"오디오 저장"},{"$i":"save-link","$v":"링크된 파일 저장"},{"$i":"share-image","$v":"이미지 공유"},{"$i":"share-video","$v":"동영상 공유"},{"$i":"share-audio","$v":"오디오 공유"},{"$i":"private-window","$v":"Private Window"},{"$i":"private-window-detail1","$v":"The browser won’t keep any browser history, cookies, or temporary Internet files."},{"$i":"private-window-detail2","$v":"While this device won’t have a record of your browsing history, your Internet service provider can still track the pages you visit."},{"$i":"okCharsLeft","$v":["OK (",{"t":"idOrVar","v":"n"},")"]},{"$i":"accessibility-enableScreenReaderSteps","$v":"스크린 리더를 켜려면 소리 키움 버튼을 누른 후 소리 줄림 버튼을 누르고 이를 세번 반복하세요."},{"$i":"accessibility-disableScreenReaderSteps","$v":"스크린 리더를 끄려면 소리 키움 버튼을 누른 후 소리 줄림 버튼을 누르고 이를 세번 반복하세요."},{"$i":"accessibility-screenReaderStarted","$v":"스크린 리더 시작됨"},{"$i":"accessibility-screenReaderStopped","$v":"스크린 리더 종료됨"},{"$i":"accessibility-menubar","$v":"메뉴모음"},{"$i":"accessibility-scrollbar","$v":"스크롤 바"},{"$i":"accessibility-grip","$v":"그립"},{"$i":"accessibility-alert","$v":"경고"},{"$i":"accessibility-menupopup","$v":"메뉴 팝업"},{"$i":"accessibility-document","$v":"문서"},{"$i":"accessibility-pane","$v":"패널"},{"$i":"accessibility-dialog","$v":"대화상자"},{"$i":"accessibility-separator","$v":"구분선"},{"$i":"accessibility-toolbar","$v":"도구 모음"},{"$i":"accessibility-statusbar","$v":"상태 바"},{"$i":"accessibility-table","$v":"표"},{"$i":"accessibility-columnheader","$v":"열 헤더"},{"$i":"accessibility-rowheader","$v":"행 헤더"},{"$i":"accessibility-column","$v":"열"},{"$i":"accessibility-row","$v":"행"},{"$i":"accessibility-cell","$v":"셀"},{"$i":"accessibility-link","$v":"링크"},{"$i":"accessibility-list","$v":"목록"},{"$i":"accessibility-listitem","$v":"목록 항목"},{"$i":"accessibility-outline","$v":"아웃라인"},{"$i":"accessibility-outlineitem","$v":"아웃라인 항목"},{"$i":"accessibility-pagetab","$v":"탭"},{"$i":"accessibility-propertypage","$v":"속성 페이지"},{"$i":"accessibility-graphic","$v":"이미지"},{"$i":"accessibility-pushbutton","$v":"버튼"},{"$i":"accessibility-checkbutton","$v":"체크 버튼"},{"$i":"accessibility-radiobutton","$v":"라디오 버튼"},{"$i":"accessibility-combobox","$v":"콤보박스"},{"$i":"accessibility-progressbar","$v":"진행 상태 바"},{"$i":"accessibility-slider","$v":"슬라이더"},{"$i":"accessibility-spinbutton","$v":"회전 버튼"},{"$i":"accessibility-diagram","$v":"도표"},{"$i":"accessibility-animation","$v":"애니메이션"},{"$i":"accessibility-equation","$v":"방정식"},{"$i":"accessibility-buttonmenu","$v":"버튼 메뉴"},{"$i":"accessibility-whitespace","$v":"공백 문자"},{"$i":"accessibility-pagetablist","$v":"탭 목록"},{"$i":"accessibility-canvas","$v":"캔버스"},{"$i":"accessibility-checkmenuitem","$v":"체크 메뉴 항목"},{"$i":"accessibility-label","$v":"라벨"},{"$i":"accessibility-passwordtext","$v":"암호 텍스트"},{"$i":"accessibility-radiomenuitem","$v":"라디오 메뉴 항목"},{"$i":"accessibility-textcontainer","$v":"텍스트 컨테이너"},{"$i":"accessibility-togglebutton","$v":"변환 버튼"},{"$i":"accessibility-treetable","$v":"트리 테이블"},{"$i":"accessibility-header","$v":"머리말"},{"$i":"accessibility-footer","$v":"꼬리말"},{"$i":"accessibility-paragraph","$v":"단락"},{"$i":"accessibility-entry","$v":"엔트리"},{"$i":"accessibility-caption","$v":"캡션"},{"$i":"accessibility-heading","$v":"제목"},{"$i":"accessibility-section","$v":"섹션"},{"$i":"accessibility-form","$v":"폼"},{"$i":"accessibility-comboboxlist","$v":"콤보박스 목록"},{"$i":"accessibility-comboboxoption","$v":"콤보박스 목록 항목"},{"$i":"accessibility-imagemap","$v":"이미지 맵"},{"$i":"accessibility-listboxoption","$v":"목록 박스 항목"},{"$i":"accessibility-listbox","$v":"목록 박스"},{"$i":"accessibility-flatequation","$v":"텍스트 형식 방정식"},{"$i":"accessibility-gridcell","$v":"그리드 셀"},{"$i":"accessibility-note","$v":"노트"},{"$i":"accessibility-figure","$v":"그림"},{"$i":"accessibility-definitionlist","$v":"정의 목록"},{"$i":"accessibility-term","$v":"용어"},{"$i":"accessibility-definition","$v":"정의"},{"$i":"accessibility-textarea","$v":"텍스트 입력"},{"$i":"accessibility-textInputType_date","$v":"날짜"},{"$i":"accessibility-textInputType_email","$v":"이메일"},{"$i":"accessibility-textInputType_search","$v":"검색"},{"$i":"accessibility-textInputType_tel","$v":"전화번호"},{"$i":"accessibility-textInputType_url","$v":"URL"},{"$i":"accessibility-headingLevel","$v":["제목 레벨 ",{"t":"idOrVar","v":"0"}]},{"$i":"accessibility-listStart","$v":"첫 항목"},{"$i":"accessibility-listEnd","$v":"끝 항목"},{"$i":"accessibility-listItemsCount","$v":{"zero":[{"t":"idOrVar","v":"count"}," 항목"],"one":[{"t":"idOrVar","v":"count"}," 항목"],"two":[{"t":"idOrVar","v":"count"}," 항목"],"few":[{"t":"idOrVar","v":"count"}," 항목"],"many":[{"t":"idOrVar","v":"count"}," 항목"],"other":[{"t":"idOrVar","v":"count"}," 항목"]},"$x":[{"t":"idOrVar","v":"plural"},"count"]},{"$i":"accessibility-objItemOfN","$v":[{"t":"idOrVar","v":"1"},"개 중 ",{"t":"idOrVar","v":"0"},"번째"]},{"$i":"accessibility-banner","$v":"배너 영역"},{"$i":"accessibility-complementary","$v":"보충 영역"},{"$i":"accessibility-contentinfo","$v":"콘텐츠 정보"},{"$i":"accessibility-main","$v":"메인 콘텐츠"},{"$i":"accessibility-navigation","$v":"네비게이션"},{"$i":"accessibility-search","$v":"검색 도구"},{"$i":"accessibility-tblColumnInfo","$v":{"zero":[{"t":"idOrVar","v":"count"},"열 있음"],"one":[{"t":"idOrVar","v":"count"},"열 있음"],"two":[{"t":"idOrVar","v":"count"},"열 있음"],"few":[{"t":"idOrVar","v":"count"},"열 있음"],"many":[{"t":"idOrVar","v":"count"},"열 있음"],"other":[{"t":"idOrVar","v":"count"},"열 있음"]},"$x":[{"t":"idOrVar","v":"plural"},"count"]},{"$i":"accessibility-tblRowInfo","$v":{"zero":[{"t":"idOrVar","v":"count"},"행 있음"],"one":[{"t":"idOrVar","v":"count"},"행 있음"],"two":[{"t":"idOrVar","v":"count"},"행 있음"],"few":[{"t":"idOrVar","v":"count"},"행 있음"],"many":[{"t":"idOrVar","v":"count"},"행 있음"],"other":[{"t":"idOrVar","v":"count"},"행 있음"]},"$x":[{"t":"idOrVar","v":"plural"},"count"]},{"$i":"accessibility-columnInfo","$v":["열 ",{"t":"idOrVar","v":"0"}]},{"$i":"accessibility-rowInfo","$v":["행 ",{"t":"idOrVar","v":"0"}]},{"$i":"accessibility-spansColumns","$v":{"zero":[{"t":"idOrVar","v":"0"},"열 병합"],"one":[{"t":"idOrVar","v":"0"},"열 병합"],"two":[{"t":"idOrVar","v":"0"},"열 병합"],"few":[{"t":"idOrVar","v":"0"},"열 병합"],"many":[{"t":"idOrVar","v":"0"},"열 병합"],"other":[{"t":"idOrVar","v":"0"},"열 병합"]},"$x":[{"t":"idOrVar","v":"plural"},"0"]},{"$i":"accessibility-spansRows","$v":{"zero":[{"t":"idOrVar","v":"0"},"행 병합"],"one":[{"t":"idOrVar","v":"0"},"행 병합"],"two":[{"t":"idOrVar","v":"0"},"행 병합"],"few":[{"t":"idOrVar","v":"0"},"행 병합"],"many":[{"t":"idOrVar","v":"0"},"행 병합"],"other":[{"t":"idOrVar","v":"0"},"행 병합"]},"$x":[{"t":"idOrVar","v":"plural"},"0"]},{"$i":"accessibility-jumpAction","$v":"건너뛰기"},{"$i":"accessibility-pressAction","$v":"누르기"},{"$i":"accessibility-checkAction","$v":"체크함"},{"$i":"accessibility-uncheckAction","$v":"체크 안함"},{"$i":"accessibility-selectAction","$v":"선택"},{"$i":"accessibility-unselectAction","$v":"선택 안함"},{"$i":"accessibility-openAction","$v":"열기"},{"$i":"accessibility-closeAction","$v":"닫기"},{"$i":"accessibility-switchAction","$v":"바꾸기"},{"$i":"accessibility-clickAction","$v":"클릭"},{"$i":"accessibility-collapseAction","$v":"타래 닫기"},{"$i":"accessibility-expandAction","$v":"타래 열기"},{"$i":"accessibility-activateAction","$v":"활성화"},{"$i":"accessibility-cycleAction","$v":"주기화"},{"$i":"accessibility-hidden","$v":"숨김"},{"$i":"accessibility-tabLoading","$v":"탭 읽기 중"},{"$i":"accessibility-tabLoaded","$v":"탭 읽기 완료"},{"$i":"accessibility-tabNew","$v":"새 탭"},{"$i":"accessibility-tabLoadStopped","$v":"탭 읽기 중지"},{"$i":"accessibility-tabReload","$v":"탭 새로 고침"},{"$i":"accessibility-stateChecked","$v":"체크 상태"},{"$i":"accessibility-stateNotChecked","$v":"체크 없음"},{"$i":"accessibility-statePressed","$v":"눌린 상태"},{"$i":"accessibility-stateExpanded","$v":"확장 상태"},{"$i":"accessibility-stateCollapsed","$v":"닫은 상태"},{"$i":"accessibility-stateUnavailable","$v":"이용 불가"},{"$i":"accessibility-stateRequired","$v":"필수"},{"$i":"accessibility-stateTraversed","$v":"이동 완료"},{"$i":"accessibility-stateHasPopup","$v":"팝업 사용"},{"$i":"accessibility-stateSelected","$v":"선택 중"},{"$i":"accessibility-editingMode","$v":"편집하기"},{"$i":"accessibility-navigationMode","$v":"둘러보기"},{"$i":"accessibility-quicknav_Simple","$v":"기본"},{"$i":"accessibility-quicknav_Anchor","$v":"앵커"},{"$i":"accessibility-quicknav_Button","$v":"버튼"},{"$i":"accessibility-quicknav_Combobox","$v":"콤보 상자"},{"$i":"accessibility-quicknav_Landmark","$v":"랜드 마크"},{"$i":"accessibility-quicknav_Entry","$v":"입력창"},{"$i":"accessibility-quicknav_FormElement","$v":"폼 요소"},{"$i":"accessibility-quicknav_Graphic","$v":"이미지"},{"$i":"accessibility-quicknav_Heading","$v":"헤딩"},{"$i":"accessibility-quicknav_ListItem","$v":"목록 항목"},{"$i":"accessibility-quicknav_Link","$v":"링크"},{"$i":"accessibility-quicknav_List","$v":"목록"},{"$i":"accessibility-quicknav_PageTab","$v":"페이지 탭"},{"$i":"accessibility-quicknav_RadioButton","$v":"라디오 버튼"},{"$i":"accessibility-quicknav_Separator","$v":"분리선"},{"$i":"accessibility-quicknav_Table","$v":"테이블"},{"$i":"accessibility-quicknav_Checkbox","$v":"체크 상자"},{"$i":"accessibility-menubarAbbr","$v":"메뉴모음"},{"$i":"accessibility-scrollbarAbbr","$v":"스크롤 바"},{"$i":"accessibility-gripAbbr","$v":"그립"},{"$i":"accessibility-alertAbbr","$v":"경고"},{"$i":"accessibility-menupopupAbbr","$v":"메뉴 팝업"},{"$i":"accessibility-documentAbbr","$v":"문서"},{"$i":"accessibility-paneAbbr","$v":"패널"},{"$i":"accessibility-dialogAbbr","$v":"대화상자"},{"$i":"accessibility-separatorAbbr","$v":"구분선"},{"$i":"accessibility-toolbarAbbr","$v":"도구 모음"},{"$i":"accessibility-statusbarAbbr","$v":"상태 바"},{"$i":"accessibility-tableAbbr","$v":"표"},{"$i":"accessibility-columnheaderAbbr","$v":"열 헤더"},{"$i":"accessibility-rowheaderAbbr","$v":"행 헤더"},{"$i":"accessibility-columnAbbr","$v":"열"},{"$i":"accessibility-rowAbbr","$v":"행"},{"$i":"accessibility-cellAbbr","$v":"셀"},{"$i":"accessibility-linkAbbr","$v":"링크"},{"$i":"accessibility-listAbbr","$v":"목록 "},{"$i":"accessibility-listitemAbbr","$v":"목록 항목"},{"$i":"accessibility-outlineAbbr","$v":"아웃라인"},{"$i":"accessibility-outlineitemAbbr","$v":"아웃라인 항목"},{"$i":"accessibility-pagetabAbbr","$v":"탭"},{"$i":"accessibility-propertypageAbbr","$v":"속성 페이지"},{"$i":"accessibility-graphicAbbr","$v":"이미지"},{"$i":"accessibility-pushbuttonAbbr","$v":"버튼"},{"$i":"accessibility-checkbuttonAbbr","$v":"체크 버튼"},{"$i":"accessibility-radiobuttonAbbr","$v":"라디오 버튼"},{"$i":"accessibility-comboboxAbbr","$v":"콤보박스"},{"$i":"accessibility-progressbarAbbr","$v":"진행 상태 바"},{"$i":"accessibility-sliderAbbr","$v":"슬라이더"},{"$i":"accessibility-spinbuttonAbbr","$v":"회전 버튼"},{"$i":"accessibility-diagramAbbr","$v":"도표"},{"$i":"accessibility-animationAbbr","$v":"애니메이션"},{"$i":"accessibility-equationAbbr","$v":"방정식"},{"$i":"accessibility-buttonmenuAbbr","$v":"버튼 메뉴"},{"$i":"accessibility-whitespaceAbbr","$v":"공백 문자"},{"$i":"accessibility-pagetablistAbbr","$v":"탭 목록"},{"$i":"accessibility-canvasAbbr","$v":"캔버스"},{"$i":"accessibility-checkmenuitemAbbr","$v":"체크 메뉴 항목"},{"$i":"accessibility-labelAbbr","$v":"라벨"},{"$i":"accessibility-passwordtextAbbr","$v":"암호 텍스트"},{"$i":"accessibility-radiomenuitemAbbr","$v":"라디오 메뉴 항목"},{"$i":"accessibility-textcontainerAbbr","$v":"텍스트 컨테이너"},{"$i":"accessibility-togglebuttonAbbr","$v":"변환 버튼"},{"$i":"accessibility-treetableAbbr","$v":"트리 테이블"},{"$i":"accessibility-headerAbbr","$v":"머리말"},{"$i":"accessibility-footerAbbr","$v":"꼬리말"},{"$i":"accessibility-paragraphAbbr","$v":"단락"},{"$i":"accessibility-entryAbbr","$v":"엔트리"},{"$i":"accessibility-captionAbbr","$v":"캡션"},{"$i":"accessibility-headingAbbr","$v":"제목"},{"$i":"accessibility-sectionAbbr","$v":"섹션"},{"$i":"accessibility-formAbbr","$v":"폼"},{"$i":"accessibility-comboboxlistAbbr","$v":"콤보박스 목록"},{"$i":"accessibility-comboboxoptionAbbr","$v":"콤보박스 목록 항목"},{"$i":"accessibility-imagemapAbbr","$v":"이미지 맵"},{"$i":"accessibility-listboxoptionAbbr","$v":"목록 박스 항목"},{"$i":"accessibility-listboxAbbr","$v":"목록 박스"},{"$i":"accessibility-flatequationAbbr","$v":"텍스트 형식 방정식"},{"$i":"accessibility-gridcellAbbr","$v":"그리드 셀"},{"$i":"accessibility-noteAbbr","$v":"노트"},{"$i":"accessibility-figureAbbr","$v":"그림"},{"$i":"accessibility-definitionlistAbbr","$v":"정의 목록"},{"$i":"accessibility-termAbbr","$v":"용어"},{"$i":"accessibility-definitionAbbr","$v":"정의"},{"$i":"accessibility-textareaAbbr","$v":"텍스트 입력"},{"$i":"accessibility-tblColumnInfoAbbr","$v":{"one":[{"t":"idOrVar","v":"count"},"열"],"two":[{"t":"idOrVar","v":"count"},"열"],"few":[{"t":"idOrVar","v":"count"},"열"],"many":[{"t":"idOrVar","v":"count"},"열"],"other":[{"t":"idOrVar","v":"count"},"열"]},"$x":[{"t":"idOrVar","v":"plural"},"count"]},{"$i":"accessibility-tblRowInfoAbbr","$v":{"one":[{"t":"idOrVar","v":"count"},"행"],"two":[{"t":"idOrVar","v":"count"},"행"],"few":[{"t":"idOrVar","v":"count"},"행"],"many":[{"t":"idOrVar","v":"count"},"행"],"other":[{"t":"idOrVar","v":"count"},"행"]},"$x":[{"t":"idOrVar","v":"plural"},"count"]},{"$i":"accessibility-cellInfoAbbr","$v":[{"t":"idOrVar","v":"0"},"열 ",{"t":"idOrVar","v":"1"},"행"]},{"$i":"accessibility-stateCheckedAbbr","$v":"(x)"},{"$i":"accessibility-stateUncheckedAbbr","$v":"( )"},{"$i":"accessibility-statePressedAbbr","$v":"(x)"},{"$i":"accessibility-stateUnpressedAbbr","$v":"( )"},{"$i":"accessibility-pushbutton-hint","$v":"Double tap to activate"},{"$i":"accessibility-checkbutton-hint","$v":"Double tap to activate"},{"$i":"accessibility-combobox-hint","$v":"Double tap to activate"},{"$i":"accessibility-key-hint","$v":"Tap and hold to activate"},{"$i":"accessibility-link-hint","$v":"Double tap to activate"},{"$i":"accessibility-menuitem-hint","$v":"Double tap to activate"},{"$i":"accessibility-option-hint","$v":"Double tap to activate"},{"$i":"accessibility-radiobutton-hint","$v":"Double tap to activate"},{"$i":"accessibility-slider-hint","$v":"Swipe up to increase or down to decrease"},{"$i":"accessibility-spinbutton-hint","$v":"Swipe up to increase or down to decrease"},{"$i":"accessibility-pagetab-hint","$v":"Double tap to activate"},{"$i":"accessibility-entry-hint","$v":"Double tap to activate"},{"$i":"accessibility-outlineitem-hint","$v":"Double tap to activate"},{"$i":"weekday-0-long","$v":"일요일"},{"$i":"weekday-1-long","$v":"월요일"},{"$i":"weekday-2-long","$v":"화요일"},{"$i":"weekday-3-long","$v":"수요일"},{"$i":"weekday-4-long","$v":"목요일"},{"$i":"weekday-5-long","$v":"금요일"},{"$i":"weekday-6-long","$v":"토요일"},{"$i":"weekday-0-short","$v":"일"},{"$i":"weekday-1-short","$v":"월"},{"$i":"weekday-2-short","$v":"화"},{"$i":"weekday-3-short","$v":"수"},{"$i":"weekday-4-short","$v":"목"},{"$i":"weekday-5-short","$v":"금"},{"$i":"weekday-6-short","$v":"토"},{"$i":"month-0-long","$v":"1월"},{"$i":"month-1-long","$v":"2월"},{"$i":"month-2-long","$v":"3월"},{"$i":"month-3-long","$v":"4월"},{"$i":"month-4-long","$v":"5월"},{"$i":"month-5-long","$v":"6월"},{"$i":"month-6-long","$v":"7월"},{"$i":"month-7-long","$v":"8월"},{"$i":"month-8-long","$v":"9월"},{"$i":"month-9-long","$v":"10월"},{"$i":"month-10-long","$v":"11월"},{"$i":"month-11-long","$v":"12월"},{"$i":"month-0-genitive","$v":"1월"},{"$i":"month-1-genitive","$v":"2월"},{"$i":"month-2-genitive","$v":"3월"},{"$i":"month-3-genitive","$v":"4월"},{"$i":"month-4-genitive","$v":"5월"},{"$i":"month-5-genitive","$v":"6월"},{"$i":"month-6-genitive","$v":"7월"},{"$i":"month-7-genitive","$v":"8월"},{"$i":"month-8-genitive","$v":"9월"},{"$i":"month-9-genitive","$v":"10월"},{"$i":"month-10-genitive","$v":"11월"},{"$i":"month-11-genitive","$v":"12월"},{"$i":"month-0-short","$v":"1월"},{"$i":"month-1-short","$v":"2월"},{"$i":"month-2-short","$v":"3월"},{"$i":"month-3-short","$v":"4월"},{"$i":"month-4-short","$v":"5월"},{"$i":"month-5-short","$v":"6월"},{"$i":"month-6-short","$v":"7월"},{"$i":"month-7-short","$v":"8월"},{"$i":"month-8-short","$v":"9월"},{"$i":"month-9-short","$v":"10월"},{"$i":"month-10-short","$v":"11월"},{"$i":"month-11-short","$v":"12월"},{"$i":"minutes-ago-long","$v":{"zero":"지금","one":"1분 전","two":[{"t":"idOrVar","v":"value"},"분 전"],"few":[{"t":"idOrVar","v":"value"},"분 전"],"many":[{"t":"idOrVar","v":"value"},"분 전"],"other":[{"t":"idOrVar","v":"value"},"분 전"]},"$x":[{"t":"idOrVar","v":"plural"},"value"]},{"$i":"hours-ago-long","$v":{"zero":"지금","one":"1시간 전","two":[{"t":"idOrVar","v":"value"},"시간 전"],"few":[{"t":"idOrVar","v":"value"},"시간 전"],"many":[{"t":"idOrVar","v":"value"},"시간 전"],"other":[{"t":"idOrVar","v":"value"},"시간 전"]},"$x":[{"t":"idOrVar","v":"plural"},"value"]},{"$i":"days-ago-long","$v":{"zero":"오늘","one":"어제","two":[{"t":"idOrVar","v":"value"},"일 전"],"few":[{"t":"idOrVar","v":"value"},"일 전"],"many":[{"t":"idOrVar","v":"value"},"일 전"],"other":[{"t":"idOrVar","v":"value"},"일 전"]},"$x":[{"t":"idOrVar","v":"plural"},"value"]},{"$i":"weeks-ago-long","$v":{"zero":"이번 주","one":"지난 주","two":[{"t":"idOrVar","v":"value"},"주 전"],"few":[{"t":"idOrVar","v":"value"},"주 전"],"many":[{"t":"idOrVar","v":"value"},"주 전"],"other":[{"t":"idOrVar","v":"value"},"주 전"]},"$x":[{"t":"idOrVar","v":"plural"},"value"]},{"$i":"months-ago-long","$v":{"zero":"이번 달","one":"지난 달","two":[{"t":"idOrVar","v":"value"},"개월 전"],"few":[{"t":"idOrVar","v":"value"},"개월 전"],"many":[{"t":"idOrVar","v":"value"},"개월 전"],"other":[{"t":"idOrVar","v":"value"},"개월 전"]},"$x":[{"t":"idOrVar","v":"plural"},"value"]},{"$i":"years-ago-long","$v":{"zero":"올해","one":"작년","two":[{"t":"idOrVar","v":"value"},"년 전"],"few":[{"t":"idOrVar","v":"value"},"년 전"],"many":[{"t":"idOrVar","v":"value"},"년 전"],"other":[{"t":"idOrVar","v":"value"},"년 전"]},"$x":[{"t":"idOrVar","v":"plural"},"value"]},{"$i":"minutes-until-long","$v":{"zero":"지금","one":"1분 후","two":[{"t":"idOrVar","v":"value"},"분 후"],"few":[{"t":"idOrVar","v":"value"},"분 후"],"many":[{"t":"idOrVar","v":"value"},"분 후"],"other":[{"t":"idOrVar","v":"value"},"분 후"]},"$x":[{"t":"idOrVar","v":"plural"},"value"]},{"$i":"hours-until-long","$v":{"zero":"지금","one":"한 시간 후","two":[{"t":"idOrVar","v":"value"},"시간 후"],"few":[{"t":"idOrVar","v":"value"},"시간 후"],"many":[{"t":"idOrVar","v":"value"},"시간 후"],"other":[{"t":"idOrVar","v":"value"},"시간 후"]},"$x":[{"t":"idOrVar","v":"plural"},"value"]},{"$i":"days-until-long","$v":{"zero":"오늘","one":"내일","two":[{"t":"idOrVar","v":"value"},"일 후"],"few":[{"t":"idOrVar","v":"value"},"일 후"],"many":[{"t":"idOrVar","v":"value"},"일 후"],"other":[{"t":"idOrVar","v":"value"},"일 후"]},"$x":[{"t":"idOrVar","v":"plural"},"value"]},{"$i":"weeks-until-long","$v":{"zero":"이번 주","one":"다음 주","two":[{"t":"idOrVar","v":"value"},"주 후"],"few":[{"t":"idOrVar","v":"value"},"주 후"],"many":[{"t":"idOrVar","v":"value"},"주 후"],"other":[{"t":"idOrVar","v":"value"},"주 후"]},"$x":[{"t":"idOrVar","v":"plural"},"value"]},{"$i":"months-until-long","$v":{"zero":"이번 달","one":"다음 달","two":[{"t":"idOrVar","v":"value"},"개월 후"],"few":[{"t":"idOrVar","v":"value"},"개월 후"],"many":[{"t":"idOrVar","v":"value"},"개월 후"],"other":[{"t":"idOrVar","v":"value"},"개월 후"]},"$x":[{"t":"idOrVar","v":"plural"},"value"]},{"$i":"years-until-long","$v":{"zero":"올해","one":"내년","two":[{"t":"idOrVar","v":"value"},"년 후"],"few":[{"t":"idOrVar","v":"value"},"년 후"],"many":[{"t":"idOrVar","v":"value"},"년 후"],"other":[{"t":"idOrVar","v":"value"},"년 후"]},"$x":[{"t":"idOrVar","v":"plural"},"value"]},{"$i":"minutes-ago-short","$v":{"zero":"지금","other":[{"t":"idOrVar","v":"value"},"분 전"]},"$x":[{"t":"idOrVar","v":"plural"},"value"]},{"$i":"hours-ago-short","$v":{"zero":"지금","other":[{"t":"idOrVar","v":"value"},"시간 전"]},"$x":[{"t":"idOrVar","v":"plural"},"value"]},{"$i":"days-ago-short","$v":{"zero":"오늘","other":[{"t":"idOrVar","v":"value"},"일 전"]},"$x":[{"t":"idOrVar","v":"plural"},"value"]},{"$i":"minutes-until-short","$v":{"zero":"지금","other":[{"t":"idOrVar","v":"value"},"분 후"]},"$x":[{"t":"idOrVar","v":"plural"},"value"]},{"$i":"hours-until-short","$v":{"zero":"지금","other":[{"t":"idOrVar","v":"value"},"시간 후"]},"$x":[{"t":"idOrVar","v":"plural"},"value"]},{"$i":"days-until-short","$v":{"zero":"오늘","other":[{"t":"idOrVar","v":"value"},"일 후"]},"$x":[{"t":"idOrVar","v":"plural"},"value"]},{"$i":"incorrectDate","$v":"(잘못된 날짜)"},{"$i":"dateTimeFormat_%c","$v":"%Y년 %B %e일 %a %I:%M:%S %p"},{"$i":"dateTimeFormat_%x","$v":"%Y/%m/%d"},{"$i":"dateTimeFormat_%X","$v":"%I:%M:%S %p"},{"$i":"shortTimeFormat","$v":"%I:%M %p"},{"$i":"shortTimeFormat12","$v":"%I:%M %p"},{"$i":"shortTimeFormat24","$v":"%H:%M"},{"$i":"shortDateTimeFormat","$v":"%x %I:%M %p"},{"$i":"weekStartsOnMonday","$v":"0"},{"$i":"firstDayOfTheWeek","$v":"0"},{"$i":"time_am","$v":"오전"},{"$i":"time_pm","$v":"오후"},{"$i":"title-app","$v":"앱 사용 권한"},{"$i":"title-web","$v":"웹사이트 사용 권한"},{"$i":"title-cam","$v":"카메라 선택"},{"$i":"perm-alarms","$v":"알람 스케줄"},{"$i":"perm-audio-capture","$v":"마이크"},{"$i":"perm-audio-capture-appRequest","$v":[{"t":"idOrVar","v":"app"},"에서 마이크를 사용하시겠습니까?"]},{"$i":"perm-audio-capture-webRequest","$v":[{"t":"idOrVar","v":"site"},"에서 마이크를 사용하시겠습니까?"]},{"$i":"perm-audio-channel-content","$v":"소리 재생"},{"$i":"perm-audio-channel-notification","$v":"알림 소리 재생"},{"$i":"perm-audio-channel-ringer","$v":"벨소리 재생"},{"$i":"perm-background-sensors","$v":"센서 데이타 접근"},{"$i":"perm-bluetooth","$v":"블루투스"},{"$i":"perm-browser","$v":"웹페이지 검사"},{"$i":"perm-camera","$v":"카메라"},{"$i":"perm-camera-selector-appRequest","$v":[{"t":"idOrVar","v":"app"},"에서 사용할 카메라를 선택해 주세요."]},{"$i":"perm-camera-selector-webRequest","$v":[{"t":"idOrVar","v":"site"},"에서 사용할 카메라를 선택해 주세요."]},{"$i":"perm-camera-appRequest","$v":[{"t":"idOrVar","v":"app"}," would like to use your camera."]},{"$i":"perm-camera-webRequest","$v":[{"t":"idOrVar","v":"site"}," would like to use your camera."]},{"$i":"perm-cellbroadcast","$v":"단문 메시지"},{"$i":"perm-contacts","$v":"연락처"},{"$i":"perm-contacts-appRequest","$v":[{"t":"idOrVar","v":"app"},"에서 연락처 목록에 접근하려 합니다."]},{"$i":"perm-contacts-webRequest","$v":[{"t":"idOrVar","v":"site"},"에서 연락처 목록에 접근하려 합니다."]},{"$i":"perm-desktop-notification","$v":"알림"},{"$i":"perm-desktop-notification-appRequest","$v":[{"t":"idOrVar","v":"app"},"에서 알림을 띄우려 합니다."]},{"$i":"perm-desktop-notification-webRequest","$v":[{"t":"idOrVar","v":"site"},"에서 알림을 띄우려 합니다."]},{"$i":"perm-device-storage-apps","$v":"앱 저장소"},{"$i":"perm-device-storage-music","$v":"음악 저장소"},{"$i":"perm-device-storage-music-appRequest","$v":[{"t":"idOrVar","v":"app"},"에서 음악에 접근하려 합니다."]},{"$i":"perm-device-storage-music-webRequest","$v":[{"t":"idOrVar","v":"site"},"에서 음악에 접근하려 합니다."]},{"$i":"perm-device-storage-pictures","$v":"이미지 저장소"},{"$i":"perm-device-storage-pictures-appRequest","$v":[{"t":"idOrVar","v":"app"},"에서 이미지에 접근하려 합니다."]},{"$i":"perm-device-storage-pictures-webRequest","$v":[{"t":"idOrVar","v":"site"},"에서 이미지에 접근하려 합니다."]},{"$i":"perm-device-storage-sdcard","$v":"메모리 카드 저장소"},{"$i":"perm-device-storage-sdcard-appRequest","$v":[{"t":"idOrVar","v":"app"},"에서 메모리 카드에 접근하려 합니다."]},{"$i":"perm-device-storage-sdcard-webRequest","$v":[{"t":"idOrVar","v":"site"},"에서 메모리 카드에 접근하려 합니다."]},{"$i":"perm-device-storage-videos","$v":"동영상 저장소"},{"$i":"perm-device-storage-videos-appRequest","$v":[{"t":"idOrVar","v":"app"},"에서 동영상에 접근하려 합니다."]},{"$i":"perm-device-storage-videos-webRequest","$v":[{"t":"idOrVar","v":"site"},"에서 동영상에 접근하려 합니다."]},{"$i":"perm-embed-apps","$v":"앱 포함"},{"$i":"perm-fmradio","$v":"FM 라디오"},{"$i":"perm-fmradio-appRequest","$v":[{"t":"idOrVar","v":"app"},"에서 FM 라디오를 사용하려 합니다."]},{"$i":"perm-fmradio-webRequest","$v":[{"t":"idOrVar","v":"site"},"에서 FM 라디오를 사용하려 합니다."]},{"$i":"perm-geolocation","$v":"위치 정보"},{"$i":"perm-geolocation-appRequest","$v":[{"t":"idOrVar","v":"app"},"에서 위치를 공유하려고 합니다."]},{"$i":"perm-geolocation-more-info","$v":[{"t":"idOrVar","v":"brandShortName"},"는 GPS나 Wi-Fi 및 모바일 네트워크 등을 사용자의 대체적인 현재 위치 결정에 이용합니다. 이 데이터는 Mozilla와 다른 서비스 공급자에게 전송되고, 위치 정보 데이터베이스를 개선하기 위해 집계됩니다. 현재 데이터는 사용의 단말기에 저장되고 앱이 실행 중이 아닌 때에도 데이터가 수집될 수 있습니다."]},{"$i":"perm-geolocation-webRequest","$v":[{"t":"idOrVar","v":"site"},"에서 위치를 공유하려고 합니다."]},{"$i":"perm-idle","$v":"유휴 상태 보기"},{"$i":"perm-indexedDB-chrome-settings","$v":"IndexedDB 권한부여"},{"$i":"perm-indexedDB-unlimited","$v":"무제한 IndexedDB 저장소"},{"$i":"perm-input-manage","$v":"키보드 관리"},{"$i":"perm-input","$v":"키보드로 사용"},{"$i":"perm-media-capture","$v":"카메라와 마이크"},{"$i":"perm-media-capture-appRequest","$v":[{"t":"idOrVar","v":"app"},"에서 카메라와 마이크를 사용하시겠습니까?"]},{"$i":"perm-media-capture-webRequest","$v":[{"t":"idOrVar","v":"site"},"에서 카메라와 마이크를 사용하시겠습니까?"]},{"$i":"perm-mobileconnection","$v":"모바일 연결"},{"$i":"perm-mobileid","$v":"모바일 개인확인"},{"$i":"perm-network-events","$v":"네트워크 이벤트"},{"$i":"perm-open-remote-window","$v":"앱 시작"},{"$i":"perm-permissions","$v":"앱 권한 수정"},{"$i":"perm-power","$v":"전원 설정"},{"$i":"perm-settings","$v":"수정 설정"},{"$i":"perm-systemXHR","$v":"Cross-Origin 요청"},{"$i":"perm-telephony","$v":"전화"},{"$i":"perm-video-capture","$v":"카메라"},{"$i":"perm-video-capture-appRequest","$v":[{"t":"idOrVar","v":"app"},"에서 카메라를 사용하시겠습니까?"]},{"$i":"perm-video-capture-webRequest","$v":[{"t":"idOrVar","v":"site"},"에서 카메라를 사용하시겠습니까?"]},{"$i":"perm-voicemail","$v":"음성사서함 제어"},{"$i":"perm-webapps-manage","$v":"웹앱 설치"},{"$i":"perm-wifi-manage","$v":"Wi-Fi 관리"},{"$i":"perm-attention","$v":"덮는 팝업 열기"},{"$i":"perm-audio-channel-alarm","$v":"알람 소리 재생"},{"$i":"perm-audio-channel-normal","$v":"소리 재생"},{"$i":"perm-audio-channel-publicnotification","$v":"일반 알림 소리 재생"},{"$i":"perm-audio-channel-telephony","$v":"음성통화 소리 재생"},{"$i":"perm-backgroundservice","$v":"배경 서비스로 사용"},{"$i":"perm-device-storage-crashes","$v":"크래시 데이타 저장소"},{"$i":"perm-downloads","$v":"다운로드 접근"},{"$i":"perm-embed-widgets","$v":"위젯 포함"},{"$i":"perm-feature-detection","$v":"기능 탐지"},{"$i":"perm-firefox-accounts","$v":"Firefox Accounts"},{"$i":"perm-mobilenetwork","$v":"모바일 네트워크"},{"$i":"perm-moz-attention","$v":"덮는 팝업 열기 (moz)"},{"$i":"perm-moz-audio-channel-ringer","$v":"벨소리 재생 (moz)"},{"$i":"perm-moz-audio-channel-telephony","$v":"음성통화 소리 재생 (moz)"},{"$i":"perm-moz-firefox-accounts","$v":"Firefox Accounts (moz)"},{"$i":"perm-networkstats-manage","$v":"사용 통계 제어"},{"$i":"perm-nfc","$v":"NFC"},{"$i":"perm-nfc-hci-events","$v":"NFC HCI 이벤트"},{"$i":"perm-nfc-manager","$v":"NFC 관리"},{"$i":"perm-phonenumberservice","$v":"전화 번호 서비스"},{"$i":"perm-push","$v":"푸시 API"},{"$i":"perm-resourcestats-manage","$v":"자원 통계"},{"$i":"perm-sms","$v":"SMS 읽고 보내기"},{"$i":"perm-speaker-control","$v":"볼륨 제어"},{"$i":"perm-storage","$v":"저장소 접근"},{"$i":"perm-tcp-socket","$v":"TCP 소켓"},{"$i":"perm-test-permission","$v":"테스트 권한"},{"$i":"perm-time","$v":"날짜와 시간 설정"},{"$i":"perm-udp-socket","$v":"UDP 소켓"},{"$i":"perm-wappush","$v":"WAP 푸시"},{"$i":"stopped_download_title","$v":"다운로드 중지"},{"$i":"stopped_download_message","$v":"다운로드가 중지되었습니다. 다시 시작하시겠습니까?"},{"$i":"stopped_download_left_button","$v":"취소"},{"$i":"stopped_download_right_button","$v":"다시 시도"},{"$i":"failed_download_title","$v":"다운로드 실패"},{"$i":"failed_download_message","$v":[{"t":"idOrVar","v":"name"}," 다운로드에 실패했습니다. 다시 시작하시겠습니까?"]},{"$i":"failed_download_left_button","$v":"취소"},{"$i":"failed_download_right_button","$v":"다시 시도"},{"$i":"stop_download_title","$v":"다운로드 중지"},{"$i":"stop_download_message","$v":"정말로 다운로드를 중단하시겠습니까?"},{"$i":"stop_download_left_button","$v":"아니요"},{"$i":"stop_download_right_button","$v":"예"},{"$i":"delete_download_title","$v":"삭제"},{"$i":"delete_download_message","$v":[{"t":"idOrVar","v":"name"},"을 삭제하시겠습니까?"]},{"$i":"delete_download_left_button","$v":"취소"},{"$i":"delete_download_right_button","$v":"삭제"},{"$i":"delete_all_download_title","$v":"삭제"},{"$i":"delete_all_download_left_button","$v":"취소"},{"$i":"delete_all_download_right_button","$v":"삭제"},{"$i":"delete_all_download_message","$v":{"zero":"파일을 삭제하지 않습니다","one":"한 개의 파일을 삭제하시겠습니까?","two":[{"t":"idOrVar","v":"number"},"개의 파일을 삭제하시겠습니까?"],"few":[{"t":"idOrVar","v":"number"},"개의 파일을 삭제하시겠습니까?"],"many":[{"t":"idOrVar","v":"number"},"개의 파일을 삭제하시겠습니까?"],"other":[{"t":"idOrVar","v":"number"},"개의 파일을 삭제하시겠습니까?"]},"$x":[{"t":"idOrVar","v":"plural"},"number"]},{"$i":"unsupported_file_type_download_title","$v":"데이터가 열리지 않음"},{"$i":"unsupported_file_type_download_message","$v":[{"t":"idOrVar","v":"name"},"를 취급하는 앱이 없습니다. 파일을 저장 또는 삭제해 주십시오."]},{"$i":"unsupported_file_type_download_left_button","$v":"파일 저장"},{"$i":"unsupported_file_type_download_right_button","$v":"삭제"},{"$i":"file_not_found_download_title","$v":"파일이 없음"},{"$i":"file_not_found_download_message","$v":"기기에 파일을 찾을 수 없습니다."},{"$i":"file_not_found_download_right_button","$v":"확인"},{"$i":"unmounted_sdcard_2_download_title","$v":"메모리 카드 사용 중"},{"$i":"unmounted_sdcard_2_download_message","$v":"USB 케이블을 뽑아 주십시오."},{"$i":"unmounted_sdcard_2_download_right_button","$v":"확인"},{"$i":"no_provider_download_title","$v":"공유 제공사 없음"},{"$i":"no_provider_download_message","$v":"공유 기능 제공사를 찾을 수 없습니다."},{"$i":"no_provider_download_right_button","$v":"확인"},{"$i":"no_memory_download_title","$v":"SD카드 용량 부족"},{"$i":"no_memory_download_message","$v":"SD카드에 다운로드한 파일을 저장하기 위한 용량이 부족합니다. 다운로드를 재개하기 전에 불필요한 파일을 삭제해 주십시오."},{"$i":"no_memory_download_right_button","$v":"확인"},{"$i":"no_sdcard_found_2_download_title","$v":"메모리 카드 없음"},{"$i":"no_sdcard_found_2_download_message","$v":"메모리 카드를 삽입하거나, 환경 설정에서 기존 미디어 위치를 선택하십시오."},{"$i":"no_sdcard_found_2_download_right_button","$v":"확인"},{"$i":"file_open_error_download_title","$v":"데이터를 열 수 없음"},{"$i":"file_open_error_download_message","$v":[{"t":"idOrVar","v":"name"},"를 열때에 문제가 발생했습니다. 이를 파일에 저장 또는 삭제해 주십시오."]},{"$i":"file_open_error_download_left_button","$v":"파일에 저장"},{"$i":"file_open_error_download_right_button","$v":"삭제"},{"$i":"restart_download_error","$v":"다운로드 재시작 중에 오류가 발생했습니다. 다운로드를 다시 시도해 주십시오."},{"$i":"no-downloads","$v":"다운로드 안함"},{"$i":"percentage","$v":[{"t":"idOrVar","v":"percentage"},"%"]},{"$i":"partialResult","$v":[{"t":"idOrVar","v":"partial"},"/",{"t":"idOrVar","v":"total"}]},{"$i":"summary","$v":[{"t":"idOrVar","v":"date"},"-",{"t":"idOrVar","v":"status"}]},{"$i":"download-stopped","$v":"다운로드 중지"},{"$i":"download-failed","$v":"다운로드 실패"},{"$i":"open_downloaded_file","$v":"열기"},{"$i":"share_downloaded_file","$v":"공유하기"},{"$i":"wallpaper_downloaded_file","$v":"배경 화면 설정"},{"$i":"ringtone_downloaded_file","$v":"벨소리 설정"},{"$i":"cancel_downloaded_file","$v":"취소"},{"$i":"voicemailNoNumberTitle","$v":"보이스메일 번호가 유효하지 않음"},{"$i":"voicemailNoNumberText","$v":"보이스메일에 연결할 수 없습니다. 연결을 위해 보이스메일 번호를 설정해 주세요."},{"$i":"voicemailNoNumberSettings","$v":"설정"},{"$i":"voicemailNoNumberCancel","$v":"취소"},{"$i":"airplaneMode","$v":"비행기 모드"},{"$i":"searching","$v":"검색 중…"},{"$i":"noNetwork","$v":"네트워크 없음"},{"$i":"roaming","$v":[{"t":"idOrVar","v":"operator"}," (로밍)"]},{"$i":"operator-info","$v":[{"t":"idOrVar","v":"carrier"}," ",{"t":"idOrVar","v":"region"}]},{"$i":"emergencyCallsOnly","$v":"비상 전화만 가능"},{"$i":"emergencyCallsOnly-unknownSIMState","$v":"(알 수 없는 SIM 상태)"},{"$i":"emergencyCallsOnly-noSIM","$v":"(SIM 없음)"},{"$i":"emergencyCallsOnly-pinRequired","$v":"(SIM PIN 필요)"},{"$i":"emergencyCallsOnly-pukRequired","$v":"(SIM PUK 필요)"},{"$i":"emergencyCallsOnly-networkLocked","$v":"(네트워크 잠김)"},{"$i":"emergencyCallsOnly-serviceProviderLocked","$v":"(서비스 제공자 잠김)"},{"$i":"emergencyCallsOnly-corporateLocked","$v":"(회사 잠김)"},{"$i":"emergencyCallsOnly-network1Locked","$v":"(네트워크1 잠김)"},{"$i":"emergencyCallsOnly-network2Locked","$v":"(네트워크2 잠김)"},{"$i":"emergencyCallsOnly-hrpdNetworkLocked","$v":"(hrpd 네크워크 잠김)"},{"$i":"emergencyCallsOnly-ruimCorporateLocked","$v":"(ruim 회사 잠김)"},{"$i":"emergencyCallsOnly-ruimServiceProviderLocked","$v":"(ruim 서비스 제공자 잠김)"},{"$i":"lockscreen-sim-id","$v":["SIM ",{"t":"idOrVar","v":"n"}]},{"$i":"charging-no-time","$v":[{"t":"idOrVar","v":"level"},"% Charged"]},{"$i":"charging-minutes","$v":{"zero":[{"t":"idOrVar","v":"level"},"% Charged (",{"t":"idOrVar","v":"minutes"}," mins remaining)"],"one":[{"t":"idOrVar","v":"level"},"% Charged (",{"t":"idOrVar","v":"minutes"}," min remaining)"],"two":[{"t":"idOrVar","v":"level"},"% Charged (",{"t":"idOrVar","v":"minutes"}," mins remaining)"],"few":[{"t":"idOrVar","v":"level"},"% Charged (",{"t":"idOrVar","v":"minutes"}," mins remaining)"],"many":[{"t":"idOrVar","v":"level"},"% Charged (",{"t":"idOrVar","v":"minutes"}," mins remaining)"],"other":[{"t":"idOrVar","v":"level"},"% Charged (",{"t":"idOrVar","v":"minutes"}," mins remaining)"]},"$x":[{"t":"idOrVar","v":"plural"},"minutes"]},{"$i":"charging-hours","$v":{"zero":[{"t":"idOrVar","v":"level"},"% Charged (",{"t":"idOrVar","v":"hours"},"h ",{"t":"idOrVar","v":"minutes"}," mins remaining)"],"one":[{"t":"idOrVar","v":"level"},"% Charged (",{"t":"idOrVar","v":"hours"},"h ",{"t":"idOrVar","v":"minutes"}," min remaining)"],"two":[{"t":"idOrVar","v":"level"},"% Charged (",{"t":"idOrVar","v":"hours"},"h ",{"t":"idOrVar","v":"minutes"}," mins remaining)"],"few":[{"t":"idOrVar","v":"level"},"% Charged (",{"t":"idOrVar","v":"hours"},"h ",{"t":"idOrVar","v":"minutes"}," mins remaining)"],"many":[{"t":"idOrVar","v":"level"},"% Charged (",{"t":"idOrVar","v":"hours"},"h ",{"t":"idOrVar","v":"minutes"}," mins remaining)"],"other":[{"t":"idOrVar","v":"level"},"% Charged (",{"t":"idOrVar","v":"hours"},"h ",{"t":"idOrVar","v":"minutes"}," mins remaining)"]},"$x":[{"t":"idOrVar","v":"plural"},"minutes"]},{"$i":"gaia-menu-cancel","$v":"취소"},{"$i":"resend","$v":"재선송"},{"$i":"connecting","$v":"연결중"},{"$i":"verify","$v":"확인"},{"$i":"verifying","$v":"확인중"},{"$i":"verified","$v":"확인됨"},{"$i":"mobileIDExplanation","$v":[{"t":"idOrVar","v":"app_name"}," 앱이 전화번호를 확인하려고 합니다. 공유하고자 하는 번호를 선택하거나 새 번호를 입력하세요."]},{"$i":"verificationCodeExplanation","$v":[{"t":"idOrVar","v":"phone_number"}," 번호로 코드를 발송하였습니다. 자동으로 선택할 수 있게 하였지만 이 기기에서 사용하지 않는 번호일 경우 직접 입력하여야 합니다."]},{"$i":"successMessage","$v":["좋습니다! ",{"t":"idOrVar","v":"phone_number"}," 번호가 확인되어서 ",{"t":"idOrVar","v":"app_name"}," 앱에서 사용할 수 있습니다."]},{"$i":"serverErrorMessage","$v":"인증 서버가 현재 응답하지 않습니다. 인터넷 연결을 확인해 보고 다시 시도하거나 잠시 기다려 주세요."},{"$i":"timeoutErrorMessage","$v":"인증 코드에 문제가 있습니다. 다시 시도해 주세요!"},{"$i":"errorTitle","$v":"모바일 인증"},{"$i":"addPhoneNumber","$v":"또는 번호 추가"},{"$i":"selectPhoneNumber","$v":"또는 목록에서 전화 번호 선택"},{"$i":"network-error-in-app","$v":"현지 인터넷에 연결되어 있지 않습니다."},{"$i":"network-error-launching","$v":[{"t":"idOrVar","v":"name"}," 앱은 인터넷 연결을 필요로 합니다."]},{"$i":"server-not-found","$v":"서버 없음"},{"$i":"server-not-found-error","$v":[{"t":"idOrVar","v":"name"},"에서 서버를 찾을 수 없습니다."]},{"$i":"file-not-found","$v":"파일 없음"},{"$i":"file-not-found-error","$v":"파일이 없어서 페이지를 표시할 수 없습니다."},{"$i":"connection-failed","$v":"연결할 수 없음"},{"$i":"connection-failed-error","$v":"사이트에 연결하는 도중에 네크워크 오류가 발생하였습니다."},{"$i":"invalid-connection","$v":"연결할 수 없음"},{"$i":"invalid-connection-error","$v":"사이트에 연결하는 도중에 네크워크 오류가 발생하였습니다."},{"$i":"malformed-uri","$v":"잘못된 URL"},{"$i":"malformed-uri-error","$v":"입력된 URL이 잘못되어서 읽어올 수 없습니다."},{"$i":"redirect-loop","$v":"페이지를 표시할 수 없음"},{"$i":"redirect-loop-error","$v":"적절히 리다이렉트되지 않아서 페이지를 표시할 수 없습니다. 잠시 후에 다시 시도해 주세요."},{"$i":"not-cached","$v":"페이지가 만료됨"},{"$i":"not-cached-error","$v":"보안상의 이유로 이 페이지는 만료되었기 때문에 표시할 수 없습니다."},{"$i":"is-printing-error","$v":"인쇄중이거나 인쇄 미리보기 상태에서는 문서를 변경할 수 없습니다."},{"$i":"denied-port-access","$v":"제한된 주소"},{"$i":"denied-port-access-error","$v":"이 주소는 웹 브라우징 이외의 목적으로 사용되는 포트를 사용하고 있습니다. 보호 조치로 요청을 취소하였습니다."},{"$i":"proxy-resolve-failure","$v":"프록시 서버 오류"},{"$i":"proxy-resolve-failure-error","$v":"사용할 수 없는 프록시 서버를 사용하도록 설정되었습니다."},{"$i":"proxy-connect-failure","$v":"프록시 서버 오류"},{"$i":"proxy-connect-failure-error","$v":"연결을 거부하는 프록시 서버를 사용하도록 설정되었습니다."},{"$i":"content-encoding","$v":"페이지를 표시할 수 없음"},{"$i":"content-encoding-error","$v":"콘텐츠 인코딩 오류가 발생하여 페이지를 표시할 수 없습니다."},{"$i":"remote-xul","$v":"지원되지 않는 페이지"},{"$i":"remote-xul-error","$v":"지원하지 않는 기술을 사용하고 있어서 페이지를 표시할 수 없습니다."},{"$i":"phishing-blocked","$v":"경고"},{"$i":"phishing-blocked-error","$v":"이 웹사이트는 사용자의 개인정보나 금융정보를 도용하기 위한 사이트로 보고되었습니다."},{"$i":"malware-blocked","$v":"악성코드 공격 차단"},{"$i":"malware-blocked-error","$v":"이 사이트는 악성코드 공격을 하는 사이트로 보고되었고 차단되었습니다."},{"$i":"unsafe-content-type","$v":"위험한 콘텐츠"},{"$i":"unsafe-content-type-error","$v":"위험할 수 있기 때문에 페이지를 표시할 수 없습니다."},{"$i":"corrupted-content","$v":"페이지를 표시할 수 없음"},{"$i":"corrupted-content-error","$v":"데이터 전송에 오류가 발생하여서 페이지를 표시할 수 없습니다."},{"$i":"try-again","$v":"다시 시도"},{"$i":"check-settings","$v":"설정 확인"}]