[{"$i":"firefox-accounts-title","$v":"Účet Firefox"},{"$i":"fxa-next","$v":"Další"},{"$i":"fxa-back","$v":"Zpět"},{"$i":"fxa-done","$v":"Hotovo"},{"$i":"fxa-ok","$v":"OK"},{"$i":"fxa-connection-error-title","$v":"Nepodařilo se připojit"},{"$i":"fxa-connection-error-message","$v":"Můžete se přihlásit v Nastavení či si vytvořit nový účet."},{"$i":"fxa-reset-password-error-title","$v":"Obnova hesla"},{"$i":"fxa-reset-password-error-message","$v":"Heslo můžete obnovit v Nastavení."},{"$i":"fxa-coppa-failure-error-title","$v":"Účet není možné vytvořit"},{"$i":"fxa-coppa-failure-error-message","$v":["Pokud si chcete vytvořit Účet Firefox, musíte splňovat požadavky na věk. ",{"t":"idOrVar","v":"learnmore"}]},{"$i":"fxa-learn-more","$v":"Zjistit více"},{"$i":"fxa-offline-error-title","$v":"Nepodařilo se připojit"},{"$i":"fxa-offline-error-message","$v":"Připojte se k síti v Nastavení."},{"$i":"fxa-invalid-email-title","$v":"Chyba"},{"$i":"fxa-invalid-email-message","$v":"Zadejte prosím platný e-mail."},{"$i":"fxa-invalid-password-title","$v":"Neplatné heslo"},{"$i":"fxa-invalid-password-message","$v":"Ověřte svoje heslo a zkuste to znovu."},{"$i":"fxa-unknown-error-title","$v":"Nepodařilo se připojit"},{"$i":"fxa-unknown-error-message","$v":"Systém je nedostupný, zkuste to prosím později."},{"$i":"fxa-connecting","$v":"Připojování"},{"$i":"fxa-enter-email-input","placeholder":"Zadejte svoji e-mailovou adresu"},{"$i":"fxa-use-email-to-sign-in","$v":"Použijte svoji e-mailovou adresu pro vytvoření účtu či pro přihlášení."},{"$i":"fxa-notice","$v":["Pokračováním souhlasím s ",{"t":"idOrVar","v":"tos"}," a ",{"t":"idOrVar","v":"pn"}," Firefox cloud services."]},{"$i":"fxa-tos","$v":"Podmínkami používání služby"},{"$i":"fxa-pn","$v":"Zásadami ochrany soukromí"},{"$i":"fxa-create-password-title","$v":"Vytvoření hesla"},{"$i":"fxa-enter-password-title","$v":"Zadejte své heslo"},{"$i":"fxa-hello-user","$v":["Vítejte, ",{"t":"idOrVar","v":"email"}]},{"$i":"fxa-password-refresh","$v":"Pokračujte zadáním hesla k účtu Firefox."},{"$i":"fxa-password","placeholder":"Heslo"},{"$i":"fxa-forgot-your-password","$v":"Zapomněli jste své heslo?"},{"$i":"fxa-show-password","$v":"Ukázat heslo"},{"$i":"fxa-password-length-requirement","$v":"Heslo musí být alespoň 8 znaků dlouhé."},{"$i":"fxa-success","$v":"Hotovo!"},{"$i":"fxa-ready-to-go","$v":"Váš účet Firefox je připraven! "},{"$i":"fxa-use-features","$v":"Nyní můžete využívat služby jako je Nalézt mé zařízení a aplikace jako Firefox Marketplace."},{"$i":"fxa-access-manage-account-settings","$v":"V budoucnu bude možné spravovat účet přímo v Nastavení"},{"$i":"fxa-confirm-account","$v":"Potvrzení účtu"},{"$i":"fxa-will-send-email","$v":["Na adresu ",{"t":"idOrVar","v":"email"}," bude odeslán e-mail."]},{"$i":"fxa-signup-click-verification-link-in-email","$v":"Zkontrolujte si své e-maily, klepněte na ověřovací odkaz a potvrďte vytvoření svého účtu Firefox."},{"$i":"fxa-age-verification","$v":"Ověření věku"},{"$i":"fxa-age-earlier","$v":[{"t":"idOrVar","v":"year"}," or earlier"]},{"$i":"fxa-year-of-birth","$v":"Rok narození"},{"$i":"brandShortName","$v":"B2G OS"},{"$i":"browserBrandShortName","$v":"Web Browser"},{"$i":"browserBrandFullName","$v":"Mozilla Web Browser"},{"$i":"ringtoneBrandName","$v":"Default"},{"$i":"ringtoneSectionBrandName","$v":"System"},{"$i":"ok","$v":"OK"},{"$i":"back","$v":"Zpět"},{"$i":"help","$v":"Nápověda"},{"$i":"cancel","$v":"Zrušit"},{"$i":"close","$v":"Zavřít"},{"$i":"skip","$v":"Přeskočit"},{"$i":"clear","ariaLabel":"Vymazat"},{"$i":"enable","$v":"Povolit"},{"$i":"turnOn","$v":"Zapnout"},{"$i":"undo","ariaLabel":"Zpět"},{"$i":"enterPIN","$v":"Zadejte PIN"},{"$i":"mediaPlaybackTrack","ariaLabel":"Track title and artist"},{"$i":"mediaPlaybackControls","ariaLabel":"Ovládací prvky přehrávání"},{"$i":"mediaPlaybackPrevious","ariaLabel":"Předchozí"},{"$i":"mediaPlaybackPlay","ariaLabel":"Přehrát"},{"$i":"mediaPlaybackPause","ariaLabel":"Pozastavit"},{"$i":"mediaPlaybackNext","ariaLabel":"Další"},{"$i":"UnknownTrack","$v":"Neznámá skladba"},{"$i":"wifiButton-on","$v":"Zapnout Wi-Fi"},{"$i":"wifiButton-on-initializing","$v":"Wi-Fi zapnuta, inicializace"},{"$i":"wifiButton-off","$v":"Vypnout Wi-Fi"},{"$i":"dataButton-on","$v":["Data ",{"t":"idOrVar","v":"type"}," on"]},{"$i":"dataButton-off","$v":["Data ",{"t":"idOrVar","v":"type"}," off"]},{"$i":"bluetoothButton-on","$v":"Zapnout Bluetooth"},{"$i":"bluetoothButton-on-initializing","$v":"Bluetooth zapnuto, inicializace"},{"$i":"bluetoothButton-off","$v":"Vypnout Bluetooth"},{"$i":"airplaneMode-on","$v":"Režim V letadle zapnut"},{"$i":"airplaneMode-off","$v":"Režim V letadle vypnut"},{"$i":"settingsButton","ariaLabel":"Nastavení"},{"$i":"utilityTray","ariaLabel":"Lišta upozornění    "},{"$i":"simLabel","$v":["SIM ",{"t":"idOrVar","v":"id"}]},{"$i":"statusbarLabel","$v":[{"t":"idOrVar","v":"date"},", ",{"t":"idOrVar","v":"operator"}]},{"$i":"statusbarDateFormat","$v":"%e. %b"},{"$i":"statusbar","ariaLabel":"Stavový řádek"},{"$i":"statusbarBattery","ariaLabel":["Baterie ",{"t":"idOrVar","v":"level"}," procent"]},{"$i":"statusbarBatteryCharging","ariaLabel":["Baterie ",{"t":"idOrVar","v":"level"}," procent, nabíjení"]},{"$i":"statusbarFlightMode","ariaLabel":"Režim V letadle zapnut"},{"$i":"statusbarWiFiConnecting","$v":"Wi-Fi: Připojování"},{"$i":"statusbarWiFiConnected","$v":["Wi-Fi: ",{"t":"idOrVar","v":"level"}," ze 4 stupňů intenzity"]},{"$i":"statusbarSignal","$v":["síť ",{"t":"idOrVar","v":"operator"},", ",{"t":"idOrVar","v":"level"}," z 5 stupňů intenzity "]},{"$i":"statusbarSignalRoaming","$v":["síť ",{"t":"idOrVar","v":"operator"}," (roaming), ",{"t":"idOrVar","v":"level"}," z 5 stupňů intenzity"]},{"$i":"statusbarSignalNoneSearching","$v":"Vyhledávání; Pouze tísňové hovory"},{"$i":"statusbarHeadphones","ariaLabel":"Sluchátka připojena"},{"$i":"statusbarBluetoothHeadphones","ariaLabel":"Bluetooth sluchátka připojena"},{"$i":"statusbarBluetoothTransferring","ariaLabel":"Probíhá datový přenos přes Bluetooth"},{"$i":"statusbarIconOn-tethering","$v":"Tethering zapnut"},{"$i":"statusbarIconOnActive-tethering","$v":"Tethering zapnut, aktivní"},{"$i":"statusbarAlarm","ariaLabel":"Budík aktivní"},{"$i":"statusbarIconOn-bluetooth","$v":"Bluetooth zapnuto"},{"$i":"statusbarIconOnActive-bluetooth","$v":"Bluetooth zapnuto, aktivní"},{"$i":"statusbarIconOn-mute","$v":"Tichý režim zapnut"},{"$i":"statusbarIconOn-vibration","$v":"Vibrace zapnuty"},{"$i":"statusbarRecording","ariaLabel":"Nahrávání zapnuto"},{"$i":"statusbarGeolocation","ariaLabel":"Geolokace zapnuta"},{"$i":"statusbarUsb","ariaLabel":"USB zapnuto"},{"$i":"statusbarForwarding","$v":"Přesměrování hovorů zapnuto"},{"$i":"statusbarPlaying","ariaLabel":"Přehrávání médií"},{"$i":"statusbarNfc","ariaLabel":"NFC zapnuto"},{"$i":"statusbarDownloads","ariaLabel":"Stahování"},{"$i":"statusbarNetworkActivity","ariaLabel":"Připojení zapnuto"},{"$i":"statusbarEmergencyCBNotification","ariaLabel":"Nouzové zpětné volání"},{"$i":"statusbarNotifications","$v":{"one":[{"t":"idOrVar","v":"n"}," upozornění"],"two":[{"t":"idOrVar","v":"n"}," upozornění"],"few":[{"t":"idOrVar","v":"n"}," upozornění"],"many":[{"t":"idOrVar","v":"n"}," upozornění"],"other":[{"t":"idOrVar","v":"n"}," upozornění"]},"$x":[{"t":"idOrVar","v":"plural"},"n"]},{"$i":"statusbarNotifications-unread","ariaLabel":{"$x":[{"t":"idOrVar","v":"plural"},"n"],"$v":{"one":[{"t":"idOrVar","v":"n"}," nepřečtené upozornění"],"two":[{"t":"idOrVar","v":"n"}," nepřečtená upozornění"],"few":[{"t":"idOrVar","v":"n"}," nepřečtená upozornění"],"many":[{"t":"idOrVar","v":"n"}," nepřečtených upozornění"],"other":[{"t":"idOrVar","v":"n"}," nepřečtených upozornění"]}}},{"$i":"notifications","$v":"Upozornění"},{"$i":"clear-all","$v":"Vymazat vše"},{"$i":"attentionScreen-tapToShow","$v":"Pro zobrazení klepněte"},{"$i":"newVoicemails","$v":{"zero":"Žádná hlasová zpráva","one":"Jedna hlasová zpráva","two":"Dvě hlasové zprávy","few":[{"t":"idOrVar","v":"n"}," hlasové zprávy"],"many":[{"t":"idOrVar","v":"n"}," hlasových zpráv"],"other":[{"t":"idOrVar","v":"n"}," hlasových zpráv"]},"$x":[{"t":"idOrVar","v":"plural"},"n"]},{"$i":"newVoicemailsUnknown","$v":"Nová hlasová zpráva"},{"$i":"dialNumber","$v":["Vytočit ",{"t":"idOrVar","v":"number"}]},{"$i":"voicemailNotificationMultiSim","$v":[{"t":"idOrVar","v":"title"}," (SIM ",{"t":"idOrVar","v":"n"},") "]},{"$i":"euRoamingNotificationTitle","$v":"Nalezeno internetové připojení v EU"},{"$i":"euRoamingNotificationMsg","$v":"Klepněte pro změnu."},{"$i":"confirmNFCConnectBTenabledNameUnknown","$v":"Spárovat s zařízením?"},{"$i":"confirmNFCConnectBTdisabledNameUnknown","$v":"Zapnout Bluetooth a spárovat s zařízením?"},{"$i":"confirmNFCConnectBTenabledNameKnown","$v":["Určitě se chcete spárovat s ",{"t":"idOrVar","v":"deviceName"},"?"]},{"$i":"confirmNFCConnectBTdisabledNameKnown","$v":["Zapnout Bluetooth a spárovat s ",{"t":"idOrVar","v":"deviceName"},"?"]},{"$i":"confirmNFCConnectBTdisabled","$v":"Zapnout"},{"$i":"dismissNFCConnectBTdisabled","$v":"Zrušit"},{"$i":"confirmation","$v":"Potvrzení"},{"$i":"deviceMenu","$v":"Telefon"},{"$i":"airplane","$v":"Zapnout režim V letadle"},{"$i":"airplaneOff","$v":"Vypnout režim V letadle"},{"$i":"silent","$v":"Tiché příchozí hovory"},{"$i":"normal","$v":"Normální příchozí hovory"},{"$i":"restart","$v":"Restartovat"},{"$i":"power","$v":"Vypnout"},{"$i":"no-recent-app-windows","$v":"Zde se zobrazí naposledy použité aplikace."},{"$i":"no-recent-browser-windows","$v":"Zde se zobrazí naposledy zobrazená okna prohlížeče."},{"$i":"closeCard","ariaLabel":"Zavřít"},{"$i":"openCard","ariaLabel":"Otevřít"},{"$i":"yes","$v":"Ano"},{"$i":"no","$v":"Ne"},{"$i":"dontallow","$v":"Nepovolit"},{"$i":"allow","$v":"Povolit"},{"$i":"dontshare-geolocation","$v":"Nesdílet"},{"$i":"share-geolocation","$v":"Sdílet"},{"$i":"dontshare-audio-capture","$v":"Nesdílet"},{"$i":"share-audio-capture","$v":"Sdílet"},{"$i":"dontshare-video-capture","$v":"Nesdílet"},{"$i":"share-video-capture","$v":"Sdílet"},{"$i":"dontshare-media-capture","$v":"Nesdílet"},{"$i":"share-media-capture","$v":"Sdílet"},{"$i":"device-front","$v":"Přední fotoaparát"},{"$i":"device-back","$v":"Zadní fotoaparát"},{"$i":"remember-my-choice","$v":"Pamatovat si volbu"},{"$i":"more-info","$v":"Více informací…"},{"$i":"hide-info","$v":"Skrýt více informací"},{"$i":"install-app","$v":["Instalovat ",{"t":"idOrVar","v":"name"},"?"]},{"$i":"size","$v":"Velikost"},{"$i":"author","$v":"Autor"},{"$i":"size-unknown","$v":"Neznámá"},{"$i":"author-unknown","$v":"Neznámý"},{"$i":"install","$v":"Instalovat"},{"$i":"bytes","$v":"bajtů"},{"$i":"kB","$v":"kB"},{"$i":"MB","$v":"MB"},{"$i":"GB","$v":"GB"},{"$i":"TB","$v":"TB"},{"$i":"PB","$v":"PB"},{"$i":"app-install-generic-error","$v":["Stahování ",{"t":"idOrVar","v":"appName"}," zastaveno"]},{"$i":"app-install-download-failed","$v":["Stahování ",{"t":"idOrVar","v":"appName"}," skončilo chybou"]},{"$i":"app-install-install-failed","$v":["Instalace ",{"t":"idOrVar","v":"appName"}," skončila chybou"]},{"$i":"cancelling-will-not-refund","$v":"Zrušením instalace se nevrátí peníze za nákup. Vrácení peněz za placený obsah je poskytováno původním prodejcem."},{"$i":"apps-can-be-installed-later","$v":"Aplikaci je možné nainstalovat později z původního instalačního zdroje."},{"$i":"are-you-sure-you-want-to-cancel","$v":"Opravdu chcete zrušit instalaci?"},{"$i":"cancel-install","$v":"Zrušit"},{"$i":"cancel-install-button","$v":"Zrušit"},{"$i":"resume","$v":"Začít znovu"},{"$i":"continue","$v":"Pokračovat"},{"$i":"stopDownloading","$v":["Zastavit stahování ",{"t":"idOrVar","v":"app"},"?"]},{"$i":"app-download-can-be-restarted","$v":"Stahování může být obnoveno později."},{"$i":"app-download-stop-button","$v":"Zastavit stahování"},{"$i":"not-enough-space","$v":"Nedostatek místa"},{"$i":"not-enough-space-message","$v":"Pro instalaci této aplikace není dostatek místa. Uvolněte místo smazáním nepoužívaných aplikací nebo médií a instalaci opakujte z původního zdroje."},{"$i":"app-install-success","$v":["Aplikace ",{"t":"idOrVar","v":"appName"}," nainstalována"]},{"$i":"langpack-install-success2","$v":[{"t":"idOrVar","v":"appName"}," installed. Go to Settings > Language to enable it."]},{"$i":"setup","$v":"Nastavení"},{"$i":"ime-addkeyboards","$v":"Přidat klávesnice"},{"$i":"later","$v":"Později"},{"$i":"download","$v":"Stáhnout"},{"$i":"wantToDownload","$v":"Stáhnout aktualizaci?"},{"$i":"wantToInstallNow","$v":"Nainstalovat aktualizace? Telefon nebude možné několik minut používat."},{"$i":"installNow","$v":"Instalovat"},{"$i":"notNow","$v":"Nyní ne"},{"$i":"downloadingUpdateMessage","innerHTML":["Stahování aktualizací… <span>",{"t":"idOrVar","v":"progress"}," staženo.</span>          "]},{"$i":"downloadingAppMessage","$v":["Stahování ",{"t":"idOrVar","v":"appName"}]},{"$i":"downloadingAppProgressNoMax","$v":[{"t":"idOrVar","v":"progress"}," staženo"]},{"$i":"downloadingAppProgressIndeterminate","$v":"Stahování"},{"$i":"downloadingAppProgress","$v":[{"t":"idOrVar","v":"progress"}," / ",{"t":"idOrVar","v":"max"}," staženo"]},{"$i":"cancelAllDownloads","$v":"Zrušit všechna stahování"},{"$i":"wantToCancelAll","$v":"Opravdu chcete zrušit všechna stahování?"},{"$i":"downloadError","$v":"Při stahování aktualizací nastala chyba."},{"$i":"updateAvailableInfo","innerHTML":{"$x":[{"t":"idOrVar","v":"plural"},"n"],"$v":{"one":["K dispozici ",{"t":"idOrVar","v":"n"}," aktualizace. <span>Klepněte pro více informací.</span>"],"two":["K dispozici ",{"t":"idOrVar","v":"n"}," aktualizace. <span>Klepněte pro více informací.</span>"],"few":["K dispozici ",{"t":"idOrVar","v":"n"}," aktualizace. <span>Klepněte pro více informací.</span>"],"many":["K dispozici ",{"t":"idOrVar","v":"n"}," aktualizací. <span>Klepněte pro více informací.</span>"],"other":["K dispozici ",{"t":"idOrVar","v":"n"}," aktualizací. <span>Klepněte pro více informací.</span>"]}}},{"$i":"numberOfUpdates","$v":{"one":"Jedna dostupná aktualizace","two":"Dvě dostupné aktualizace","few":[{"t":"idOrVar","v":"n"}," dostupné aktualizace"],"many":[{"t":"idOrVar","v":"n"}," dostupných aktualizací"],"other":[{"t":"idOrVar","v":"n"}," dostupných aktualizací"]},"$x":[{"t":"idOrVar","v":"plural"},"n"]},{"$i":"systemUpdate","$v":"Aktualizace systému"},{"$i":"systemUpdateReady","$v":"Aktualizace systému připravena"},{"$i":"systemUpdateLowBatteryThreshold","$v":["Pro instalaci aktualizace potřebujete nabitou baterii alespoň z ",{"t":"idOrVar","v":"threshold"},"%."]},{"$i":"required","$v":"Vyžadováno"},{"$i":"uncompressingMessage","innerHTML":"Dekomprimace… <span>Ta může trvat několik minut.</span>"},{"$i":"downloadWifiPrioritizedUsing2G","$v":"V případě, že není k dispozici Wi-Fi, jsou aktualizace stahovány pomocí datového připojení. Během užívání datového připojení mohou být blokovány telefonní hovory a také mohou být přenesená data zpoplatněna."},{"$i":"downloadWifiPrioritized3","$v":"V případě, že není k dispozici Wi-Fi, jsou aktualizace stahovány pomocí datového připojení. Během užívání datového připojení mohou být přenesená data zpoplatněna."},{"$i":"downloadNoWifiWarning","$v":"Wi-Fi není dostupná. Při aktualizaci pomocí současného připojení mohou být účtovány další poplatky."},{"$i":"downloadOfflineWarning2","$v":"Pro stažení aktualizací se připojte k síti. "},{"$i":"downloadUpdatesViaDataConnection","$v":"Stáhnout aktualizace přes datové připojení?"},{"$i":"downloadUpdatesVia2GForbidden3","$v":"Stahování aktualizací není možné na pomalém připojení (2G). Připojte se prosím k Wi-Fi či 3G (pokud je dostupné) a zkuste stažení aktualizací znovu."},{"$i":"downloadUpdatesViaDataConnectionMessage3","$v":"Při použití datového připojení mohou být účtovány další poplatky. Chcete pokračovat?"},{"$i":"downloadUpdatesViaDataRoamingConnection","$v":"Stáhnout aktualizace během roamingu?"},{"$i":"downloadUpdatesViaDataRoamingConnectionMessage","$v":"Momentálně jste připojeni pomocí roamingu a mohou být účtovány další poplatky. Chcete pokračovat?"},{"$i":"screenshotSaved","$v":"Náhled uložen do galerie"},{"$i":"screenshotFailed","$v":"Náhled se nepodařilo uložit"},{"$i":"screenshotNoSDCard","$v":"Paměťová karta nebyla nalezena"},{"$i":"screenshotSDCardInUse","$v":"Paměťová karta je používána"},{"$i":"screenshotSDCardLow","$v":"Na paměťové kartě není dostatek místa"},{"$i":"logsSaved","$v":"Logy uloženy do úložiště"},{"$i":"logsSaveError","$v":"Během ukládání logů nastala chyba"},{"$i":"logsSaving","$v":"Získávání logů…"},{"$i":"logsOperationFailed","$v":["Operace ",{"t":"idOrVar","v":"operation"}," selhala."]},{"$i":"logsGenericError","$v":"Nastala neočekávaná chyba."},{"$i":"logsSDCardMaybeShared","$v":"Ujistěte se, že SD karta není sdílena s počítačem."},{"$i":"emergency-call-button","$v":"Tísňové volání"},{"$i":"emergency-call","$v":"Tísňové volání"},{"$i":"unlock-a11y-button","ariaLabel":"Odemknout"},{"$i":"camera-a11y-button","ariaLabel":"Kamera"},{"$i":"longDateFormat","$v":"%A %e. %B"},{"$i":"panel-passcode","ariaLabel":"Panel s heslem"},{"$i":"open-notification","$v":"otevřít"},{"$i":"softwareHomeButton","ariaLabel":"Domů"},{"$i":"login","$v":"Přihlásit"},{"$i":"sign-in-to-website","$v":"Přihlásit se na webovou stránku"},{"$i":"username","$v":"Uživatel"},{"$i":"password","$v":"Heslo"},{"$i":"http-authentication-message2","$v":["Stránka ",{"t":"idOrVar","v":"host"}," požaduje, abyste se přihlásili."]},{"$i":"error-message","$v":["Při nahrávání aplikace ",{"t":"idOrVar","v":"name"}," nastala chyba"]},{"$i":"error-title","$v":["Chyba v aplikaci ",{"t":"idOrVar","v":"name"}," "]},{"$i":"unable-to-connect","$v":"Chyba spojení"},{"$i":"tap-to-check-settings","$v":"Klepněte pro kontrolu nastavení"},{"$i":"delete-title","$v":["Smazat ",{"t":"idOrVar","v":"name"}]},{"$i":"delete-body","$v":["Aplikace ",{"t":"idOrVar","v":"name"}," a všechna související data budou smazána."]},{"$i":"delete","$v":"Smazat"},{"$i":"unrecoverable-error-title","$v":"Odstranění aplikace"},{"$i":"unrecoverable-error-body","$v":"Aplikaci nelze nainstalovat z důvodu neopravitelné chyby. Zkuste ji prosím stáhnout znovu. Aplikace bude nyní odebrána ze zařízení."},{"$i":"unrecoverable-error-action","$v":"OK"},{"$i":"data-roaming-enabled-title","$v":"Povolit datové připojení v roamingu?"},{"$i":"data-roaming-enabled-warning2","$v":"Pokud se chcete připojit k Internetu, musíte zapnout datový roaming. V závislosti na sjednané službě mohou být data v roamingu speciálně zpoplatněna. Chcete zapnout datové připojení?"},{"$i":"select-time","$v":"Volba času"},{"$i":"choose-option","$v":"Volba"},{"$i":"choose-options","$v":"Volba"},{"$i":"select-day","$v":"Volba dne"},{"$i":"battery-almost-empty3","$v":"Baterie je téměř vybita"},{"$i":"plug-in-your-charger","$v":"Prosím připojte nabíječku."},{"$i":"new-window","$v":"Nové okno"},{"$i":"new-private-window","$v":"Nové soukromé okno"},{"$i":"show-windows","$v":"Ukázat okna"},{"$i":"add-to-home-screen","$v":"Přidat na domovskou obrazovku"},{"$i":"share","$v":"Sdílet"},{"$i":"crash-dialog2-os","$v":["Systém ",{"t":"idOrVar","v":"brandShortName"}," byl obnoven po pádu"]},{"$i":"crash-dialog-app","$v":["Aplikace ",{"t":"idOrVar","v":"name"}," spadla"]},{"$i":"crash-dialog-app-noname","$v":"Something"},{"$i":"crash-dialog-message","$v":"Chcete odeslat Mozille hlášení o pádu a pomoci nám opravit problém? (Hlášení je posíláno pouze pomocí Wi-Fi.)"},{"$i":"crash-info-link","$v":"Co obsahuje hlášení o pádu?"},{"$i":"crash-always-report","$v":"Pokud dojde k pádu, vždy odeslat Mozille hlášení."},{"$i":"crash-dont-send","$v":"Neposílat"},{"$i":"crash-end","$v":"Poslat hlášení"},{"$i":"crashReports","$v":"Hlášení o pádu"},{"$i":"done","$v":"Hotovo"},{"$i":"crash-reports-description-1","$v":"Hlášení o pádu obsahuje některé detaily o pádu a vašem zařízení. Stejně tak obsahuje snímek stavu vašeho zařízení v době pádu."},{"$i":"crash-reports-description-2","$v":"Může se jednat o otevřené stránky, aplikace, text zadaný do formulářů, obsah otevřených zpráv, nedávná historie prohlížení či informace o umístění používané otevřenou aplikací."},{"$i":"crash-reports-description-3-start","$v":"Hlášení o pádech používáme pro opravy problémů a vylepšování našich produktů. S vašimi informacemi pracujeme tak, jak je popsáno v našich"},{"$i":"crash-reports-description-3-privacy","$v":"zásadách soukromí"},{"$i":"crash-reports-description-3-end","$v":"."},{"$i":"crash-banner-os2","$v":[{"t":"idOrVar","v":"brandShortName"}," spadl."]},{"$i":"crash-banner-app","$v":["Aplikace ",{"t":"idOrVar","v":"name"}," spadla."]},{"$i":"crash-banner-report","$v":"Hlášení o pádu"},{"$i":"bluetooth-sending-progress","$v":"Odchozí přenos Bluetooth"},{"$i":"bluetooth-receiving-progress","$v":"Příchozí přenos Bluetooth"},{"$i":"acceptFileTransfer","$v":"Přijmout přenos souboru pomocí Bluetooth?"},{"$i":"wantToReceiveFile","$v":["Zařízení ",{"t":"idOrVar","v":"deviceName"}," by rádo přeneslo soubor ",{"t":"idOrVar","v":"fileName"}," (",{"t":"idOrVar","v":"fileSize"},")."]},{"$i":"transfer-confirmation-title","$v":[{"t":"idOrVar","v":"deviceName"}]},{"$i":"transfer-confirmation-description","$v":"Požadavek na přenesení souboru."},{"$i":"byteUnit-B","$v":"bajtů"},{"$i":"byteUnit-KB","$v":"KB"},{"$i":"byteUnit-MB","$v":"MB"},{"$i":"byteUnit-GB","$v":"GB"},{"$i":"byteUnit-TB","$v":"TB"},{"$i":"byteUnit-PB","$v":"PB"},{"$i":"byteUnit-EB","$v":"EB"},{"$i":"byteUnit-ZB","$v":"ZB"},{"$i":"byteUnit-YB","$v":"YB"},{"$i":"fileSize","$v":[{"t":"idOrVar","v":"size"}," ",{"t":"idOrVar","v":"unit"}]},{"$i":"deny","$v":"Odmítnout"},{"$i":"transfer","$v":"Přenést"},{"$i":"cancelFileTransfer","$v":"Zrušit přenos souboru pomocí Bluetooth?"},{"$i":"continueFileTransfer","$v":"Pokračovat"},{"$i":"transfer-has-started-title","$v":"Přenos byl zahájen"},{"$i":"transfer-has-started-description","$v":"Stav zjistíte v panelu upozornění"},{"$i":"transferFinished-sentSuccessful-title","$v":"Odesílání dokončeno"},{"$i":"transferFinished-receivedSuccessful-title","$v":"Soubor obdržen"},{"$i":"transferFinished-sentFailed-title","$v":"Odesílání souboru selhalo"},{"$i":"transferFinished-receivedFailed-title","$v":"Soubor nemůže být přijat"},{"$i":"transferFinished-try-again-description","$v":"Cannot send file right now. Please try again later."},{"$i":"transferReport-title","$v":"Stav přenosu:"},{"$i":"transferReport-description","$v":[{"t":"idOrVar","v":"numSuccessful"}," souborů úspěšně, ",{"t":"idOrVar","v":"numUnsuccessful"}," neúspěšně"]},{"$i":"unknown-file","$v":"Neznámý soubor"},{"$i":"unknown-device","$v":"Neznámé zařízení"},{"$i":"cannotOpenFile","$v":"Nelze otevřít přenesený soubor"},{"$i":"unknownMediaTypeToOpenFile","$v":["Nelze otevřít neznámý typ média: ",{"t":"idOrVar","v":"fileName"}]},{"$i":"cannotReceiveFile","$v":"Nelze přijmout soubor"},{"$i":"cannotGetStorageState","$v":"Nelze zjistit stav úložiště"},{"$i":"sdcard-not-exist2","$v":"Paměťová karta nebyla nalezena. Vložte prosím paměťovou kartu."},{"$i":"sdcard-in-use","$v":"Bluetooth nelze použít při připojeném telefonu. Pro přijetí souboru odpojte prosím telefon."},{"$i":"sdcard-no-space2","$v":"Přenos se nepodařilo dokončit: paměťová karta je plná."},{"$i":"unknown-error","$v":"Neznámá chyba"},{"$i":"confirm","$v":"Potvrdit"},{"$i":"sdcard-detected-title","$v":"Nalezena karta SD"},{"$i":"sdcard-total-size-body","$v":["Celková kapacita: ",{"t":"idOrVar","v":"size"}," ",{"t":"idOrVar","v":"unit"}]},{"$i":"sdcard-unknown-size-then-tap-to-format-body","$v":"Neznámá velikost, klepněte pro zformátování."},{"$i":"sdcard-removed-title","$v":"Karta SD byla odebrána"},{"$i":"sdcard-removed-ejected-successfully","$v":"Karta byla v pořádku odpojena"},{"$i":"sdcard-removed-not-ejected-properly","$v":"Odpojení karty neproběhlo v pořádku"},{"$i":"microphone-is-on","$v":"Mikrofon je zapnut"},{"$i":"camera-is-on","$v":"Kamera je zapnuta"},{"$i":"media-is-on","$v":"Kamera a mikrofon jsou zapnuty"},{"$i":"noSimCard","$v":"Není SIM karta"},{"$i":"simPin","$v":"PIN"},{"$i":"pukCode","$v":"Kód PUK"},{"$i":"nckCode","$v":"Kód NCK"},{"$i":"cckCode","$v":"Kód CCK"},{"$i":"spckCode","$v":"Kód SPCK"},{"$i":"nck1code","$v":"Kód NCK1"},{"$i":"nck2code","$v":"Kód NCK2"},{"$i":"hnckcode","$v":"Kód HNCK"},{"$i":"rcckcode","$v":"Kód RCCK"},{"$i":"rspckcode","$v":"Kód RSPCK"},{"$i":"whatIsSimPin","$v":"Co je PIN?"},{"$i":"simPinIntro1","$v":"PIN zamezuje přístup SIM karty k mobilním datovým sítím. Když je povolen, pak jakékoliv zařízení se SIM kartou bude po restartu vyžadovat PIN."},{"$i":"simPinIntro2","$v":"PIN není to samé jako heslo používané pro odblokování zařízení."},{"$i":"changeSimPin","$v":"Změnit PIN"},{"$i":"pinTitle","$v":"Vložení PIN"},{"$i":"multiSIMpinTitle","$v":["Vložení PIN SIM ",{"t":"idOrVar","v":"n"}]},{"$i":"pukTitle","$v":"Vložení kódu PUK"},{"$i":"nckTitle","$v":"Vložení kódu NCK"},{"$i":"cckTitle","$v":"Vložení kódu CCK"},{"$i":"spckTitle","$v":"Vložení kódu SPCK"},{"$i":"nck1Title","$v":"Vložení kódu NCK1"},{"$i":"nck2Title","$v":"Vložení kódu NCK2"},{"$i":"hnckTitle","$v":"Vložení kódu HNCK"},{"$i":"rcckTitle","$v":"Vložení kódu RCCK"},{"$i":"rspckTitle","$v":"Vložení kódu RSPCK"},{"$i":"newpinTitle","$v":"Nový PIN"},{"$i":"inputCodeRetriesLeft","$v":{"one":"poslední pokus","two":["Zbývají ",{"t":"idOrVar","v":"n"}," pokusy."],"few":["Zbývají ",{"t":"idOrVar","v":"n"}," pokusy."],"many":["Zbývá ",{"t":"idOrVar","v":"n"}," pokusů."],"other":["Zbývá ",{"t":"idOrVar","v":"n"}," pokusů."]},"$x":[{"t":"idOrVar","v":"plural"},"n"]},{"$i":"pinErrorMsg","$v":"PIN není správný."},{"$i":"pinAttemptMsg2","$v":{"one":"Zbývá vám jeden pokus o vložení správného kódu než bude SIM karta zablokována.","two":["Zbývají vám ",{"t":"idOrVar","v":"n"}," pokusy o vložení správného kódu než bude SIM karta zablokována."],"few":["Zbývají vám ",{"t":"idOrVar","v":"n"}," pokusy o vložení správného kódu než bude SIM karta zablokována."],"many":["Zbývá vám ",{"t":"idOrVar","v":"n"}," pokusů o vložení správného kódu než bude SIM karta zablokována."],"other":["Zbývá vám ",{"t":"idOrVar","v":"n"}," pokusů o vložení správného kódu než bude SIM karta zablokována."]},"$x":[{"t":"idOrVar","v":"plural"},"n"]},{"$i":"pinLastChanceMsg","$v":"Toto je poslední možnost zadání správného PIN. Příště již budete muset pro použití karty SIM zadat PUK kód."},{"$i":"simCardLockedMsg","$v":"SIM karta je zablokovaná."},{"$i":"enterPukMsg","$v":"Musíte zadat Personal Unlocking Key (PUK) pro vaši SIM kartu. Nahlédněte do dokumentace ke své SIM kartě nebo pro více informací kontaktujte operátora."},{"$i":"pukErrorMsg","$v":"PUK kód je neplatný."},{"$i":"pukAttemptMsg2","$v":{"one":"Máte ještě jeden pokus o vložení správného kódu předtím než bude karta SIM trvale nepoužitelná. Nahlédněte do dokumentace ke své SIM kartě nebo pro více informací kontaktujte operátora.","two":["Máte ještě ",{"t":"idOrVar","v":"n"}," pokusy o vložení správného kódu předtím než bude karta SIM trvale nepoužitelná. Nahlédněte do dokumentace ke své SIM kartě nebo pro více informací kontaktujte operátora."],"few":["Máte ještě ",{"t":"idOrVar","v":"n"}," pokusy o vložení správného kódu předtím než bude karta SIM trvale nepoužitelná. Nahlédněte do dokumentace ke své SIM kartě nebo pro více informací kontaktujte operátora."],"many":["Máte ještě ",{"t":"idOrVar","v":"n"}," pokusů o vložení správného kódu předtím než bude karta SIM trvale nepoužitelná. Nahlédněte do dokumentace ke své SIM kartě nebo pro více informací kontaktujte operátora."],"other":["Máte ještě ",{"t":"idOrVar","v":"n"}," pokusů o vložení správného kódu předtím než bude karta SIM trvale nepoužitelná. Nahlédněte do dokumentace ke své SIM kartě nebo pro více informací kontaktujte operátora."]},"$x":[{"t":"idOrVar","v":"plural"},"n"]},{"$i":"pukLastChanceMsg","$v":"Poslední možnost vložit správný PUK kód. Pokud vložíte chybný PUK kód, bude vaše SIM karta trvale nepoužitelná. Nahlédněte do dokumentace ke své SIM kartě nebo pro více informací kontaktujte operátora. "},{"$i":"newSimPinMsg","$v":"Vytvoření PIN (musí obsahovat 4 až 8 čísel)"},{"$i":"confirmNewSimPinMsg","$v":"Potvrzení nového PIN"},{"$i":"newPinErrorMsg","$v":"Zadané kódy PIN si neodpovídají."},{"$i":"nckErrorMsg","$v":"NCK kód je neplatný."},{"$i":"nckAttemptMsg2","$v":{"one":"Požadavek na změnu sítě selhal. Máte ještě jeden pokus o vložení správného kódu. Nahlédněte do dokumentace ke své SIM kartě nebo pro více informací kontaktujte operátora.","two":["Požadavek na změnu sítě selhal. Máte ještě ",{"t":"idOrVar","v":"n"}," pokusy o vložení správného kódu. Nahlédněte do dokumentace ke své SIM kartě nebo pro více informací kontaktujte operátora."],"few":["Požadavek na změnu sítě selhal. Máte ještě ",{"t":"idOrVar","v":"n"}," pokusy o vložení správného kódu. Nahlédněte do dokumentace ke své SIM kartě nebo pro více informací kontaktujte operátora."],"many":["Požadavek na změnu sítě selhal. Máte ještě ",{"t":"idOrVar","v":"n"}," pokusů o vložení správného kódu. Nahlédněte do dokumentace ke své SIM kartě nebo pro více informací kontaktujte operátora."],"other":["Požadavek na změnu sítě selhal. Máte ještě ",{"t":"idOrVar","v":"n"}," pokusů o vložení správného kódu. Nahlédněte do dokumentace ke své SIM kartě nebo pro více informací kontaktujte operátora."]},"$x":[{"t":"idOrVar","v":"plural"},"n"]},{"$i":"nckLastChanceMsg","$v":"Požadavek na změnu sítě selhal. Poslední změna pro vložení správného NCK kódu. Nahlédněte do dokumentace ke své SIM kartě nebo pro více informací kontaktujte operátora.  "},{"$i":"activity-pick","$v":"Výběr z:"},{"$i":"activity-view","$v":"Zobrazit pomocí:"},{"$i":"activity-test","$v":"Otestovat pomocí:"},{"$i":"activity-share","$v":"Sdílet pomocí:"},{"$i":"activity-new","$v":"Vytvořit pomocí:"},{"$i":"activity-open","$v":"Otevřít pomocí:"},{"$i":"activity-save-bookmark","$v":"Přidat do záložek v:"},{"$i":"activity-record","$v":"Nahrát z:"},{"$i":"activity-browse","$v":"Prohlížet pomocí:"},{"$i":"activity-configure","$v":"Nastavit pomocí:"},{"$i":"activity-dial","$v":"Zavolat z:"},{"$i":"persona-signin","$v":"Přihlásit"},{"$i":"payment-flow","$v":"Koupit"},{"$i":"remoteDebuggerMessage","$v":"Byl zaznamenán požadavek na vzdálené připojení debuggeru. Povolit připojení?"},{"$i":"fullscreen-request","$v":[{"t":"idOrVar","v":"origin"}," je nyní v režimu celé obrazovky."]},{"$i":"captive-wifi-available","$v":["Byla nalezena síť ",{"t":"idOrVar","v":"networkName"},". Připojit se?"]},{"$i":"ceWarningtitle","$v":"Varování o hlasitosti"},{"$i":"ceWarningcontent","$v":"Jako prevenci před poškozením sluchu neposlouchejte po delší čas hudbu hlasitě."},{"$i":"notification-powersaving-mode-on-title","$v":"Úsporný režim"},{"$i":"notification-powersaving-mode-on-description","$v":"Úsporný režim je zapnut"},{"$i":"low-device-storage","$v":"Málo volného místa.\\n"},{"$i":"free-space","$v":{"zero":"Žádné zbývající volné místo.","one":["Zbývá méně než ",{"t":"idOrVar","v":"value"}," ",{"t":"idOrVar","v":"unit"},"."],"two":["Zbývá méně než ",{"t":"idOrVar","v":"value"}," ",{"t":"idOrVar","v":"unit"},"."],"few":["Zbývá méně než ",{"t":"idOrVar","v":"value"}," ",{"t":"idOrVar","v":"unit"},"."],"many":["Zbývá méně než ",{"t":"idOrVar","v":"value"}," ",{"t":"idOrVar","v":"unit"},"."],"other":["Zbývá méně než ",{"t":"idOrVar","v":"value"}," ",{"t":"idOrVar","v":"unit"},"."]},"$x":[{"t":"idOrVar","v":"plural"},"value"]},{"$i":"unknown-free-space","$v":"Neznámý stav zbývajícího místa."},{"$i":"system-alert","$v":"Systémové upozornění"},{"$i":"cb-channel","$v":["Kanál ",{"t":"idOrVar","v":"channel"}]},{"$i":"cb-etws-warningType-earthquake","$v":"Varování před zemětřesením!"},{"$i":"cb-etws-warningType-tsunami","$v":"Varování přes tsunami!"},{"$i":"cb-etws-warningType-earthquake-tsunami","$v":"Varování před zemětřesením a tsunami!"},{"$i":"cb-etws-warningType-test","$v":"Testuje se systém varování."},{"$i":"cb-etws-warningType-other","$v":"Nouzové varování!"},{"$i":"icc-message-maintitle","$v":"Zpráva operátora"},{"$i":"icc-message-subtitle","$v":["SIM ",{"t":"idOrVar","v":"id"}]},{"$i":"icc-confirmCall-defaultmessage","$v":["Vytočit ",{"t":"idOrVar","v":"number"},"?"]},{"$i":"icc-alertMessage-defaultmessage","$v":"Poslání zprávy"},{"$i":"icc-confirmMessage-defaultmessage","$v":"Poslat zprávu?"},{"$i":"icc-notification-title","$v":["SIM ",{"t":"idOrVar","v":"id"}," STK"]},{"$i":"icc-inputbox-maintitle","$v":"STK dotaz"},{"$i":"icc-inputbox-subtitle","$v":["SIM ",{"t":"idOrVar","v":"id"}]},{"$i":"emergency-callback-mode","$v":"Režim nouzového zpětného volání"},{"$i":"emergency-callback-message","$v":"Nemůžete uskutečnit hovory, poslat zprávy či být online, protože je aktivován režim nouzového volání. Chcete tento režim vypnout?"},{"$i":"cdma-record-info","$v":"Informace o záznamu CDMA"},{"$i":"ime-switching-title","$v":[{"t":"idOrVar","v":"appName"},": ",{"t":"idOrVar","v":"name"}]},{"$i":"ime-switching-tip","$v":"Klepněte pro přepnutí metody vstupu"},{"$i":"shrinking-tip","$v":"Přejetím sdílet"},{"$i":"download_started","$v":"Stahování zahájeno"},{"$i":"download_stopped","$v":"Stahování ukončeno"},{"$i":"download_downloading","$v":"Stahování…"},{"$i":"download_succeeded","$v":"Stahování dokončeno"},{"$i":"download_failed","$v":"Stahování selhalo"},{"$i":"download_text_by_default","$v":[{"t":"idOrVar","v":"name"}]},{"$i":"download_downloading_text_2","$v":[{"t":"idOrVar","v":"percentage"},"% - ",{"t":"idOrVar","v":"name"}]},{"$i":"search-the-web","$v":"Hledat na webu"},{"$i":"search-or-enter-address","$v":"Zadejte hledání nebo adresu","placeholder":"Zadejte hledání nebo adresu"},{"$i":"back-button","ariaLabel":"Back"},{"$i":"forward-button","ariaLabel":"Forward"},{"$i":"reload-button","ariaLabel":"Opětovně načíst"},{"$i":"stop-button","ariaLabel":"Přerušit"},{"$i":"windows-button","ariaLabel":"Show windows"},{"$i":"noHotspotWhenAPMisOnWifiHotspot","$v":"Pro použití Wi-Fi hotspotu vypněte režim V letadle."},{"$i":"apmActivated","$v":"Režim V letadle je aktivován"},{"$i":"open-in-new-window","$v":"Otevřít v novém okně"},{"$i":"open-in-new-private-window","$v":"Otevřít v novém soukromém okně"},{"$i":"add-link-to-home-screen","$v":"Přidat odkaz na úvodní obrazovku"},{"$i":"share-link","$v":"Sdílet odkaz"},{"$i":"save-image","$v":"Uložit obrázek"},{"$i":"save-video","$v":"Uložit video"},{"$i":"save-audio","$v":"Uložit audio"},{"$i":"save-link","$v":"Uložit odkaz"},{"$i":"share-image","$v":"Sdílet obrázek"},{"$i":"share-video","$v":"Sdílet video"},{"$i":"share-audio","$v":"Sdílet audio"},{"$i":"private-window","$v":"Private Window"},{"$i":"private-window-detail1","$v":"The browser won’t keep any browser history, cookies, or temporary Internet files."},{"$i":"private-window-detail2","$v":"While this device won’t have a record of your browsing history, your Internet service provider can still track the pages you visit."},{"$i":"okCharsLeft","$v":["OK (",{"t":"idOrVar","v":"n"},")"]},{"$i":"accessibility-enableScreenReaderSteps","$v":"Pro spuštění čtečky obrazovky stiskněte tlačítko přidání hlasitosti a následně snížení hlasitosti třikrát po sobě"},{"$i":"accessibility-disableScreenReaderSteps","$v":"Pro ukončení čtečky obrazovky stiskněte tlačítko přidání hlasitosti a následně snížení hlasitosti třikrát po sobě"},{"$i":"accessibility-screenReaderStarted","$v":"Čtečka obrazovky spuštěna"},{"$i":"accessibility-screenReaderStopped","$v":"Čtečka obrazovky ukončena"},{"$i":"accessibility-menubar","$v":"hlavní nabídka"},{"$i":"accessibility-scrollbar","$v":"posuvník"},{"$i":"accessibility-grip","$v":"úchytka"},{"$i":"accessibility-alert","$v":"výstraha"},{"$i":"accessibility-menupopup","$v":"vyskakovací nabídka"},{"$i":"accessibility-document","$v":"dokument"},{"$i":"accessibility-pane","$v":"panel"},{"$i":"accessibility-dialog","$v":"dialog"},{"$i":"accessibility-separator","$v":"oddělovač"},{"$i":"accessibility-toolbar","$v":"nástrojová lišta"},{"$i":"accessibility-statusbar","$v":"stavový řádek"},{"$i":"accessibility-table","$v":"tabulka"},{"$i":"accessibility-columnheader","$v":"záhlaví sloupce"},{"$i":"accessibility-rowheader","$v":"záhlaví řádku"},{"$i":"accessibility-column","$v":"sloupce"},{"$i":"accessibility-row","$v":"řádek"},{"$i":"accessibility-cell","$v":"buňka"},{"$i":"accessibility-link","$v":"odkaz"},{"$i":"accessibility-list","$v":"seznam"},{"$i":"accessibility-listitem","$v":"položka seznamu"},{"$i":"accessibility-outline","$v":"výčet"},{"$i":"accessibility-outlineitem","$v":"položka výčtu"},{"$i":"accessibility-pagetab","$v":"panel stránky"},{"$i":"accessibility-propertypage","$v":"stránka vlastností"},{"$i":"accessibility-graphic","$v":"grafika"},{"$i":"accessibility-pushbutton","$v":"tlačítko"},{"$i":"accessibility-checkbutton","$v":"zaškrtávátko"},{"$i":"accessibility-radiobutton","$v":"přepínač"},{"$i":"accessibility-combobox","$v":"rozbalovací pole"},{"$i":"accessibility-progressbar","$v":"ukazatel průběhu"},{"$i":"accessibility-slider","$v":"posuvník"},{"$i":"accessibility-spinbutton","$v":"spin button"},{"$i":"accessibility-diagram","$v":"diagram"},{"$i":"accessibility-animation","$v":"animace"},{"$i":"accessibility-equation","$v":"equation"},{"$i":"accessibility-buttonmenu","$v":"tlačítková nabídka"},{"$i":"accessibility-whitespace","$v":"bílá mezera"},{"$i":"accessibility-pagetablist","$v":"seznam panelů stránek"},{"$i":"accessibility-canvas","$v":"canvas"},{"$i":"accessibility-checkmenuitem","$v":"položka zaškrtávací nabídky"},{"$i":"accessibility-label","$v":"jmenovka"},{"$i":"accessibility-passwordtext","$v":"heslo"},{"$i":"accessibility-radiomenuitem","$v":"položka přepínací nabídky"},{"$i":"accessibility-textcontainer","$v":"textová oblast"},{"$i":"accessibility-togglebutton","$v":"přepínací tlačítko"},{"$i":"accessibility-treetable","$v":"stromová tabulka"},{"$i":"accessibility-header","$v":"záhlaví"},{"$i":"accessibility-footer","$v":"zápatí"},{"$i":"accessibility-paragraph","$v":"odstavec"},{"$i":"accessibility-entry","$v":"položka"},{"$i":"accessibility-caption","$v":"popisek"},{"$i":"accessibility-heading","$v":"záhlaví"},{"$i":"accessibility-section","$v":"sekce"},{"$i":"accessibility-form","$v":"formulář"},{"$i":"accessibility-comboboxlist","$v":"rozbalovací seznam"},{"$i":"accessibility-comboboxoption","$v":"položka rozbalovacího seznamu"},{"$i":"accessibility-imagemap","$v":"obrázková mapa"},{"$i":"accessibility-listboxoption","$v":"položka seznamu"},{"$i":"accessibility-listbox","$v":"seznam"},{"$i":"accessibility-flatequation","$v":"flat equation"},{"$i":"accessibility-gridcell","$v":"buňka mřížky"},{"$i":"accessibility-note","$v":"poznámka"},{"$i":"accessibility-figure","$v":"kresba"},{"$i":"accessibility-definitionlist","$v":"seznam definic"},{"$i":"accessibility-term","$v":"výraz"},{"$i":"accessibility-definition","$v":"definice"},{"$i":"accessibility-textarea","$v":"textová oblast"},{"$i":"accessibility-textInputType_date","$v":"datum"},{"$i":"accessibility-textInputType_email","$v":"e-mail"},{"$i":"accessibility-textInputType_search","$v":"vyhledávání"},{"$i":"accessibility-textInputType_tel","$v":"telefon"},{"$i":"accessibility-textInputType_url","$v":"URL"},{"$i":"accessibility-headingLevel","$v":["záhlaví úrovně ",{"t":"idOrVar","v":"0"}]},{"$i":"accessibility-listStart","$v":"První položka"},{"$i":"accessibility-listEnd","$v":"Poslední položka"},{"$i":"accessibility-listItemsCount","$v":{"zero":[{"t":"idOrVar","v":"count"}," položek"],"one":[{"t":"idOrVar","v":"count"}," položka"],"two":[{"t":"idOrVar","v":"count"}," položky"],"few":[{"t":"idOrVar","v":"count"}," položky"],"many":[{"t":"idOrVar","v":"count"}," položek"],"other":[{"t":"idOrVar","v":"count"}," položek"]},"$x":[{"t":"idOrVar","v":"plural"},"count"]},{"$i":"accessibility-objItemOfN","$v":[{"t":"idOrVar","v":"0"}," z ",{"t":"idOrVar","v":"1"}]},{"$i":"accessibility-banner","$v":"plakát"},{"$i":"accessibility-complementary","$v":"doplněk"},{"$i":"accessibility-contentinfo","$v":"info o obsahu"},{"$i":"accessibility-main","$v":"hlavní"},{"$i":"accessibility-navigation","$v":"navigace"},{"$i":"accessibility-search","$v":"vyhledávání"},{"$i":"accessibility-tblColumnInfo","$v":{"zero":["s ",{"t":"idOrVar","v":"count"}," sloupci"],"one":["s ",{"t":"idOrVar","v":"count"}," sloupcem"],"two":["s ",{"t":"idOrVar","v":"count"}," sloupci"],"few":["s ",{"t":"idOrVar","v":"count"}," sloupci"],"many":["s ",{"t":"idOrVar","v":"count"}," sloupci"],"other":["s ",{"t":"idOrVar","v":"count"}," sloupci"]},"$x":[{"t":"idOrVar","v":"plural"},"count"]},{"$i":"accessibility-tblRowInfo","$v":{"zero":["a ",{"t":"idOrVar","v":"count"}," řádky"],"one":["a ",{"t":"idOrVar","v":"count"}," řádkem"],"two":["a ",{"t":"idOrVar","v":"count"}," řádky"],"few":["a ",{"t":"idOrVar","v":"count"}," řádky"],"many":["a ",{"t":"idOrVar","v":"count"}," řádky"],"other":["a ",{"t":"idOrVar","v":"count"}," řádky"]},"$x":[{"t":"idOrVar","v":"plural"},"count"]},{"$i":"accessibility-columnInfo","$v":["Sloupec ",{"t":"idOrVar","v":"0"}]},{"$i":"accessibility-rowInfo","$v":["Řádek ",{"t":"idOrVar","v":"0"}]},{"$i":"accessibility-spansColumns","$v":{"zero":["rozpětí ",{"t":"idOrVar","v":"0"}," sloupců"],"one":["rozpětí ",{"t":"idOrVar","v":"0"}," sloupec"],"two":["rozpětí ",{"t":"idOrVar","v":"0"}," sloupce"],"few":["rozpětí ",{"t":"idOrVar","v":"0"}," sloupce"],"many":["rozpětí ",{"t":"idOrVar","v":"0"}," sloupců"],"other":["rozpětí ",{"t":"idOrVar","v":"0"}," sloupců"]},"$x":[{"t":"idOrVar","v":"plural"},"0"]},{"$i":"accessibility-spansRows","$v":{"zero":["rozpětí ",{"t":"idOrVar","v":"0"}," řádků"],"one":["rozpětí ",{"t":"idOrVar","v":"0"}," řádek"],"two":["rozpětí ",{"t":"idOrVar","v":"0"}," řádky"],"few":["rozpětí ",{"t":"idOrVar","v":"0"}," řádky"],"many":["rozpětí ",{"t":"idOrVar","v":"0"}," řádků"],"other":["rozpětí ",{"t":"idOrVar","v":"0"}," řádků"]},"$x":[{"t":"idOrVar","v":"plural"},"0"]},{"$i":"accessibility-jumpAction","$v":"skočeno"},{"$i":"accessibility-pressAction","$v":"stisknuto"},{"$i":"accessibility-checkAction","$v":"zaškrtnuto"},{"$i":"accessibility-uncheckAction","$v":"odškrtuto"},{"$i":"accessibility-selectAction","$v":"vybráno"},{"$i":"accessibility-unselectAction","$v":"zrušen výběr"},{"$i":"accessibility-openAction","$v":"otevřeno"},{"$i":"accessibility-closeAction","$v":"zavřeno"},{"$i":"accessibility-switchAction","$v":"přepnuto"},{"$i":"accessibility-clickAction","$v":"klepnuto"},{"$i":"accessibility-collapseAction","$v":"sbaleno"},{"$i":"accessibility-expandAction","$v":"rozbaleno"},{"$i":"accessibility-activateAction","$v":"spuštěno"},{"$i":"accessibility-cycleAction","$v":"opakováno"},{"$i":"accessibility-hidden","$v":"skryto"},{"$i":"accessibility-tabLoading","$v":"nahrávání"},{"$i":"accessibility-tabLoaded","$v":"nahráno"},{"$i":"accessibility-tabNew","$v":"nový panel"},{"$i":"accessibility-tabLoadStopped","$v":"nahrávání zastaveno"},{"$i":"accessibility-tabReload","$v":"obnovování"},{"$i":"accessibility-stateChecked","$v":"zaškrtnuto"},{"$i":"accessibility-stateNotChecked","$v":"nezaškrtnuto"},{"$i":"accessibility-statePressed","$v":"stisknuto"},{"$i":"accessibility-stateExpanded","$v":"rozbaleno"},{"$i":"accessibility-stateCollapsed","$v":"sbaleno"},{"$i":"accessibility-stateUnavailable","$v":"nedostupné"},{"$i":"accessibility-stateRequired","$v":"požadováno"},{"$i":"accessibility-stateTraversed","$v":"navštíveno"},{"$i":"accessibility-stateHasPopup","$v":"obsahuje vyskakovací okno"},{"$i":"accessibility-stateSelected","$v":"vybráno"},{"$i":"accessibility-editingMode","$v":"editace"},{"$i":"accessibility-navigationMode","$v":"navigace"},{"$i":"accessibility-quicknav_Simple","$v":"Výchozí"},{"$i":"accessibility-quicknav_Anchor","$v":"Kotvy"},{"$i":"accessibility-quicknav_Button","$v":"Tlačítka"},{"$i":"accessibility-quicknav_Combobox","$v":"Rozbalovací seznam"},{"$i":"accessibility-quicknav_Landmark","$v":"Orientační body"},{"$i":"accessibility-quicknav_Entry","$v":"Položky"},{"$i":"accessibility-quicknav_FormElement","$v":"Prvky formuláře"},{"$i":"accessibility-quicknav_Graphic","$v":"Obrázky"},{"$i":"accessibility-quicknav_Heading","$v":"Záhlaví"},{"$i":"accessibility-quicknav_ListItem","$v":"Položky seznamu"},{"$i":"accessibility-quicknav_Link","$v":"Odkazy"},{"$i":"accessibility-quicknav_List","$v":"Seznamy"},{"$i":"accessibility-quicknav_PageTab","$v":"Panely stránky"},{"$i":"accessibility-quicknav_RadioButton","$v":"Přepínače"},{"$i":"accessibility-quicknav_Separator","$v":"Oddělovače"},{"$i":"accessibility-quicknav_Table","$v":"Tabulky"},{"$i":"accessibility-quicknav_Checkbox","$v":"Zaškrtávátka"},{"$i":"accessibility-menubarAbbr","$v":"lišta nabídky"},{"$i":"accessibility-scrollbarAbbr","$v":"posuvník"},{"$i":"accessibility-gripAbbr","$v":"úchytka"},{"$i":"accessibility-alertAbbr","$v":"upozornění"},{"$i":"accessibility-menupopupAbbr","$v":"vyskakovací nabídka"},{"$i":"accessibility-documentAbbr","$v":"dokument"},{"$i":"accessibility-paneAbbr","$v":"panel"},{"$i":"accessibility-dialogAbbr","$v":"dialog"},{"$i":"accessibility-separatorAbbr","$v":"oddělovač"},{"$i":"accessibility-toolbarAbbr","$v":"lišta"},{"$i":"accessibility-statusbarAbbr","$v":"stavový řádek"},{"$i":"accessibility-tableAbbr","$v":"tab"},{"$i":"accessibility-columnheaderAbbr","$v":"záhlaví sloupce"},{"$i":"accessibility-rowheaderAbbr","$v":"záhlaví řádku"},{"$i":"accessibility-columnAbbr","$v":"sloupec"},{"$i":"accessibility-rowAbbr","$v":"řádek"},{"$i":"accessibility-cellAbbr","$v":"buňka"},{"$i":"accessibility-linkAbbr","$v":"odk"},{"$i":"accessibility-listAbbr","$v":"seznam"},{"$i":"accessibility-listitemAbbr","$v":"položka seznamu"},{"$i":"accessibility-outlineAbbr","$v":"výčet"},{"$i":"accessibility-outlineitemAbbr","$v":"položka výčtu"},{"$i":"accessibility-pagetabAbbr","$v":"panel"},{"$i":"accessibility-propertypageAbbr","$v":"stránka vlastností"},{"$i":"accessibility-graphicAbbr","$v":"grafika"},{"$i":"accessibility-pushbuttonAbbr","$v":"tla"},{"$i":"accessibility-checkbuttonAbbr","$v":"zaškrtávátko"},{"$i":"accessibility-radiobuttonAbbr","$v":"přepínač"},{"$i":"accessibility-comboboxAbbr","$v":"rozbalovací pole"},{"$i":"accessibility-progressbarAbbr","$v":"ukazatel průběhu"},{"$i":"accessibility-sliderAbbr","$v":"posuvník"},{"$i":"accessibility-spinbuttonAbbr","$v":"spin button"},{"$i":"accessibility-diagramAbbr","$v":"diagram"},{"$i":"accessibility-animationAbbr","$v":"animace"},{"$i":"accessibility-equationAbbr","$v":"equation"},{"$i":"accessibility-buttonmenuAbbr","$v":"tlačítková nabídka"},{"$i":"accessibility-whitespaceAbbr","$v":"bílá mezera"},{"$i":"accessibility-pagetablistAbbr","$v":"seznam panelů stránek"},{"$i":"accessibility-canvasAbbr","$v":"canvas"},{"$i":"accessibility-checkmenuitemAbbr","$v":"položka zaškrtávací nabídky"},{"$i":"accessibility-labelAbbr","$v":"jmenovka"},{"$i":"accessibility-passwordtextAbbr","$v":"heslo"},{"$i":"accessibility-radiomenuitemAbbr","$v":"položka přepínací nabídky"},{"$i":"accessibility-textcontainerAbbr","$v":"textová oblast"},{"$i":"accessibility-togglebuttonAbbr","$v":"přepínací tlačítko"},{"$i":"accessibility-treetableAbbr","$v":"stromová tabulka"},{"$i":"accessibility-headerAbbr","$v":"záhlaví"},{"$i":"accessibility-footerAbbr","$v":"zápatí"},{"$i":"accessibility-paragraphAbbr","$v":"odstavec"},{"$i":"accessibility-entryAbbr","$v":"položky"},{"$i":"accessibility-captionAbbr","$v":"popisek"},{"$i":"accessibility-headingAbbr","$v":"záhlaví"},{"$i":"accessibility-sectionAbbr","$v":"sekce"},{"$i":"accessibility-formAbbr","$v":"formulář"},{"$i":"accessibility-comboboxlistAbbr","$v":"rozbalovací seznam"},{"$i":"accessibility-comboboxoptionAbbr","$v":"položka rozbalovacího seznamu"},{"$i":"accessibility-imagemapAbbr","$v":"obrmap"},{"$i":"accessibility-listboxoptionAbbr","$v":"volba"},{"$i":"accessibility-listboxAbbr","$v":"seznam"},{"$i":"accessibility-flatequationAbbr","$v":"flat equation"},{"$i":"accessibility-gridcellAbbr","$v":"buňka mřížky"},{"$i":"accessibility-noteAbbr","$v":"poznámka"},{"$i":"accessibility-figureAbbr","$v":"kresba"},{"$i":"accessibility-definitionlistAbbr","$v":"seznam definic"},{"$i":"accessibility-termAbbr","$v":"výraz"},{"$i":"accessibility-definitionAbbr","$v":"definice"},{"$i":"accessibility-textareaAbbr","$v":"txtobl"},{"$i":"accessibility-tblColumnInfoAbbr","$v":{"one":[{"t":"idOrVar","v":"count"},"c"],"two":[{"t":"idOrVar","v":"count"},"c"],"few":[{"t":"idOrVar","v":"count"},"c"],"many":[{"t":"idOrVar","v":"count"},"c"],"other":[{"t":"idOrVar","v":"count"},"c"]},"$x":[{"t":"idOrVar","v":"plural"},"count"]},{"$i":"accessibility-tblRowInfoAbbr","$v":{"one":[{"t":"idOrVar","v":"count"},"r"],"two":[{"t":"idOrVar","v":"count"},"r"],"few":[{"t":"idOrVar","v":"count"},"r"],"many":[{"t":"idOrVar","v":"count"},"r"],"other":[{"t":"idOrVar","v":"count"},"r"]},"$x":[{"t":"idOrVar","v":"plural"},"count"]},{"$i":"accessibility-cellInfoAbbr","$v":["c",{"t":"idOrVar","v":"0"},"r",{"t":"idOrVar","v":"1"}]},{"$i":"accessibility-stateCheckedAbbr","$v":"(x)"},{"$i":"accessibility-stateUncheckedAbbr","$v":"( )"},{"$i":"accessibility-statePressedAbbr","$v":"(x)"},{"$i":"accessibility-stateUnpressedAbbr","$v":"( )"},{"$i":"accessibility-pushbutton-hint","$v":"Double tap to activate"},{"$i":"accessibility-checkbutton-hint","$v":"Double tap to activate"},{"$i":"accessibility-combobox-hint","$v":"Double tap to activate"},{"$i":"accessibility-key-hint","$v":"Tap and hold to activate"},{"$i":"accessibility-link-hint","$v":"Double tap to activate"},{"$i":"accessibility-menuitem-hint","$v":"Double tap to activate"},{"$i":"accessibility-option-hint","$v":"Double tap to activate"},{"$i":"accessibility-radiobutton-hint","$v":"Double tap to activate"},{"$i":"accessibility-slider-hint","$v":"Swipe up to increase or down to decrease"},{"$i":"accessibility-spinbutton-hint","$v":"Swipe up to increase or down to decrease"},{"$i":"accessibility-pagetab-hint","$v":"Double tap to activate"},{"$i":"accessibility-entry-hint","$v":"Double tap to activate"},{"$i":"accessibility-outlineitem-hint","$v":"Double tap to activate"},{"$i":"weekday-0-long","$v":"Neděle"},{"$i":"weekday-1-long","$v":"Pondělí"},{"$i":"weekday-2-long","$v":"Úterý"},{"$i":"weekday-3-long","$v":"Středa"},{"$i":"weekday-4-long","$v":"Čtvrtek"},{"$i":"weekday-5-long","$v":"Pátek"},{"$i":"weekday-6-long","$v":"Sobota"},{"$i":"weekday-0-short","$v":"Ne"},{"$i":"weekday-1-short","$v":"Po"},{"$i":"weekday-2-short","$v":"Út"},{"$i":"weekday-3-short","$v":"St"},{"$i":"weekday-4-short","$v":"Čt"},{"$i":"weekday-5-short","$v":"Pá"},{"$i":"weekday-6-short","$v":"So"},{"$i":"month-0-long","$v":"Leden"},{"$i":"month-1-long","$v":"Únor"},{"$i":"month-2-long","$v":"Březen"},{"$i":"month-3-long","$v":"Duben"},{"$i":"month-4-long","$v":"Květen"},{"$i":"month-5-long","$v":"Červen"},{"$i":"month-6-long","$v":"Červenec"},{"$i":"month-7-long","$v":"Srpen"},{"$i":"month-8-long","$v":"Září"},{"$i":"month-9-long","$v":"Říjen"},{"$i":"month-10-long","$v":"Listopad"},{"$i":"month-11-long","$v":"Prosinec"},{"$i":"month-0-genitive","$v":"Leden"},{"$i":"month-1-genitive","$v":"Únor"},{"$i":"month-2-genitive","$v":"Březen"},{"$i":"month-3-genitive","$v":"Duben"},{"$i":"month-4-genitive","$v":"Květen"},{"$i":"month-5-genitive","$v":"Červen"},{"$i":"month-6-genitive","$v":"Červenec"},{"$i":"month-7-genitive","$v":"Srpen"},{"$i":"month-8-genitive","$v":"Září"},{"$i":"month-9-genitive","$v":"Říjen"},{"$i":"month-10-genitive","$v":"Listopad"},{"$i":"month-11-genitive","$v":"Prosinec"},{"$i":"month-0-short","$v":"leden"},{"$i":"month-1-short","$v":"únor"},{"$i":"month-2-short","$v":"březen"},{"$i":"month-3-short","$v":"duben"},{"$i":"month-4-short","$v":"květen"},{"$i":"month-5-short","$v":"červen"},{"$i":"month-6-short","$v":"červenec"},{"$i":"month-7-short","$v":"srpen"},{"$i":"month-8-short","$v":"září"},{"$i":"month-9-short","$v":"říjen"},{"$i":"month-10-short","$v":"listopad"},{"$i":"month-11-short","$v":"prosinec"},{"$i":"minutes-ago-long","$v":{"zero":"právě teď","one":"před minutou","two":"před 2 minutami","few":["před ",{"t":"idOrVar","v":"value"}," minutami"],"many":["před ",{"t":"idOrVar","v":"value"}," minutami"],"other":["před ",{"t":"idOrVar","v":"value"}," minutami"]},"$x":[{"t":"idOrVar","v":"plural"},"value"]},{"$i":"hours-ago-long","$v":{"zero":"právě teď","one":"před hodinou","two":"před 2 hodinami","few":["před ",{"t":"idOrVar","v":"value"}," hodinami"],"many":["před ",{"t":"idOrVar","v":"value"}," hodinami"],"other":["před ",{"t":"idOrVar","v":"value"}," hodinami"]},"$x":[{"t":"idOrVar","v":"plural"},"value"]},{"$i":"days-ago-long","$v":{"zero":"dnes","one":"včera","two":"předevčírem","few":["před ",{"t":"idOrVar","v":"value"}," dny"],"many":["před ",{"t":"idOrVar","v":"value"}," dny"],"other":["před ",{"t":"idOrVar","v":"value"}," dny"]},"$x":[{"t":"idOrVar","v":"plural"},"value"]},{"$i":"weeks-ago-long","$v":{"zero":"tento týden","one":"minutý týden","two":["před ",{"t":"idOrVar","v":"value"}," týdny"],"few":["před ",{"t":"idOrVar","v":"value"}," týdny"],"many":["před ",{"t":"idOrVar","v":"value"}," týdny"],"other":["před ",{"t":"idOrVar","v":"value"}," týdny"]},"$x":[{"t":"idOrVar","v":"plural"},"value"]},{"$i":"months-ago-long","$v":{"zero":"tento měsíc","one":"minulý měsíc","two":["před ",{"t":"idOrVar","v":"value"}," měsíci"],"few":["před ",{"t":"idOrVar","v":"value"}," měsíci"],"many":["před ",{"t":"idOrVar","v":"value"}," měsíci"],"other":["před ",{"t":"idOrVar","v":"value"}," měsíci"]},"$x":[{"t":"idOrVar","v":"plural"},"value"]},{"$i":"years-ago-long","$v":{"zero":"tento rok","one":"minulý rok","two":["před ",{"t":"idOrVar","v":"value"}," roky"],"few":["před ",{"t":"idOrVar","v":"value"}," roky"],"many":["před ",{"t":"idOrVar","v":"value"}," roky"],"other":["před ",{"t":"idOrVar","v":"value"}," roky"]},"$x":[{"t":"idOrVar","v":"plural"},"value"]},{"$i":"minutes-until-long","$v":{"zero":"nyní","one":"za minutu","two":"za 2 minuty","few":["za ",{"t":"idOrVar","v":"value"}," minuty"],"many":["za ",{"t":"idOrVar","v":"value"}," minut"],"other":["za ",{"t":"idOrVar","v":"value"}," minut"]},"$x":[{"t":"idOrVar","v":"plural"},"value"]},{"$i":"hours-until-long","$v":{"zero":"nyní","one":"za hodinu","two":"za 2 hodiny","few":["za ",{"t":"idOrVar","v":"value"}," hodiny"],"many":["za ",{"t":"idOrVar","v":"value"}," hodin"],"other":["za ",{"t":"idOrVar","v":"value"}," hodin"]},"$x":[{"t":"idOrVar","v":"plural"},"value"]},{"$i":"days-until-long","$v":{"zero":"dnes","one":"zítra","two":"pozítří","few":["za ",{"t":"idOrVar","v":"value"}," dny"],"many":["za ",{"t":"idOrVar","v":"value"}," dnů"],"other":["za ",{"t":"idOrVar","v":"value"}," dnů"]},"$x":[{"t":"idOrVar","v":"plural"},"value"]},{"$i":"weeks-until-long","$v":{"zero":"tento týden","one":"příští týden","two":["za ",{"t":"idOrVar","v":"value"}," týdny"],"few":["za ",{"t":"idOrVar","v":"value"}," týdny"],"many":["za ",{"t":"idOrVar","v":"value"}," týdnů"],"other":["za ",{"t":"idOrVar","v":"value"}," týdnů"]},"$x":[{"t":"idOrVar","v":"plural"},"value"]},{"$i":"months-until-long","$v":{"zero":"tento měsíc","one":"příští měsíc","two":["za ",{"t":"idOrVar","v":"value"}," měsíce"],"few":["za ",{"t":"idOrVar","v":"value"}," měsíce"],"many":["za ",{"t":"idOrVar","v":"value"}," měsíců"],"other":["za ",{"t":"idOrVar","v":"value"}," měsíců"]},"$x":[{"t":"idOrVar","v":"plural"},"value"]},{"$i":"years-until-long","$v":{"zero":"tento rok","one":"příští rok","two":["za ",{"t":"idOrVar","v":"value"}," roky"],"few":["za ",{"t":"idOrVar","v":"value"}," roky"],"many":["za ",{"t":"idOrVar","v":"value"}," roků"],"other":["za ",{"t":"idOrVar","v":"value"}," roků"]},"$x":[{"t":"idOrVar","v":"plural"},"value"]},{"$i":"minutes-ago-short","$v":{"zero":"právě teď","other":["před ",{"t":"idOrVar","v":"value"}," min"]},"$x":[{"t":"idOrVar","v":"plural"},"value"]},{"$i":"hours-ago-short","$v":{"zero":"právě teď","other":["před ",{"t":"idOrVar","v":"value"}," hod"]},"$x":[{"t":"idOrVar","v":"plural"},"value"]},{"$i":"days-ago-short","$v":{"zero":"dnes","other":["před ",{"t":"idOrVar","v":"value"}," dny"]},"$x":[{"t":"idOrVar","v":"plural"},"value"]},{"$i":"minutes-until-short","$v":{"zero":"nyní","other":["za ",{"t":"idOrVar","v":"value"}," min"]},"$x":[{"t":"idOrVar","v":"plural"},"value"]},{"$i":"hours-until-short","$v":{"zero":"nyní","other":["za ",{"t":"idOrVar","v":"value"}," hod"]},"$x":[{"t":"idOrVar","v":"plural"},"value"]},{"$i":"days-until-short","$v":{"zero":"dnes","other":["za ",{"t":"idOrVar","v":"value"}," dny"]},"$x":[{"t":"idOrVar","v":"plural"},"value"]},{"$i":"incorrectDate","$v":"(neplatné datum)"},{"$i":"dateTimeFormat_%c","$v":"%a %e. %b %Y %H:%M:%S"},{"$i":"dateTimeFormat_%x","$v":"%e. %m. %Y"},{"$i":"dateTimeFormat_%X","$v":"%H:%M:%S"},{"$i":"shortTimeFormat","$v":"%H:%M"},{"$i":"shortTimeFormat12","$v":"%I:%M"},{"$i":"shortTimeFormat24","$v":"%H:%M"},{"$i":"shortDateTimeFormat","$v":"%x %H:%M"},{"$i":"weekStartsOnMonday","$v":"1"},{"$i":"firstDayOfTheWeek","$v":"0"},{"$i":"time_am","$v":"AM"},{"$i":"time_pm","$v":"PM"},{"$i":"title-app","$v":"Práva aplikace"},{"$i":"title-web","$v":"Práva webové stránky"},{"$i":"title-cam","$v":"Volba kamery"},{"$i":"perm-alarms","$v":"Nastavit budíky"},{"$i":"perm-audio-capture","$v":"Mikrofon"},{"$i":"perm-audio-capture-appRequest","$v":["Chcete sdílet mikrofon s ",{"t":"idOrVar","v":"app"},"?"]},{"$i":"perm-audio-capture-webRequest","$v":["Chcete sdílet mikrofon s ",{"t":"idOrVar","v":"site"},"?"]},{"$i":"perm-audio-channel-content","$v":"Přehrát zvuky"},{"$i":"perm-audio-channel-notification","$v":"Přehrát zvuky upozornění"},{"$i":"perm-audio-channel-ringer","$v":"Přehrát vyzváněcí zvuky"},{"$i":"perm-background-sensors","$v":"Přístup k datům ze senzoru"},{"$i":"perm-bluetooth","$v":"Bluetooth"},{"$i":"perm-browser","$v":"Zkontrolovat webové stránky"},{"$i":"perm-camera","$v":"Fotoaparát"},{"$i":"perm-camera-selector-appRequest","$v":["Zvolit fotoaparát pro ",{"t":"idOrVar","v":"app"},"."]},{"$i":"perm-camera-selector-webRequest","$v":["Zvolit fotoaparát pro ",{"t":"idOrVar","v":"site"},"."]},{"$i":"perm-camera-appRequest","$v":[{"t":"idOrVar","v":"app"}," would like to use your camera."]},{"$i":"perm-camera-webRequest","$v":[{"t":"idOrVar","v":"site"}," would like to use your camera."]},{"$i":"perm-cellbroadcast","$v":"Mobilní přenosy"},{"$i":"perm-contacts","$v":"Kontakty"},{"$i":"perm-contacts-appRequest","$v":["Aplikace ",{"t":"idOrVar","v":"app"}," požaduje přístup k vašim kontaktům."]},{"$i":"perm-contacts-webRequest","$v":["Stránka ",{"t":"idOrVar","v":"site"}," požaduje přístup k vašim kontaktům."]},{"$i":"perm-desktop-notification","$v":"Upozornění"},{"$i":"perm-desktop-notification-appRequest","$v":["Aplikace ",{"t":"idOrVar","v":"app"}," požaduje zobrazování upozornění."]},{"$i":"perm-desktop-notification-webRequest","$v":["Stránka ",{"t":"idOrVar","v":"site"}," požaduje zobrazování upozornění."]},{"$i":"perm-device-storage-apps","$v":"Úložiště aplikací"},{"$i":"perm-device-storage-music","$v":"Úložiště hudby"},{"$i":"perm-device-storage-music-appRequest","$v":["Aplikace ",{"t":"idOrVar","v":"app"}," požaduje přístup k vaší hudbě."]},{"$i":"perm-device-storage-music-webRequest","$v":["Stránka ",{"t":"idOrVar","v":"site"}," požaduje přístup k vaší hudbě."]},{"$i":"perm-device-storage-pictures","$v":"Úložiště obrázků"},{"$i":"perm-device-storage-pictures-appRequest","$v":["Aplikace ",{"t":"idOrVar","v":"app"}," požaduje přístup k vašim obrázkům."]},{"$i":"perm-device-storage-pictures-webRequest","$v":["Stránka ",{"t":"idOrVar","v":"site"}," požaduje přístup k vašim obrázkům."]},{"$i":"perm-device-storage-sdcard","$v":"Úložiště na paměťové kartě"},{"$i":"perm-device-storage-sdcard-appRequest","$v":["Aplikace ",{"t":"idOrVar","v":"app"}," požaduje přístup k vaší paměťové kartě."]},{"$i":"perm-device-storage-sdcard-webRequest","$v":["Stránka ",{"t":"idOrVar","v":"site"}," požaduje přístup k vaší paměťové kartě."]},{"$i":"perm-device-storage-videos","$v":"Úložiště videa"},{"$i":"perm-device-storage-videos-appRequest","$v":["Aplikace ",{"t":"idOrVar","v":"app"}," požaduje přístup k vašim videím."]},{"$i":"perm-device-storage-videos-webRequest","$v":["Stránka ",{"t":"idOrVar","v":"site"}," požaduje přístup k vašim videím."]},{"$i":"perm-embed-apps","$v":"Vložit aplikace"},{"$i":"perm-fmradio","$v":"FM rádio"},{"$i":"perm-fmradio-appRequest","$v":["Aplikace ",{"t":"idOrVar","v":"app"}," požaduje užít FM rádio."]},{"$i":"perm-fmradio-webRequest","$v":["Stránka ",{"t":"idOrVar","v":"site"}," požaduje užít FM rádio."]},{"$i":"perm-geolocation","$v":"Geolokace"},{"$i":"perm-geolocation-appRequest","$v":["Aplikace ",{"t":"idOrVar","v":"app"}," požaduje přístup k vaší poloze."]},{"$i":"perm-geolocation-more-info","$v":[{"t":"idOrVar","v":"brandShortName"}," používá data z GPS, Wi-Fi a mobilních sítí okolo vás pro přibližné určení vaší polohy. Tato data jsou posílána Mozille a dalším poskytovatelům služeb, kteří je používají k vylepšování informací o umístění. Data mohou být uložena na vašem zařízení a sbírání dat může probíhat i tehdy, když není žádná aplikace spuštěna."]},{"$i":"perm-geolocation-webRequest","$v":["Stránka ",{"t":"idOrVar","v":"site"}," by ráda znala vaši polohu."]},{"$i":"perm-idle","$v":"Zobrazit nečinný status"},{"$i":"perm-indexedDB-chrome-settings","$v":"Privilegované IndexedDB"},{"$i":"perm-indexedDB-unlimited","$v":"Neomezené IndexedDB úložiště"},{"$i":"perm-input-manage","$v":"Správa klávesnic"},{"$i":"perm-input","$v":"Pracovat jako klávesnice"},{"$i":"perm-media-capture","$v":"Fotoaparát a mikrofon"},{"$i":"perm-media-capture-appRequest","$v":["Chcete sdílet fotoaparát a mikrofon s ",{"t":"idOrVar","v":"app"},"?"]},{"$i":"perm-media-capture-webRequest","$v":["Chcete sdílet fotoaparát a mikrofon s ",{"t":"idOrVar","v":"site"},"?"]},{"$i":"perm-mobileconnection","$v":"Mobilní připojení"},{"$i":"perm-mobileid","$v":"Mobilní identita"},{"$i":"perm-network-events","$v":"Síťové události"},{"$i":"perm-open-remote-window","$v":"Spustit aplikaci"},{"$i":"perm-permissions","$v":"Upravit oprávnění aplikací"},{"$i":"perm-power","$v":"Nastavení napájení"},{"$i":"perm-settings","$v":"Modifikovat Nastavení"},{"$i":"perm-systemXHR","$v":"Žádosti Cross-Origin"},{"$i":"perm-telephony","$v":"Telefonování"},{"$i":"perm-video-capture","$v":"Fotoaparát"},{"$i":"perm-video-capture-appRequest","$v":["Chcete sdílet svůj fotoaparát s aplikací ",{"t":"idOrVar","v":"app"},"?"]},{"$i":"perm-video-capture-webRequest","$v":["Chcete sdílet svůj fotoaparát se stránkou ",{"t":"idOrVar","v":"site"},"?"]},{"$i":"perm-voicemail","$v":"Správa hlasové schránky"},{"$i":"perm-webapps-manage","$v":"Instalovat webové aplikace"},{"$i":"perm-wifi-manage","$v":"Spravovat Wi-Fi"},{"$i":"perm-attention","$v":"Otevírat překrývací okna"},{"$i":"perm-audio-channel-alarm","$v":"Přehrávat zvuk budíku"},{"$i":"perm-audio-channel-normal","$v":"Přehrávat zvuky"},{"$i":"perm-audio-channel-publicnotification","$v":"Přehrávat zvuky upozornění"},{"$i":"perm-audio-channel-telephony","$v":"Přehrávat zvuk hovoru"},{"$i":"perm-backgroundservice","$v":"Jednat jako služba v pozadí"},{"$i":"perm-device-storage-crashes","$v":"Úložiště poškozených dat"},{"$i":"perm-downloads","$v":"Přístup ke stahování"},{"$i":"perm-embed-widgets","$v":"Vkládat widgety"},{"$i":"perm-feature-detection","$v":"Detekce funkcí"},{"$i":"perm-firefox-accounts","$v":"Účet Firefox"},{"$i":"perm-mobilenetwork","$v":"Mobilní síť"},{"$i":"perm-moz-attention","$v":"Otevírat překrývací okna (moz)"},{"$i":"perm-moz-audio-channel-ringer","$v":"Přehrávat vyzváněcí tón (moz)"},{"$i":"perm-moz-audio-channel-telephony","$v":"Přehrávat zvuk hovoru (moz)"},{"$i":"perm-moz-firefox-accounts","$v":"Účet Firefox (moz)"},{"$i":"perm-networkstats-manage","$v":"Kontrola statistiky Využití"},{"$i":"perm-nfc","$v":"NFC"},{"$i":"perm-nfc-hci-events","$v":"Událosit NFC HCI"},{"$i":"perm-nfc-manager","$v":"Spravovat NFC"},{"$i":"perm-phonenumberservice","$v":"Služby telefonního čísla"},{"$i":"perm-push","$v":"Push API"},{"$i":"perm-resourcestats-manage","$v":"Statistiky zdrojů"},{"$i":"perm-sms","$v":"Odeslat a přečíst SMS"},{"$i":"perm-speaker-control","$v":"Ovládat hlasitost"},{"$i":"perm-storage","$v":"Přístup do úložiště"},{"$i":"perm-tcp-socket","$v":"TCP sokety"},{"$i":"perm-test-permission","$v":"Testovací oprávnění"},{"$i":"perm-time","$v":"Nastavit datum a čas"},{"$i":"perm-udp-socket","$v":"UDP sokety"},{"$i":"perm-wappush","$v":"WAP Push"},{"$i":"stopped_download_title","$v":"Stahování přerušeno"},{"$i":"stopped_download_message","$v":"Stahování bylo přerušeno. Chcete jej znovu zahájit?"},{"$i":"stopped_download_left_button","$v":"Zrušit"},{"$i":"stopped_download_right_button","$v":"Znovu zahájit"},{"$i":"failed_download_title","$v":"Stahování selhalo"},{"$i":"failed_download_message","$v":["Stahování ",{"t":"idOrVar","v":"name"}," se nezdařilo. Chcete jej zahájit znovu?"]},{"$i":"failed_download_left_button","$v":"Zrušit"},{"$i":"failed_download_right_button","$v":"Znovu zahájit"},{"$i":"stop_download_title","$v":"Přerušit stahování"},{"$i":"stop_download_message","$v":"Opravdu chcete přerušit toto stahování?"},{"$i":"stop_download_left_button","$v":"Ne"},{"$i":"stop_download_right_button","$v":"Ano"},{"$i":"delete_download_title","$v":"Smazat"},{"$i":"delete_download_message","$v":["Smazat ",{"t":"idOrVar","v":"name"},"?"]},{"$i":"delete_download_left_button","$v":"Zrušit"},{"$i":"delete_download_right_button","$v":"Smazat"},{"$i":"delete_all_download_title","$v":"Smazat"},{"$i":"delete_all_download_left_button","$v":"Zrušit"},{"$i":"delete_all_download_right_button","$v":"Smazat"},{"$i":"delete_all_download_message","$v":{"zero":"Smazat žádné soubory?","one":"Smazat jeden soubor?","two":["Smazat ",{"t":"idOrVar","v":"number"}," soubory?"],"few":["Smazat ",{"t":"idOrVar","v":"number"}," souborů?"],"many":["Smazat ",{"t":"idOrVar","v":"number"}," souborů?"],"other":["Smazat ",{"t":"idOrVar","v":"number"}," souborů?"]},"$x":[{"t":"idOrVar","v":"plural"},"number"]},{"$i":"unsupported_file_type_download_title","$v":"Soubor nelze otevřít"},{"$i":"unsupported_file_type_download_message","$v":["Nebyla nalezena žádná aplikace pro otevření ",{"t":"idOrVar","v":"name"},". Chcete tento soubor uložit nebo smazat?"]},{"$i":"unsupported_file_type_download_left_button","$v":"Uchovat soubor"},{"$i":"unsupported_file_type_download_right_button","$v":"Smazat"},{"$i":"file_not_found_download_title","$v":"Soubor nenalezen"},{"$i":"file_not_found_download_message","$v":"Soubor nebyl v zařízení nalezen"},{"$i":"file_not_found_download_right_button","$v":"OK"},{"$i":"unmounted_sdcard_2_download_title","$v":"Paměťová karta je využívána"},{"$i":"unmounted_sdcard_2_download_message","$v":"Odpojte telefon"},{"$i":"unmounted_sdcard_2_download_right_button","$v":"OK"},{"$i":"no_provider_download_title","$v":"Nelze sdílet"},{"$i":"no_provider_download_message","$v":"Nebyl nalezen žádný poskytovatel"},{"$i":"no_provider_download_right_button","$v":"OK"},{"$i":"no_memory_download_title","$v":"SD karta je plná"},{"$i":"no_memory_download_message","$v":"Na vaší SD kartě není dostatek prostoru pro uložení stahovaného souboru. Před opakování pokusu o stažení prosím vymažte některé jiné soubory."},{"$i":"no_memory_download_right_button","$v":"OK"},{"$i":"no_sdcard_found_2_download_title","$v":"Paměťová karta nebyla nalezena"},{"$i":"no_sdcard_found_2_download_message","$v":"Vložte paměťovou kartu nebo vyberte v Nastavení jiné výchozí umístění médií"},{"$i":"no_sdcard_found_2_download_right_button","$v":"OK"},{"$i":"file_open_error_download_title","$v":"Soubor nelze otevřít"},{"$i":"file_open_error_download_message","$v":["Při otevírání ",{"t":"idOrVar","v":"name"}," došlo k chybě. Chcete tento soubor uložit nebo smazat?"]},{"$i":"file_open_error_download_left_button","$v":"Uchovat soubor"},{"$i":"file_open_error_download_right_button","$v":"Smazat"},{"$i":"restart_download_error","$v":"Při opětovném zahájení stahování došli k chybě. Zkuste to prosím později."},{"$i":"no-downloads","$v":"Žádná stahování"},{"$i":"percentage","$v":[{"t":"idOrVar","v":"percentage"}," %"]},{"$i":"partialResult","$v":[{"t":"idOrVar","v":"partial"}," z ",{"t":"idOrVar","v":"total"}]},{"$i":"summary","$v":[{"t":"idOrVar","v":"date"}," - ",{"t":"idOrVar","v":"status"}]},{"$i":"download-stopped","$v":"Přerušeno"},{"$i":"download-failed","$v":"Stahování selhalo"},{"$i":"open_downloaded_file","$v":"Otevřít"},{"$i":"share_downloaded_file","$v":"Sdílet"},{"$i":"wallpaper_downloaded_file","$v":"Nastavit jako tapetu"},{"$i":"ringtone_downloaded_file","$v":"Nastavit jako vyzvánění"},{"$i":"cancel_downloaded_file","$v":"Zrušit"},{"$i":"voicemailNoNumberTitle","$v":"Číslo hlasové zprávy není dostupné"},{"$i":"voicemailNoNumberText","$v":"Nelze zavolat hlasovou schránku. Nejprve prosím nastavte číslo své hlasové schránky."},{"$i":"voicemailNoNumberSettings","$v":"Nastavení"},{"$i":"voicemailNoNumberCancel","$v":"Zrušit"},{"$i":"airplaneMode","$v":"Režim V letadle"},{"$i":"searching","$v":"Vyhledávání…"},{"$i":"noNetwork","$v":"Žádná síť"},{"$i":"roaming","$v":[{"t":"idOrVar","v":"operator"}," (Roaming)"]},{"$i":"operator-info","$v":[{"t":"idOrVar","v":"carrier"}," ",{"t":"idOrVar","v":"region"}]},{"$i":"emergencyCallsOnly","$v":"Pouze tísňová volání"},{"$i":"emergencyCallsOnly-unknownSIMState","$v":"(neznámý stav karty SIM)"},{"$i":"emergencyCallsOnly-noSIM","$v":"(Žádná karta SIM)"},{"$i":"emergencyCallsOnly-pinRequired","$v":"(vyžadován PIN karty SIM)"},{"$i":"emergencyCallsOnly-pukRequired","$v":"(vyžadován PUK karty SIM)"},{"$i":"emergencyCallsOnly-networkLocked","$v":"(síť blokována)"},{"$i":"emergencyCallsOnly-serviceProviderLocked","$v":"(poskytovatel služeb blokován)"},{"$i":"emergencyCallsOnly-corporateLocked","$v":"(korporátně blokováno)"},{"$i":"emergencyCallsOnly-network1Locked","$v":"(síť1 blokována)"},{"$i":"emergencyCallsOnly-network2Locked","$v":"(síť2 blokována)"},{"$i":"emergencyCallsOnly-hrpdNetworkLocked","$v":"(síť hrpd blokována)"},{"$i":"emergencyCallsOnly-ruimCorporateLocked","$v":"(korporátní ruim blokováno)"},{"$i":"emergencyCallsOnly-ruimServiceProviderLocked","$v":"(provozovatel služby ruim blokován)"},{"$i":"lockscreen-sim-id","$v":["SIM ",{"t":"idOrVar","v":"n"}]},{"$i":"charging-no-time","$v":[{"t":"idOrVar","v":"level"},"% Charged"]},{"$i":"charging-minutes","$v":{"zero":[{"t":"idOrVar","v":"level"},"% Charged (",{"t":"idOrVar","v":"minutes"}," mins remaining)"],"one":[{"t":"idOrVar","v":"level"},"% Charged (",{"t":"idOrVar","v":"minutes"}," min remaining)"],"two":[{"t":"idOrVar","v":"level"},"% Charged (",{"t":"idOrVar","v":"minutes"}," mins remaining)"],"few":[{"t":"idOrVar","v":"level"},"% Charged (",{"t":"idOrVar","v":"minutes"}," mins remaining)"],"many":[{"t":"idOrVar","v":"level"},"% Charged (",{"t":"idOrVar","v":"minutes"}," mins remaining)"],"other":[{"t":"idOrVar","v":"level"},"% Charged (",{"t":"idOrVar","v":"minutes"}," mins remaining)"]},"$x":[{"t":"idOrVar","v":"plural"},"minutes"]},{"$i":"charging-hours","$v":{"zero":[{"t":"idOrVar","v":"level"},"% Charged (",{"t":"idOrVar","v":"hours"},"h ",{"t":"idOrVar","v":"minutes"}," mins remaining)"],"one":[{"t":"idOrVar","v":"level"},"% Charged (",{"t":"idOrVar","v":"hours"},"h ",{"t":"idOrVar","v":"minutes"}," min remaining)"],"two":[{"t":"idOrVar","v":"level"},"% Charged (",{"t":"idOrVar","v":"hours"},"h ",{"t":"idOrVar","v":"minutes"}," mins remaining)"],"few":[{"t":"idOrVar","v":"level"},"% Charged (",{"t":"idOrVar","v":"hours"},"h ",{"t":"idOrVar","v":"minutes"}," mins remaining)"],"many":[{"t":"idOrVar","v":"level"},"% Charged (",{"t":"idOrVar","v":"hours"},"h ",{"t":"idOrVar","v":"minutes"}," mins remaining)"],"other":[{"t":"idOrVar","v":"level"},"% Charged (",{"t":"idOrVar","v":"hours"},"h ",{"t":"idOrVar","v":"minutes"}," mins remaining)"]},"$x":[{"t":"idOrVar","v":"plural"},"minutes"]},{"$i":"gaia-menu-cancel","$v":"Zrušit"},{"$i":"resend","$v":"Znovu odeslat"},{"$i":"connecting","$v":"Připojování"},{"$i":"verify","$v":"Ověřit"},{"$i":"verifying","$v":"Ověřování"},{"$i":"verified","$v":"Ověřeno"},{"$i":"mobileIDExplanation","$v":["Aplikace ",{"t":"idOrVar","v":"app_name"}," by chtěla zjistit a ověřit vaše telefonní číslo. Zvolte číslo, které chcete sdílet nebo zadejte číslo jiné."]},{"$i":"verificationCodeExplanation","$v":["Na telefonní číslo ",{"t":"idOrVar","v":"phone_number"}," byl odeslán ověřovací kód. Pokusíme se ho zachytit automaticky, ale pokud nebude kód zachycen, bude nutné jej zadat ručně."]},{"$i":"successMessage","$v":["Úžasné! Vaše telefonní číslo ",{"t":"idOrVar","v":"phone_number"}," je nyní ověřené a dostupné pro aplikaci ",{"t":"idOrVar","v":"app_name"},"."]},{"$i":"serverErrorMessage","$v":"Ověřovací server není momentálně dostupný. Zkontrolujte připojení k Internetu, zkuste to znovu a nebo počkejte pár minut."},{"$i":"timeoutErrorMessage","$v":"Zdá se, že se vyskytl problém s ověřovacím kódem. Zkusme to znovu!"},{"$i":"errorTitle","$v":"Mobilní identita"},{"$i":"addPhoneNumber","$v":"Nebo zadejte nové telefonní číslo"},{"$i":"selectPhoneNumber","$v":"Nebo vyberte telefonní číslo ze seznamu"},{"$i":"network-error-in-app","$v":"Aktuálně není k dispozici žádné připojení k Internetu"},{"$i":"network-error-launching","$v":[{"t":"idOrVar","v":"name"}," vyžaduje připojení k Internetu."]},{"$i":"server-not-found","$v":"Server nebyl nalezen"},{"$i":"server-not-found-error","$v":["Nelze nalézt server na ",{"t":"idOrVar","v":"name"},"."]},{"$i":"file-not-found","$v":"Soubor nenalezen"},{"$i":"file-not-found-error","$v":"Zařízení nemůže zobrazit tuto stránku, soubor nebyl nalezen."},{"$i":"connection-failed","$v":"Nelze se připojit"},{"$i":"connection-failed-error","$v":"Během načítání stránky nastala chyba připojení."},{"$i":"invalid-connection","$v":"Nelze se připojit"},{"$i":"invalid-connection-error","$v":"Během načítání stránky nastala chyba připojení."},{"$i":"malformed-uri","$v":"URL není platná"},{"$i":"malformed-uri-error","$v":"Vložená adresa URL není platná a nemůže být načtena."},{"$i":"redirect-loop","$v":"Stránku nelze zobrazit"},{"$i":"redirect-loop-error","$v":"Zařízení nemůže zobrazit tuto stránku, stránka nebyla v pořádku přesměrována. Zkuste tuto stránku načíst později."},{"$i":"not-cached","$v":"Platnost stránky vypršela"},{"$i":"not-cached-error","$v":"Z bezpečnostních důvodů nemůže být tato stránka zobrazena, vypršela její platnost."},{"$i":"is-printing-error","$v":"Během tisku či jeho náhledu nelze dokument upravovat."},{"$i":"denied-port-access","$v":"Tato adresa je zakázána"},{"$i":"denied-port-access-error","$v":"Tato stránka využívá port pro připojení, který je normálně používán pro jiné účely, než pro prohlížení webu. Z důvodu bezpečnosti bylo načítání stránky zrušeno."},{"$i":"proxy-resolve-failure","$v":"Chyba proxy serveru"},{"$i":"proxy-resolve-failure-error","$v":"Zařízení je nakonfigurováno pro používání proxy serveru, který však nelze najít."},{"$i":"proxy-connect-failure","$v":"Chyba proxy serveru"},{"$i":"proxy-connect-failure-error","$v":"Zařízení je nakonfigurováno pro používání proxy serveru, který však odmítá připojení."},{"$i":"content-encoding","$v":"Stránku nelze zobrazit."},{"$i":"content-encoding-error","$v":"Stránku nelze zobrazit, při dekódování obsahu došlo k chybě."},{"$i":"remote-xul","$v":"Stránka nepodporována"},{"$i":"remote-xul-error","$v":"Stránka nemůže být zobrazena, protože používá technologii, kterou toto zařízení nepodporuje."},{"$i":"phishing-blocked","$v":"Varování"},{"$i":"phishing-blocked-error","$v":"Stránka byla nahlášena jako nebezpečná, pokouší se přimět návštěvníky ke sdílení osobních či finančních informací."},{"$i":"malware-blocked","$v":"Zablokován útok malware"},{"$i":"malware-blocked-error","$v":"Tato stránka byla nahlášena jako zavirovaná a byla zablokována."},{"$i":"unsafe-content-type","$v":"Nebezpečný obsah"},{"$i":"unsafe-content-type-error","$v":"Tuto stránku nelze zobrazit, její otevření by mohlo být nebezpečné."},{"$i":"corrupted-content","$v":"Stránku nelze zobrazit"},{"$i":"corrupted-content-error","$v":"Stránku nelze zobrazit, během přenosu dat se vyskytla chyba."},{"$i":"try-again","$v":"Zkusit znovu"},{"$i":"check-settings","$v":"Zkontrolovat nastavení"}]