[{"$i":"firefox-accounts-title","$v":"Firefox nalozi"},{"$i":"fxa-next","$v":"Dalje"},{"$i":"fxa-back","$v":"Nazad"},{"$i":"fxa-done","$v":"Gotovo"},{"$i":"fxa-ok","$v":"U redu"},{"$i":"fxa-connection-error-title","$v":"Ne mogu se povezati"},{"$i":"fxa-connection-error-message","$v":"Možete napraviti nalog ili se prijaviti u postavkama."},{"$i":"fxa-reset-password-error-title","$v":"Resetuj lozinku"},{"$i":"fxa-reset-password-error-message","$v":"Možete resetovati lozinku u postavkama."},{"$i":"fxa-coppa-failure-error-title","$v":"Ne mogu napraviti nalog"},{"$i":"fxa-coppa-failure-error-message","$v":["Vi morate da ispunite starosne uslove da biste napravili Firefox nalog. ",{"t":"idOrVar","v":"learnmore"}]},{"$i":"fxa-learn-more","$v":"Saznajte više"},{"$i":"fxa-offline-error-title","$v":"Ne mogu se povezati"},{"$i":"fxa-offline-error-message","$v":"Povežite se na mrežu iz postavki."},{"$i":"fxa-invalid-email-title","$v":"Greška"},{"$i":"fxa-invalid-email-message","$v":"Molim unesite validnu e-poštu."},{"$i":"fxa-invalid-password-title","$v":"Neispravna lozinka"},{"$i":"fxa-invalid-password-message","$v":"Proverite Vašu lozinku i ponovo pokušajte."},{"$i":"fxa-unknown-error-title","$v":"Ne mogu se povezati"},{"$i":"fxa-unknown-error-message","$v":"Sistem je nedostupan, pokušajte ponovo."},{"$i":"fxa-connecting","$v":"Povezivanje"},{"$i":"fxa-enter-email-input","placeholder":"Unesite adresu e-pošte"},{"$i":"fxa-use-email-to-sign-in","$v":"Koristite Vašu adresu e-pošte da biste napravili ili se prijavili na nalog."},{"$i":"fxa-notice","$v":["Ako nastavite, slažete se sa ",{"t":"idOrVar","v":"tos"}," i ",{"t":"idOrVar","v":"pn"}," Firefox cloud servisa."]},{"$i":"fxa-tos","$v":"Uslovima korišćenja"},{"$i":"fxa-pn","$v":"Polisom privatnosti"},{"$i":"fxa-create-password-title","$v":"Napravi lozinku"},{"$i":"fxa-enter-password-title","$v":"Unesite lozinku"},{"$i":"fxa-hello-user","$v":["Zdravo, ",{"t":"idOrVar","v":"email"}]},{"$i":"fxa-password-refresh","$v":"Molim unesite lozinku Vašeg Firefox naloga."},{"$i":"fxa-password","placeholder":"Lozinka"},{"$i":"fxa-forgot-your-password","$v":"Zaboravili ste lozinku?"},{"$i":"fxa-show-password","$v":"Prikaži lozinku"},{"$i":"fxa-password-length-requirement","$v":"Vaša lozinka mora biti minimalno 8 karaktera."},{"$i":"fxa-success","$v":"Uspešno!"},{"$i":"fxa-ready-to-go","$v":"Vaš Firefox nalog je spreman! "},{"$i":"fxa-use-features","$v":"Sada možete da koristite mogućnosti kao što su Pronađi moj uređaj i aplikacije kao Firefox Marketplace."},{"$i":"fxa-access-manage-account-settings","$v":"U budućnosti, možete pristupiti i upravljati sa Vašim nalogom iz postavki."},{"$i":"fxa-confirm-account","$v":"Potvrdite Vaš nalog"},{"$i":"fxa-will-send-email","$v":["Poslat ćemo e-poštu na: ",{"t":"idOrVar","v":"email"}]},{"$i":"fxa-signup-click-verification-link-in-email","$v":"Sledeći put kada proverite e-poštu, kliknite na vezu za verifikaciju Vašeg Firefox naloga."},{"$i":"fxa-age-verification","$v":"Potvrda starosti"},{"$i":"fxa-age-earlier","$v":[{"t":"idOrVar","v":"year"}," ili ranije"]},{"$i":"fxa-year-of-birth","$v":"Godina rođenja"},{"$i":"brandShortName","$v":"B2G OS"},{"$i":"browserBrandShortName","$v":"Web Browser"},{"$i":"browserBrandFullName","$v":"Mozilla Web Browser"},{"$i":"ringtoneBrandName","$v":"Default"},{"$i":"ringtoneSectionBrandName","$v":"System"},{"$i":"ok","$v":"U redu"},{"$i":"back","$v":"Nazad"},{"$i":"help","$v":"Pomoć"},{"$i":"cancel","$v":"Otkaži"},{"$i":"close","$v":"Zatvori"},{"$i":"skip","$v":"Preskoči"},{"$i":"clear","ariaLabel":"Očisti"},{"$i":"enable","$v":"Omogući"},{"$i":"turnOn","$v":"Uključi"},{"$i":"undo","ariaLabel":"Opozovi"},{"$i":"enterPIN","$v":"Unesite PIN"},{"$i":"mediaPlaybackTrack","ariaLabel":"Naslov i izvođač"},{"$i":"mediaPlaybackControls","ariaLabel":"Kontrole"},{"$i":"mediaPlaybackPrevious","ariaLabel":"Prethodna"},{"$i":"mediaPlaybackPlay","ariaLabel":"Pusti"},{"$i":"mediaPlaybackPause","ariaLabel":"Pauziraj"},{"$i":"mediaPlaybackNext","ariaLabel":"Sledeća"},{"$i":"UnknownTrack","$v":"Nepoznat zapis"},{"$i":"wifiButton-on","$v":"Wi-Fi uključen"},{"$i":"wifiButton-on-initializing","$v":"Wi-Fi uključen, inicijalizacija"},{"$i":"wifiButton-off","$v":"Wi-Fi isključen"},{"$i":"dataButton-on","$v":["Podaci ",{"t":"idOrVar","v":"type"}," uključeni"]},{"$i":"dataButton-off","$v":["Podaci ",{"t":"idOrVar","v":"type"}," isključeni"]},{"$i":"bluetoothButton-on","$v":"Bluetooth uključen"},{"$i":"bluetoothButton-on-initializing","$v":"Bluetooth uključen, inicijalizacija"},{"$i":"bluetoothButton-off","$v":"Bluetooth isključen"},{"$i":"airplaneMode-on","$v":"Režim u avionu uključen"},{"$i":"airplaneMode-off","$v":"Režim u avionu isključen"},{"$i":"settingsButton","ariaLabel":"Postavke"},{"$i":"utilityTray","ariaLabel":"Paleta za obaveštenja"},{"$i":"simLabel","$v":["SIM ",{"t":"idOrVar","v":"id"}]},{"$i":"statusbarLabel","$v":[{"t":"idOrVar","v":"date"},", ",{"t":"idOrVar","v":"operator"}]},{"$i":"statusbarDateFormat","$v":"%e %b"},{"$i":"statusbar","ariaLabel":"Statusna traka"},{"$i":"statusbarBattery","ariaLabel":["Baterija ",{"t":"idOrVar","v":"level"}," procenata"]},{"$i":"statusbarBatteryCharging","ariaLabel":["Baterija ",{"t":"idOrVar","v":"level"}," procenata, puni se"]},{"$i":"statusbarFlightMode","ariaLabel":"Uključen režim rada u avionu"},{"$i":"statusbarWiFiConnecting","$v":"Wi-Fi: povezuje se"},{"$i":"statusbarWiFiConnected","$v":["Wi-Fi: ",{"t":"idOrVar","v":"level"}," od 4 crtica"]},{"$i":"statusbarSignal","$v":[{"t":"idOrVar","v":"operator"}," mreža, ",{"t":"idOrVar","v":"level"}," od 5 crtica"]},{"$i":"statusbarSignalRoaming","$v":[{"t":"idOrVar","v":"operator"}," mreža (roming), ",{"t":"idOrVar","v":"level"}," od 5 crtica"]},{"$i":"statusbarSignalNoneSearching","$v":"Tražim… Samo hitni pozivi"},{"$i":"statusbarHeadphones","ariaLabel":"Slušalice priključene"},{"$i":"statusbarBluetoothHeadphones","ariaLabel":"Bluetooth slušalice priključene"},{"$i":"statusbarBluetoothTransferring","ariaLabel":"Bluetooth prenos aktivan"},{"$i":"statusbarIconOn-tethering","$v":"Deljenje interneta uključeno"},{"$i":"statusbarIconOnActive-tethering","$v":"Deljenje interneta uključeno, aktivno"},{"$i":"statusbarAlarm","ariaLabel":"Budilnik uključen"},{"$i":"statusbarIconOn-bluetooth","$v":"Bluetooth uključen"},{"$i":"statusbarIconOnActive-bluetooth","$v":"Bluetooth uključen, aktivan"},{"$i":"statusbarIconOn-mute","$v":"Prigušenje zvuka uključeno"},{"$i":"statusbarIconOn-vibration","$v":"Vibracija uključena"},{"$i":"statusbarRecording","ariaLabel":"Snimanje uključeno"},{"$i":"statusbarGeolocation","ariaLabel":"Geolokacija uključena"},{"$i":"statusbarUsb","ariaLabel":"USB uključen"},{"$i":"statusbarForwarding","$v":"Preusmeravanje poziva uključeno"},{"$i":"statusbarPlaying","ariaLabel":"Pušta se medija"},{"$i":"statusbarNfc","ariaLabel":"NFC uključen"},{"$i":"statusbarDownloads","ariaLabel":"Preuzimanje…"},{"$i":"statusbarNetworkActivity","ariaLabel":"Mreža uključena"},{"$i":"statusbarEmergencyCBNotification","ariaLabel":"Hitan poziv"},{"$i":"statusbarNotifications","$v":{"one":[{"t":"idOrVar","v":"n"}," obaveštenje"],"two":[{"t":"idOrVar","v":"n"}," obaveštenja"],"few":[{"t":"idOrVar","v":"n"}," obaveštenja"],"many":[{"t":"idOrVar","v":"n"}," obaveštenja"],"other":[{"t":"idOrVar","v":"n"}," obaveštenja"]},"$x":[{"t":"idOrVar","v":"plural"},"n"]},{"$i":"statusbarNotifications-unread","ariaLabel":{"$x":[{"t":"idOrVar","v":"plural"},"n"],"$v":{"one":[{"t":"idOrVar","v":"n"}," nepročitano obaveštenje"],"two":[{"t":"idOrVar","v":"n"}," nepročitana obaveštenja"],"few":[{"t":"idOrVar","v":"n"}," nepročitanih obaveštenja"],"many":[{"t":"idOrVar","v":"n"}," nepročitanih obaveštenja"],"other":[{"t":"idOrVar","v":"n"}," nepročitanih obaveštenja"]}}},{"$i":"notifications","$v":"Obaveštenja"},{"$i":"clear-all","$v":"Očisti sve"},{"$i":"attentionScreen-tapToShow","$v":"Dodirnite da se prikaže"},{"$i":"newVoicemails","$v":{"zero":"Nema gov. poruka","one":"1 nova gov. poruka","two":[{"t":"idOrVar","v":"n"}," nove gov. poruke"],"few":[{"t":"idOrVar","v":"n"}," novih gov. poruka"],"many":[{"t":"idOrVar","v":"n"}," novih gov. poruka"],"other":[{"t":"idOrVar","v":"n"}," novih gov. poruka"]},"$x":[{"t":"idOrVar","v":"plural"},"n"]},{"$i":"newVoicemailsUnknown","$v":"Nova gov. poruka"},{"$i":"dialNumber","$v":["Pozovi ",{"t":"idOrVar","v":"number"}]},{"$i":"voicemailNotificationMultiSim","$v":["(SIM ",{"t":"idOrVar","v":"n"},") ",{"t":"idOrVar","v":"title"}]},{"$i":"euRoamingNotificationTitle","$v":"EU internet detektovan"},{"$i":"euRoamingNotificationMsg","$v":"Pritisnite da promenite."},{"$i":"confirmNFCConnectBTenabledNameUnknown","$v":"Da li ste sigurni da želite da se povežete na uređaj?"},{"$i":"confirmNFCConnectBTdisabledNameUnknown","$v":"Uključiti Bluetooth i povezati se na uređaj?"},{"$i":"confirmNFCConnectBTenabledNameKnown","$v":["Da li ste sigurni da želite da se povežete na ",{"t":"idOrVar","v":"deviceName"},"?"]},{"$i":"confirmNFCConnectBTdisabledNameKnown","$v":["Uključiti Bluetooth i povezati se na ",{"t":"idOrVar","v":"deviceName"},"?"]},{"$i":"confirmNFCConnectBTdisabled","$v":"Uključi"},{"$i":"dismissNFCConnectBTdisabled","$v":"Otkaži"},{"$i":"confirmation","$v":"Potvrda"},{"$i":"deviceMenu","$v":"Telefon"},{"$i":"airplane","$v":"Uključi režim rada u avionu"},{"$i":"airplaneOff","$v":"Isključi režim rada u avionu"},{"$i":"silent","$v":"Utišaj dolazne pozive"},{"$i":"normal","$v":"Uključi zvono dolaznim pozivima"},{"$i":"restart","$v":"Ponovo pokreni sistem"},{"$i":"power","$v":"Isključi"},{"$i":"no-recent-app-windows","$v":"Vaši skorašnji prozori aplikacija se pojavljuju ovde"},{"$i":"no-recent-browser-windows","$v":"Vaši skorašnji prozori pregledača se pojavljuju ovde"},{"$i":"closeCard","ariaLabel":"Zatvori"},{"$i":"openCard","ariaLabel":"Otvori"},{"$i":"yes","$v":"Da"},{"$i":"no","$v":"Ne"},{"$i":"dontallow","$v":"Odbij"},{"$i":"allow","$v":"Dozvoli"},{"$i":"dontshare-geolocation","$v":"Nemoj"},{"$i":"share-geolocation","$v":"Dozvoli"},{"$i":"dontshare-audio-capture","$v":"Nemoj\t"},{"$i":"share-audio-capture","$v":"Dozvoli"},{"$i":"dontshare-video-capture","$v":"Nemoj"},{"$i":"share-video-capture","$v":"Dozvoli"},{"$i":"dontshare-media-capture","$v":"Nemoj"},{"$i":"share-media-capture","$v":"Dozvoli"},{"$i":"device-front","$v":"Prednja kamera"},{"$i":"device-back","$v":"Kamera na poleđini"},{"$i":"remember-my-choice","$v":"Zapamti moj izbor"},{"$i":"more-info","$v":"Više informacija…"},{"$i":"hide-info","$v":"Sakrij informacije"},{"$i":"install-app","$v":["Instalirati ",{"t":"idOrVar","v":"name"},"?"]},{"$i":"size","$v":"Veličina"},{"$i":"author","$v":"Autor"},{"$i":"size-unknown","$v":"Nepoznata"},{"$i":"author-unknown","$v":"Nepoznat"},{"$i":"install","$v":"Instaliraj"},{"$i":"bytes","$v":"bajta"},{"$i":"kB","$v":"KB"},{"$i":"MB","$v":"MB"},{"$i":"GB","$v":"GB"},{"$i":"TB","$v":"TB"},{"$i":"PB","$v":"PB"},{"$i":"app-install-generic-error","$v":["Preuzimanje ",{"t":"idOrVar","v":"appName"}," zaustavljeno"]},{"$i":"app-install-download-failed","$v":[{"t":"idOrVar","v":"appName"}," neuspešno preuzet"]},{"$i":"app-install-install-failed","$v":[{"t":"idOrVar","v":"appName"}," neuspešno instaliran"]},{"$i":"cancelling-will-not-refund","$v":"Odustanak neće poništiti izvršeno plaćanje. Povraćaj plaćenog sadržaja pruža prodavac."},{"$i":"apps-can-be-installed-later","$v":"Aplikacije mogu biti instalirane kasnije iz izvornog porekla instalacije."},{"$i":"are-you-sure-you-want-to-cancel","$v":"Da li ste sigurni da želite otkazati instalaciju?"},{"$i":"cancel-install","$v":"Otkaži"},{"$i":"cancel-install-button","$v":"Otkaži"},{"$i":"resume","$v":"Nastavi"},{"$i":"continue","$v":"Nastavi"},{"$i":"stopDownloading","$v":["Zaustaviti preuzimanje ",{"t":"idOrVar","v":"app"},"?"]},{"$i":"app-download-can-be-restarted","$v":"Preuzimanje može biti nastavljeno kasnije."},{"$i":"app-download-stop-button","$v":"Zaustavi preuzimanje"},{"$i":"not-enough-space","$v":"Nema dovoljno prostora"},{"$i":"not-enough-space-message","$v":"Nema dovoljno prostora za instalaciju ove aplikacije. Oslobodite prostor brisanjem starih aplikacija ili sadržaja, zatim ponovite instalaciju iz prvobitnog izvora."},{"$i":"app-install-success","$v":[{"t":"idOrVar","v":"appName"}," instaliran"]},{"$i":"langpack-install-success2","$v":[{"t":"idOrVar","v":"appName"}," instaliran. Idite u Postavke > Jezik da biste ga koristili."]},{"$i":"setup","$v":"Konfiguracija"},{"$i":"ime-addkeyboards","$v":"Dodaj tastature"},{"$i":"later","$v":"Kasnije"},{"$i":"download","$v":"Preuzimanje"},{"$i":"wantToDownload","$v":"Preuzeti nadogradnju sada?"},{"$i":"wantToInstallNow","$v":"Da li želite da instalirate nadogradnju sada? Nećete moći da koristite svoj telefon nekoliko minuta."},{"$i":"installNow","$v":"Instaliraj sada"},{"$i":"notNow","$v":"Ne sada"},{"$i":"downloadingUpdateMessage","innerHTML":["Preuzimanje nadogradnji… <span>",{"t":"idOrVar","v":"progress"}," preuzeto.</span>"]},{"$i":"downloadingAppMessage","$v":["Preuzimanje ",{"t":"idOrVar","v":"appName"}]},{"$i":"downloadingAppProgressNoMax","$v":[{"t":"idOrVar","v":"progress"}," je preuzeto"]},{"$i":"downloadingAppProgressIndeterminate","$v":"Preuzimanje"},{"$i":"downloadingAppProgress","$v":[{"t":"idOrVar","v":"progress"}," / ",{"t":"idOrVar","v":"max"}," je preuzeto"]},{"$i":"cancelAllDownloads","$v":"Otkaži sva preuzimanja"},{"$i":"wantToCancelAll","$v":"Da li ste sigurni da želite otkazati sva preuzimanja?"},{"$i":"downloadError","$v":"Desila se greška prilikom preuzimanja nadogradnji."},{"$i":"updateAvailableInfo","innerHTML":{"$x":[{"t":"idOrVar","v":"plural"},"n"],"$v":{"one":[{"t":"idOrVar","v":"n"}," nadogradnja je dostupna. <span>Pritisnite za više informacija.</span>"],"two":[{"t":"idOrVar","v":"n"}," nadogradnje su dostupne. <span>Pritisnite za više informacija.</span>"],"few":[{"t":"idOrVar","v":"n"}," nadogradnji je dostupno. <span>Pritisnite za više informacija.</span>"],"many":[{"t":"idOrVar","v":"n"}," nadogradnji je dostupno. <span>Pritisnite za više informacija.</span>"],"other":[{"t":"idOrVar","v":"n"}," nadogradnji je dostupno. <span>Pritisnite za više informacija.</span>"]}}},{"$i":"numberOfUpdates","$v":{"one":[{"t":"idOrVar","v":"n"}," nadogradnja je dostupna"],"two":[{"t":"idOrVar","v":"n"}," nadogradnje su dostupne"],"few":[{"t":"idOrVar","v":"n"}," nadogradnji je dostupno"],"many":[{"t":"idOrVar","v":"n"}," nadoradnji je dostupno"],"other":[{"t":"idOrVar","v":"n"}," nadoradnji je dostupno"]},"$x":[{"t":"idOrVar","v":"plural"},"n"]},{"$i":"systemUpdate","$v":"Nadogradnja sistema"},{"$i":"systemUpdateReady","$v":"Nadogradnja sistema je spremna"},{"$i":"systemUpdateLowBatteryThreshold","$v":["Potrebno Vam je barem ",{"t":"idOrVar","v":"threshold"},"% baterije da biste instalirali nadogradnje."]},{"$i":"required","$v":"Neophodna"},{"$i":"uncompressingMessage","innerHTML":"Raspakivanje… <span>Ovo može potrajati nekoliko minuta.</span>"},{"$i":"downloadWifiPrioritizedUsing2G","$v":"Nadogradnje se preuzimaju putem mobilne mreže kada Wi-Fi mreža nije dostupna. Kada koristite podatke mobilne mreže, pozivi će možda biti blokirani i može doći do dodatnih troškova."},{"$i":"downloadWifiPrioritized3","$v":"Nadogradnje se preuzimaju putem mobilne mreže kada Wi-Fi mreža nije dostupnae. Kada koristite podatke mobilne mreže, može doći do dodatnih troškova."},{"$i":"downloadNoWifiWarning","$v":"Wi-Fi mreža nije dostupna. Nadogradnja preko trenutne veze može uzrokovati dodatne troškove."},{"$i":"downloadOfflineWarning2","$v":"Povežite se na mrežu da biste preuzeli nadogradnje."},{"$i":"downloadUpdatesViaDataConnection","$v":"Preuzmi nadogradnje preko mobilne mreže?"},{"$i":"downloadUpdatesVia2GForbidden3","$v":"Proces preuzimanje nije moguć na sporim vezama (2G). Povežite se preko Wi-Fi ili 3G (ako je moguće) i zatim pokušajte ponovo."},{"$i":"downloadUpdatesViaDataConnectionMessage3","$v":"Kada koristite mobilnu mrežu ,dodatni troškovi se mogu primeniti. Da li želite da nastavite?"},{"$i":"downloadUpdatesViaDataRoamingConnection","$v":"Preuzeti nadogradnje preko mreže u romingu?"},{"$i":"downloadUpdatesViaDataRoamingConnectionMessage","$v":"Trenutno ste u romingu i dodatni troškovi se mogu primeniti. Da li želite da nastavite?"},{"$i":"screenshotSaved","$v":"Snimak ekrana sačuvan"},{"$i":"screenshotFailed","$v":"Snimak nije sačuvan"},{"$i":"screenshotNoSDCard","$v":"Nije pronađena memorijska kartica"},{"$i":"screenshotSDCardInUse","$v":"Memorijska kartica je u upotrebi"},{"$i":"screenshotSDCardLow","$v":"Nema dovoljno prostora na memorijskoj kartici"},{"$i":"logsSaved","$v":"Dnevnici su snimljeni u skladište"},{"$i":"logsSaveError","$v":"Greška prilikom snimanja dnevnika"},{"$i":"logsSaving","$v":"Snimam dnevnike…"},{"$i":"logsOperationFailed","$v":["Operacija ",{"t":"idOrVar","v":"operation"}," je neuspešna."]},{"$i":"logsGenericError","$v":"Desila se neočekivana greška."},{"$i":"logsSDCardMaybeShared","$v":"Uverite se da Vaša SD kartica nije podeljena sa Vašim računarom."},{"$i":"emergency-call-button","$v":"Hitan poziv"},{"$i":"emergency-call","$v":"Hitan poziv"},{"$i":"unlock-a11y-button","ariaLabel":"Otključaj"},{"$i":"camera-a11y-button","ariaLabel":"Kamera"},{"$i":"longDateFormat","$v":"%A, %e %B"},{"$i":"panel-passcode","ariaLabel":"Pristupni panel"},{"$i":"open-notification","$v":"otvori"},{"$i":"softwareHomeButton","ariaLabel":"Početna"},{"$i":"login","$v":"Prijavi se"},{"$i":"sign-in-to-website","$v":"Prijavi se na veb sajt"},{"$i":"username","$v":"Korisničko ime"},{"$i":"password","$v":"Lozinka"},{"$i":"http-authentication-message2","$v":["Veb sajt ",{"t":"idOrVar","v":"host"}," zahteva da se prijavite."]},{"$i":"error-message","$v":[{"t":"idOrVar","v":"name"}," se ne učitava valjano"]},{"$i":"error-title","$v":[{"t":"idOrVar","v":"name"}," ima poteškoća"]},{"$i":"unable-to-connect","$v":"Nije se moguće povezati"},{"$i":"tap-to-check-settings","$v":"Proveri postavke"},{"$i":"delete-title","$v":["Brisanje ",{"t":"idOrVar","v":"name"}]},{"$i":"delete-body","$v":[{"t":"idOrVar","v":"name"}," i svi njegovi podaci će biti obrisani."]},{"$i":"delete","$v":"Izbriši"},{"$i":"unrecoverable-error-title","$v":"Ukloni aplikaciju"},{"$i":"unrecoverable-error-body","$v":"Ne mogu instalirati aplikaciju zbog greške. Molim pokušajte ponovo. Aplikacija će biti uklonjena."},{"$i":"unrecoverable-error-action","$v":"U redu"},{"$i":"data-roaming-enabled-title","$v":"Uključiti roming podataka?"},{"$i":"data-roaming-enabled-warning2","$v":"Da biste pristupili internetu, morate uključiti roming podataka. U zavisnosti od ugovora, može doći do dodatnih troškova. Da li želite da uključite roming podataka?"},{"$i":"select-time","$v":"Odaberite vreme"},{"$i":"choose-option","$v":"Odaberi"},{"$i":"choose-options","$v":"Odaberi"},{"$i":"select-day","$v":"Odaberite dan"},{"$i":"battery-almost-empty3","$v":"Baterija je skoro prazna."},{"$i":"plug-in-your-charger","$v":"Priključite Vaš punjač."},{"$i":"new-window","$v":"Novi prozor"},{"$i":"new-private-window","$v":"Novi privatan prozor"},{"$i":"show-windows","$v":"Prikaži prozore"},{"$i":"add-to-home-screen","$v":"Dodaj na početni ekran"},{"$i":"share","$v":"Podeli"},{"$i":"crash-dialog2-os","$v":[{"t":"idOrVar","v":"brandShortName"}," se upravo oporavio od rušenja"]},{"$i":"crash-dialog-app","$v":[{"t":"idOrVar","v":"name"}," se upravo srušio"]},{"$i":"crash-dialog-app-noname","$v":"Nešto"},{"$i":"crash-dialog-message","$v":"Da li biste želeli da pošaljete Mozilla fondaciji izveštaj o rušenju kako biste nam pomogli da rešimo poteškoće? (Izveštaji se šalju samo preko Wi-Fi mreže)"},{"$i":"crash-info-link","$v":"Šta sadrži izveštaj o rušenju?"},{"$i":"crash-always-report","$v":"Uvek pošalji izveštaj Mozilla fondaciji kada dođe do rušenja."},{"$i":"crash-dont-send","$v":"Ne šalji"},{"$i":"crash-end","$v":"Pošalji"},{"$i":"crashReports","$v":"Izveštaj"},{"$i":"done","$v":"Gotovo"},{"$i":"crash-reports-description-1","$v":"Izveštaj o rušenju sadrži neke pojedinosti o rušenju i Vašem uređaju, kao i sliku stanja uređaja u trenutku rušenja"},{"$i":"crash-reports-description-2","$v":"U njemu mogu biti obuhvaćene stavke poput otvorenih stranica i aplikacija, teksta unošenog u obrazce, sadržaja otvorenih poruka ili geolokacijske informacije korišćenog u otvorenoj aplikaciji."},{"$i":"crash-reports-description-3-start","$v":"Izveštaje o rušenju koristimo da bismo pokušali ispraviti poteškoće i poboljšali naše proizvode. Vašim podacima upravljamo na način opisan u našoj"},{"$i":"crash-reports-description-3-privacy","$v":"polisi privatnosti"},{"$i":"crash-reports-description-3-end","$v":"."},{"$i":"crash-banner-os2","$v":[{"t":"idOrVar","v":"brandShortName"}," se upravo srušio."]},{"$i":"crash-banner-app","$v":[{"t":"idOrVar","v":"name"}," se upravo srušio."]},{"$i":"crash-banner-report","$v":"Izveštaj"},{"$i":"bluetooth-sending-progress","$v":"Šaljem datoteku…"},{"$i":"bluetooth-receiving-progress","$v":"Primam datoteku…"},{"$i":"acceptFileTransfer","$v":"Prihvati datoteku?"},{"$i":"wantToReceiveFile","$v":[{"t":"idOrVar","v":"deviceName"}," bi želeo da prenese ",{"t":"idOrVar","v":"fileName"}," (",{"t":"idOrVar","v":"fileSize"},")."]},{"$i":"transfer-confirmation-title","$v":[{"t":"idOrVar","v":"deviceName"}]},{"$i":"transfer-confirmation-description","$v":"Pregledajte zahtev za prenos."},{"$i":"byteUnit-B","$v":"bajta"},{"$i":"byteUnit-KB","$v":"KB"},{"$i":"byteUnit-MB","$v":"MB"},{"$i":"byteUnit-GB","$v":"GB"},{"$i":"byteUnit-TB","$v":"TB"},{"$i":"byteUnit-PB","$v":"PB"},{"$i":"byteUnit-EB","$v":"EB"},{"$i":"byteUnit-ZB","$v":"ZB"},{"$i":"byteUnit-YB","$v":"YB"},{"$i":"fileSize","$v":[{"t":"idOrVar","v":"size"}," ",{"t":"idOrVar","v":"unit"}]},{"$i":"deny","$v":"Odbij"},{"$i":"transfer","$v":"Prenesi"},{"$i":"cancelFileTransfer","$v":"Otkaži prenos datoteka preko Bluetooth-a?"},{"$i":"continueFileTransfer","$v":"Nastavi"},{"$i":"transfer-has-started-title","$v":"Prenos je počeo"},{"$i":"transfer-has-started-description","$v":"Proverite tok prenosa"},{"$i":"transferFinished-sentSuccessful-title","$v":"Datoteka poslata"},{"$i":"transferFinished-receivedSuccessful-title","$v":"Datoteka primljena"},{"$i":"transferFinished-sentFailed-title","$v":"Datoteka nije poslata"},{"$i":"transferFinished-receivedFailed-title","$v":"Primanje neuspelo"},{"$i":"transferFinished-try-again-description","$v":"Trenutno ne mogu poslati datoteku. Molimo Vas pokušajte kasnije."},{"$i":"transferReport-title","$v":"Izveštaj prenosa:"},{"$i":"transferReport-description","$v":[{"t":"idOrVar","v":"numSuccessful"}," uspešno, ",{"t":"idOrVar","v":"numUnsuccessful"}," neuspešno"]},{"$i":"unknown-file","$v":"Nepoznata datoteka"},{"$i":"unknown-device","$v":"Nepoznati uređaj"},{"$i":"cannotOpenFile","$v":"Primljena datoteka se ne može otvoriti"},{"$i":"unknownMediaTypeToOpenFile","$v":["Ne može se otvoriti nepoznata vrsta medija: ",{"t":"idOrVar","v":"fileName"}]},{"$i":"cannotReceiveFile","$v":"Ne može se primiti datoteka"},{"$i":"cannotGetStorageState","$v":"Nije moguće dobaviti stanje skladišta uređaja"},{"$i":"sdcard-not-exist2","$v":"Nije pronađena memorijska kartica. Molim Vas, umetnite memorijsku karticu."},{"$i":"sdcard-in-use","$v":"Bluetooth se ne može koristiti dok je telefon prikačen na kabel. Molim Vas, otkačite kabel za primanje datoteke(a)."},{"$i":"sdcard-no-space2","$v":"Nije moguće završiti prenos: memorijska kartica je puna."},{"$i":"unknown-error","$v":"Nepoznata greška"},{"$i":"confirm","$v":"Potvrdi"},{"$i":"sdcard-detected-title","$v":"SD kartica je detektovana"},{"$i":"sdcard-total-size-body","$v":["Veličina: ",{"t":"idOrVar","v":"size"}," ",{"t":"idOrVar","v":"unit"}]},{"$i":"sdcard-unknown-size-then-tap-to-format-body","$v":"Nepoznata veličina, pritisnite da formatirate"},{"$i":"sdcard-removed-title","$v":"SD karitca je uklonjena"},{"$i":"sdcard-removed-ejected-successfully","$v":"Izbacivanje uspešno"},{"$i":"sdcard-removed-not-ejected-properly","$v":"Izbacivanje nije uspelo"},{"$i":"microphone-is-on","$v":"Mikrofon je uključen"},{"$i":"camera-is-on","$v":"Kamera je uključena"},{"$i":"media-is-on","$v":"Kamera i mikrofon su uključeni"},{"$i":"noSimCard","$v":"Nema SIM kartice"},{"$i":"simPin","$v":"SIM PIN"},{"$i":"pukCode","$v":"PUK kod"},{"$i":"nckCode","$v":"NCK kod"},{"$i":"cckCode","$v":"CCK kod"},{"$i":"spckCode","$v":"SPCK kod"},{"$i":"nck1code","$v":"NCK1 kod"},{"$i":"nck2code","$v":"NCK2 kod"},{"$i":"hnckcode","$v":"HNCK kod"},{"$i":"rcckcode","$v":"RCCK kod"},{"$i":"rspckcode","$v":"RSPCK kod"},{"$i":"whatIsSimPin","$v":"Šta je SIM PIN?"},{"$i":"simPinIntro1","$v":"SIM PIN sprečava pristup mrežnim podacima mobilne telefonije SIM kartice. Kada je omogućen, bilo koji uređaj koji sadrži SIM karticu će tražiti unos PIN-a posle ponovnog pokretanja"},{"$i":"simPinIntro2","$v":"SIM PIN nije isto što i lozinka koja se koristi za otključavanje uređaja."},{"$i":"changeSimPin","$v":"Promeni PIN"},{"$i":"pinTitle","$v":"Unesite SIM PIN"},{"$i":"multiSIMpinTitle","$v":["Unesite SIM ",{"t":"idOrVar","v":"n"}," PIN"]},{"$i":"pukTitle","$v":"Unesite PUK kod"},{"$i":"nckTitle","$v":"Unesite NCK kod"},{"$i":"cckTitle","$v":"Unesite CCK kod"},{"$i":"spckTitle","$v":"Unesite SPCK kod"},{"$i":"nck1Title","$v":"Unesite NCK1 kod"},{"$i":"nck2Title","$v":"Unesite NCK2 kod"},{"$i":"hnckTitle","$v":"Unesite HNCK kod"},{"$i":"rcckTitle","$v":"Unesite RCCK kod"},{"$i":"rspckTitle","$v":"Unesite RSPCK kod"},{"$i":"newpinTitle","$v":"Novi PIN"},{"$i":"inputCodeRetriesLeft","$v":{"one":"poslednji pokušaj.","two":["preostala ",{"t":"idOrVar","v":"n"}," pokušaja."],"few":["preostalo ",{"t":"idOrVar","v":"n"}," pokušaja."],"many":["preostalo ",{"t":"idOrVar","v":"n"}," pokušaja."],"other":["preostalo ",{"t":"idOrVar","v":"n"}," pokušaja."]},"$x":[{"t":"idOrVar","v":"plural"},"n"]},{"$i":"pinErrorMsg","$v":"PIN nije ispravan."},{"$i":"pinAttemptMsg2","$v":{"one":"Imate još jedan pokušaj da unesete ispravan kod pre nego što SIM kartica bude zaključana.","few":["Imate još ",{"t":"idOrVar","v":"n"}," pokušaja da unesete ispravan kod pre nego što SIM kartica bude zaključana."],"two":["Imate još ",{"t":"idOrVar","v":"n"}," pokušaja da unesete ispravan kod pre nego što SIM kartica bude zaključana."],"many":["Imate još ",{"t":"idOrVar","v":"n"}," pokušaja da unesete ispravan kod pre nego što SIM kartica bude zaključana."],"other":["Imate još ",{"t":"idOrVar","v":"n"}," pokušaja da unesete ispravan kod pre nego što SIM kartica bude zaključana."]},"$x":[{"t":"idOrVar","v":"plural"},"n"]},{"$i":"pinLastChanceMsg","$v":"Ovo je poslednja prilika da unesete ispravan PIN. U suprotnom, morate uneti PUK kod da bi koristili ovu SIM karticu."},{"$i":"simCardLockedMsg","$v":"SIM kartica je zaključana."},{"$i":"enterPukMsg","$v":"Morate uneti Lični ključ za otključavanje (PUK) SIM kartice. Pogledajte uputstvo SIM kartice ili se obratite operateru za više informacija."},{"$i":"pukErrorMsg","$v":"PUK kod je netačan."},{"$i":"pukAttemptMsg2","$v":{"one":"Imate još jedan pokušaj da unesete ispravan kod pre nego što Vam se trajno zaključa SIM kartica. Pogledajte dokumentaciju koju ste dobili uz SIM karticu ili kontaktirajte mrežnog operatera za više informacija.","two":["Imate još ",{"t":"idOrVar","v":"n"}," pokušaja da unesete ispravan kod pre nego što Vam se trajno zaključa SIM kartica. Pogledajte dokumentaciju koju ste dobili uz SIM karticu ili kontaktirajte mrežnog operatera za više informacija."],"few":["Imate još ",{"t":"idOrVar","v":"n"}," pokušaja da unesete ispravan kod pre nego što Vam se trajno zaključa SIM kartica. Pogledajte dokumentaciju koju ste dobili uz SIM karticu ili kontaktirajte mrežnog operatera za više informacija."],"many":["Imate još ",{"t":"idOrVar","v":"n"}," pokušaja da unesete ispravan kod pre nego što Vam se trajno zaključa SIM kartica. Pogledajte dokumentaciju koju ste dobili uz SIM karticu ili kontaktirajte mrežnog operatera za više informacija."],"other":["Imate još ",{"t":"idOrVar","v":"n"}," pokušaja da unesete ispravan kod pre nego što Vam se trajno zaključa SIM kartica. Pogledajte dokumentaciju koju ste dobili uz SIM karticu ili kontaktirajte mrežnog operatera za više informacija."]},"$x":[{"t":"idOrVar","v":"plural"},"n"]},{"$i":"pukLastChanceMsg","$v":"Ovo je poslednja prilika da unesete ispravnu PUK šifru. Vaša SIM kartica će biti trajno neupotrebljiva ukoliko unesete pogrešnu PUK šifru. Pogledajte uputstvo SIM kartice ili se obratite operateru za više informacija."},{"$i":"newSimPinMsg","$v":"Napravite PIN (mora sadržati 4 do 8 cifara)"},{"$i":"confirmNewSimPinMsg","$v":"Potvrdite novi PIN"},{"$i":"newPinErrorMsg","$v":"PIN šifre se ne slažu."},{"$i":"nckErrorMsg","$v":"NCK je netačan."},{"$i":"nckAttemptMsg2","$v":{"one":"Greška pri zahtevu za otključavanje telefona (Network depersonalization request). Imate još jedan pokušaj da unesete ispravan kod. Pogledajte dokumentaciju koju ste dobili uz uređaj koji koristite ili kontaktirajte svog mrežnog operatera za više informacija.","two":["Greška pri zahtevu za otključavanje telefona (Network depersonalization request). Imate još ",{"t":"idOrVar","v":"n"}," pokušaja da unesete ispravan kod. Pogledajte dokumentaciju koju ste dobili uz uređaj koji koristite ili kontaktirajte svog mrežnog operatera za više informacija."],"few":["Greška pri zahtevu za otključavanje telefona (Network depersonalization request). Imate još ",{"t":"idOrVar","v":"n"}," pokušaja da unesete ispravan kod. Pogledajte dokumentaciju koju ste dobili uz uređaj koji koristite ili kontaktirajte svog mrežnog operatera za više informacija."],"many":["Greška pri zahtevu za otključavanje telefona (Network depersonalization request). Imate još ",{"t":"idOrVar","v":"n"}," pokušaja da unesete ispravan kod. Pogledajte dokumentaciju koju ste dobili uz uređaj koji koristite ili kontaktirajte svog mrežnog operatera za više informacija."],"other":["Greška pri zahtevu za otključavanje telefona (Network depersonalization request). Imate još ",{"t":"idOrVar","v":"n"}," pokušaja da unesete ispravan kod. Pogledajte dokumentaciju koju ste dobili uz uređaj koji koristite ili kontaktirajte svog mrežnog operatera za više informacija."]},"$x":[{"t":"idOrVar","v":"plural"},"n"]},{"$i":"nckLastChanceMsg","$v":"Neuspešan zahtev depersonalizacije mreže. Ovo je poslednja prilika za unos ispravne NCK šifre. Pogledajte uputstvo za uređaj ili se obratite operateru za više informacija."},{"$i":"activity-pick","$v":"Izaberi u:"},{"$i":"activity-view","$v":"Pregledaj pomoću:"},{"$i":"activity-test","$v":"Isprobaj pomoću:"},{"$i":"activity-share","$v":"Podeli sa:"},{"$i":"activity-new","$v":"Napravi pomoću:"},{"$i":"activity-open","$v":"Otvori pomoću:"},{"$i":"activity-save-bookmark","$v":"Zabeleži u:"},{"$i":"activity-record","$v":"Snimi iz:"},{"$i":"activity-browse","$v":"Pregledaj pomoću:"},{"$i":"activity-configure","$v":"Podesi pomoću:"},{"$i":"activity-dial","$v":"Pozovi iz:"},{"$i":"persona-signin","$v":"Prijava"},{"$i":"payment-flow","$v":"Kupi"},{"$i":"remoteDebuggerMessage","$v":"Primljen je dolazni zahtev za dozvolu udaljene ispravke grešaka. Dozvoliti vezu?"},{"$i":"fullscreen-request","$v":[{"t":"idOrVar","v":"origin"}," je sada preko celog ekrana."]},{"$i":"captive-wifi-available","$v":["Nađena je mreža ",{"t":"idOrVar","v":"networkName"},". Povezati se?"]},{"$i":"ceWarningtitle","$v":"Upozorenje o jačini"},{"$i":"ceWarningcontent","$v":"Da biste izbegli moguće oštećenje sluha, nemojte dugo koristiti maksimalnu jačinu zvuka."},{"$i":"notification-powersaving-mode-on-title","$v":"Režim štednje baterije"},{"$i":"notification-powersaving-mode-on-description","$v":"Režim štednje baterije je uključen."},{"$i":"low-device-storage","$v":"Ponestaje Vam prostora na uređaju.\\n"},{"$i":"free-space","$v":{"zero":"Nema slobodnog prostora.","one":["Ostalo je manje od ",{"t":"idOrVar","v":"value"}," ",{"t":"idOrVar","v":"unit"},"."],"two":["Ostalo je manje od ",{"t":"idOrVar","v":"value"}," ",{"t":"idOrVar","v":"unit"},"."],"few":["Ostalo je manje od ",{"t":"idOrVar","v":"value"}," ",{"t":"idOrVar","v":"unit"},"."],"many":["Ostalo je manje od ",{"t":"idOrVar","v":"value"}," ",{"t":"idOrVar","v":"unit"},"."],"other":["Ostalo je manje od ",{"t":"idOrVar","v":"value"}," ",{"t":"idOrVar","v":"unit"},"."]},"$x":[{"t":"idOrVar","v":"plural"},"value"]},{"$i":"unknown-free-space","$v":"Nepoznata veličina slobodnog prostora."},{"$i":"system-alert","$v":"Sistemska uzbuna"},{"$i":"cb-channel","$v":["Kanal ",{"t":"idOrVar","v":"channel"}]},{"$i":"cb-etws-warningType-earthquake","$v":"Zemljotres!"},{"$i":"cb-etws-warningType-tsunami","$v":"Cunami!"},{"$i":"cb-etws-warningType-earthquake-tsunami","$v":"Zemljotres-cunami!"},{"$i":"cb-etws-warningType-test","$v":"Sistem upozorenja se testira."},{"$i":"cb-etws-warningType-other","$v":"Hitno upozorenje!"},{"$i":"icc-message-maintitle","$v":"Poruka operatera"},{"$i":"icc-message-subtitle","$v":["SIM ",{"t":"idOrVar","v":"id"}]},{"$i":"icc-confirmCall-defaultmessage","$v":["Pozvati ",{"t":"idOrVar","v":"number"},"?"]},{"$i":"icc-alertMessage-defaultmessage","$v":"Slanje poruke"},{"$i":"icc-confirmMessage-defaultmessage","$v":"Poslati poruku?"},{"$i":"icc-notification-title","$v":["SIM ",{"t":"idOrVar","v":"id"}," STK"]},{"$i":"icc-inputbox-maintitle","$v":"STK upit"},{"$i":"icc-inputbox-subtitle","$v":["SIM ",{"t":"idOrVar","v":"id"}]},{"$i":"emergency-callback-mode","$v":"Režim hitnog poziva"},{"$i":"emergency-callback-message","$v":"Pozivi, poruke i internet su onemogućeni zbog režima hitnog poziva. Da li želite da isključite ovaj režim?"},{"$i":"cdma-record-info","$v":"Informacije CDMA zapisa"},{"$i":"ime-switching-title","$v":[{"t":"idOrVar","v":"appName"},": ",{"t":"idOrVar","v":"name"}]},{"$i":"ime-switching-tip","$v":"Pritisnite za promenu metode unosa"},{"$i":"shrinking-tip","$v":"Prevucite da biste podelili"},{"$i":"download_started","$v":"Preuzimanje je započelo"},{"$i":"download_stopped","$v":"Preuzimanje je zaustavljeno"},{"$i":"download_downloading","$v":"Preuzimam…"},{"$i":"download_succeeded","$v":"Preuzimanje uspešno"},{"$i":"download_failed","$v":"Preuzimanje neuspešno"},{"$i":"download_text_by_default","$v":[{"t":"idOrVar","v":"name"}]},{"$i":"download_downloading_text_2","$v":[{"t":"idOrVar","v":"percentage"},"% - ",{"t":"idOrVar","v":"name"}]},{"$i":"search-the-web","$v":"Pretraži veb"},{"$i":"search-or-enter-address","$v":"Pojam ili adresa","placeholder":"Pojam ili adresa"},{"$i":"back-button","ariaLabel":"Nazad"},{"$i":"forward-button","ariaLabel":"Prosledi"},{"$i":"reload-button","ariaLabel":"Ponovo učitaj"},{"$i":"stop-button","ariaLabel":"Zaustavi"},{"$i":"windows-button","ariaLabel":"Prikaži prozore"},{"$i":"noHotspotWhenAPMisOnWifiHotspot","$v":"Isključite režim rada u avionu da biste koristili Wi-Fi hotspot."},{"$i":"apmActivated","$v":"Režim u avionu aktiviran"},{"$i":"open-in-new-window","$v":"Otvori vezu u novom prozoru"},{"$i":"open-in-new-private-window","$v":"Otvori vezu u novom privatnom prozoru"},{"$i":"add-link-to-home-screen","$v":"Dodaj vezu na početni ekran"},{"$i":"share-link","$v":"Podeli vezu"},{"$i":"save-image","$v":"Sačuvaj sliku"},{"$i":"save-video","$v":"Sačuvaj video"},{"$i":"save-audio","$v":"Sačuvaj audio"},{"$i":"save-link","$v":"Sačuvaj povezanu datoteku"},{"$i":"share-image","$v":"Podeli sliku"},{"$i":"share-video","$v":"Podeli video"},{"$i":"share-audio","$v":"Podeli audio"},{"$i":"private-window","$v":"Privatni prozor"},{"$i":"private-window-detail1","$v":"Pregledač neće beležiti istoriju pregledanja, kolačiće ili privremene internet datoteke."},{"$i":"private-window-detail2","$v":"Dok ovaj uređaj ne beleži Vašu istoriju pregledanja, Vaš internet provajder i dalje može da prati koje stranice Vi posećujete."},{"$i":"okCharsLeft","$v":["U redu(",{"t":"idOrVar","v":"n"},")"]},{"$i":"accessibility-enableScreenReaderSteps","$v":"Da omogućite čitač ekrana, pritisnite dugme da pojačavanje tona i zatim dugme za smanjivanje tona tri puta"},{"$i":"accessibility-disableScreenReaderSteps","$v":"Da onemogućite čitač ekrana, pritisnite dugme da pojačavanje tona i zatim dugme za smanjivanje tona tri puta"},{"$i":"accessibility-screenReaderStarted","$v":"Čitač ekrana započeo"},{"$i":"accessibility-screenReaderStopped","$v":"Čitač ekrana zaustavljen"},{"$i":"accessibility-menubar","$v":"traka sa menijem"},{"$i":"accessibility-scrollbar","$v":"linija za pomeranje"},{"$i":"accessibility-grip","$v":"grip"},{"$i":"accessibility-alert","$v":"upozorenje"},{"$i":"accessibility-menupopup","$v":"iskačući meni"},{"$i":"accessibility-document","$v":"dokument"},{"$i":"accessibility-pane","$v":"panel"},{"$i":"accessibility-dialog","$v":"dijalog"},{"$i":"accessibility-separator","$v":"separator"},{"$i":"accessibility-toolbar","$v":"traka sa alatkama"},{"$i":"accessibility-statusbar","$v":"statusna traka"},{"$i":"accessibility-table","$v":"tabela"},{"$i":"accessibility-columnheader","$v":"zaglavlje kolone"},{"$i":"accessibility-rowheader","$v":"zaglavlje reda"},{"$i":"accessibility-column","$v":"kolona"},{"$i":"accessibility-row","$v":"red"},{"$i":"accessibility-cell","$v":"polje"},{"$i":"accessibility-link","$v":"veza"},{"$i":"accessibility-list","$v":"lista"},{"$i":"accessibility-listitem","$v":"stavka liste"},{"$i":"accessibility-outline","$v":"okvir"},{"$i":"accessibility-outlineitem","$v":"stavka okvira"},{"$i":"accessibility-pagetab","$v":"jezičak"},{"$i":"accessibility-propertypage","$v":"stranica sa svojstvima"},{"$i":"accessibility-graphic","$v":"grafika"},{"$i":"accessibility-pushbutton","$v":"dugme"},{"$i":"accessibility-checkbutton","$v":"check dugme"},{"$i":"accessibility-radiobutton","$v":"radio dugme"},{"$i":"accessibility-combobox","$v":"combo polje"},{"$i":"accessibility-progressbar","$v":"linija napredovanja"},{"$i":"accessibility-slider","$v":"klizač"},{"$i":"accessibility-spinbutton","$v":"dugme za menjanje vrednosti"},{"$i":"accessibility-diagram","$v":"dijagram"},{"$i":"accessibility-animation","$v":"animacija"},{"$i":"accessibility-equation","$v":"jednačina"},{"$i":"accessibility-buttonmenu","$v":"meni sa dugmadima"},{"$i":"accessibility-whitespace","$v":"razmak"},{"$i":"accessibility-pagetablist","$v":"spisak jezičaka"},{"$i":"accessibility-canvas","$v":"platno"},{"$i":"accessibility-checkmenuitem","$v":"Pritisnite dva puta da biste aktivirali"},{"$i":"accessibility-label","$v":"oznaka"},{"$i":"accessibility-passwordtext","$v":"tekst lozinke"},{"$i":"accessibility-radiomenuitem","$v":"Pritisnite dva puta da biste aktivirali"},{"$i":"accessibility-textcontainer","$v":"sadržalac teksta"},{"$i":"accessibility-togglebutton","$v":"toggle dugme"},{"$i":"accessibility-treetable","$v":"tabela stabla"},{"$i":"accessibility-header","$v":"zaglavlje"},{"$i":"accessibility-footer","$v":"podnožje"},{"$i":"accessibility-paragraph","$v":"pasus"},{"$i":"accessibility-entry","$v":"stavka"},{"$i":"accessibility-caption","$v":"natpis"},{"$i":"accessibility-heading","$v":"naslov"},{"$i":"accessibility-section","$v":"odeljak"},{"$i":"accessibility-form","$v":"forma"},{"$i":"accessibility-comboboxlist","$v":"lista combo polja "},{"$i":"accessibility-comboboxoption","$v":"opcije combo polja"},{"$i":"accessibility-imagemap","$v":"mapa slike"},{"$i":"accessibility-listboxoption","$v":"opcije"},{"$i":"accessibility-listbox","$v":"lista"},{"$i":"accessibility-flatequation","$v":"linearna jednačina"},{"$i":"accessibility-gridcell","$v":"gridcell"},{"$i":"accessibility-note","$v":"primedba"},{"$i":"accessibility-figure","$v":"slika"},{"$i":"accessibility-definitionlist","$v":"lista definicija"},{"$i":"accessibility-term","$v":"termin"},{"$i":"accessibility-definition","$v":"definicija"},{"$i":"accessibility-textarea","$v":"područje teksta"},{"$i":"accessibility-textInputType_date","$v":"datum"},{"$i":"accessibility-textInputType_email","$v":"e-pošta"},{"$i":"accessibility-textInputType_search","$v":"pretraga"},{"$i":"accessibility-textInputType_tel","$v":"telefon"},{"$i":"accessibility-textInputType_url","$v":"URL"},{"$i":"accessibility-headingLevel","$v":["nivo zaglavlja ",{"t":"idOrVar","v":"0"}]},{"$i":"accessibility-listStart","$v":"Prva stavka"},{"$i":"accessibility-listEnd","$v":"Poslednja stavka"},{"$i":"accessibility-listItemsCount","$v":{"zero":[{"t":"idOrVar","v":"count"}," stavki"],"one":[{"t":"idOrVar","v":"count"}," stavka"],"two":[{"t":"idOrVar","v":"count"}," stavke"],"few":[{"t":"idOrVar","v":"count"}," stavki"],"many":[{"t":"idOrVar","v":"count"}," stavki"],"other":[{"t":"idOrVar","v":"count"}," stavki"]},"$x":[{"t":"idOrVar","v":"plural"},"count"]},{"$i":"accessibility-objItemOfN","$v":[{"t":"idOrVar","v":"0"}," od ",{"t":"idOrVar","v":"1"}]},{"$i":"accessibility-banner","$v":"baner"},{"$i":"accessibility-complementary","$v":"dodatni"},{"$i":"accessibility-contentinfo","$v":"informacije o sadržaju"},{"$i":"accessibility-main","$v":"glavni"},{"$i":"accessibility-navigation","$v":"navigacija"},{"$i":"accessibility-search","$v":"pretraga"},{"$i":"accessibility-tblColumnInfo","$v":{"zero":["sa ",{"t":"idOrVar","v":"count"}," kolona"],"one":["sa ",{"t":"idOrVar","v":"count"}," kolonom"],"two":["sa ",{"t":"idOrVar","v":"count"}," kolone"],"few":["sa ",{"t":"idOrVar","v":"count"}," kolona"],"many":["sa ",{"t":"idOrVar","v":"count"}," kolona"],"other":["sa ",{"t":"idOrVar","v":"count"}," kolona"]},"$x":[{"t":"idOrVar","v":"plural"},"count"]},{"$i":"accessibility-tblRowInfo","$v":{"zero":["i ",{"t":"idOrVar","v":"count"}," reda"],"one":["i ",{"t":"idOrVar","v":"count"}," redom"],"two":["i ",{"t":"idOrVar","v":"count"}," reda"],"few":["i ",{"t":"idOrVar","v":"count"}," reda"],"many":["i ",{"t":"idOrVar","v":"count"}," reda"],"other":["i ",{"t":"idOrVar","v":"count"}," reda"]},"$x":[{"t":"idOrVar","v":"plural"},"count"]},{"$i":"accessibility-columnInfo","$v":["Kolona ",{"t":"idOrVar","v":"0"}]},{"$i":"accessibility-rowInfo","$v":["Red ",{"t":"idOrVar","v":"0"}]},{"$i":"accessibility-spansColumns","$v":{"zero":["raspon ",{"t":"idOrVar","v":"0"}," kolona"],"one":["raspon ",{"t":"idOrVar","v":"0"}," kolona"],"two":["raspon ",{"t":"idOrVar","v":"0"}," kolone"],"few":["raspon ",{"t":"idOrVar","v":"0"}," kolona"],"many":["raspon ",{"t":"idOrVar","v":"0"}," kolona"],"other":["raspon ",{"t":"idOrVar","v":"0"}," kolona"]},"$x":[{"t":"idOrVar","v":"plural"},"0"]},{"$i":"accessibility-spansRows","$v":{"zero":["raspon ",{"t":"idOrVar","v":"0"}," reda"],"one":["raspon ",{"t":"idOrVar","v":"0"}," red"],"two":["raspon ",{"t":"idOrVar","v":"0"}," reda"],"few":["raspon ",{"t":"idOrVar","v":"0"}," reda"],"many":["raspon ",{"t":"idOrVar","v":"0"}," reda"],"other":["raspon ",{"t":"idOrVar","v":"0"}," reda"]},"$x":[{"t":"idOrVar","v":"plural"},"0"]},{"$i":"accessibility-jumpAction","$v":"skočio"},{"$i":"accessibility-pressAction","$v":"pritisnut"},{"$i":"accessibility-checkAction","$v":"označeno"},{"$i":"accessibility-uncheckAction","$v":"isključi"},{"$i":"accessibility-selectAction","$v":"izabrano"},{"$i":"accessibility-unselectAction","$v":"nije izabrano"},{"$i":"accessibility-openAction","$v":"otvoreno"},{"$i":"accessibility-closeAction","$v":"zatvoreno"},{"$i":"accessibility-switchAction","$v":"prebačeno"},{"$i":"accessibility-clickAction","$v":"kliknuto"},{"$i":"accessibility-collapseAction","$v":"skupljeno"},{"$i":"accessibility-expandAction","$v":"raširen"},{"$i":"accessibility-activateAction","$v":"aktivirano"},{"$i":"accessibility-cycleAction","$v":"cikličan"},{"$i":"accessibility-hidden","$v":"sakriveno"},{"$i":"accessibility-tabLoading","$v":"učitavam"},{"$i":"accessibility-tabLoaded","$v":"učitano"},{"$i":"accessibility-tabNew","$v":"novi jezičak"},{"$i":"accessibility-tabLoadStopped","$v":"učitavanje zaustavljeno"},{"$i":"accessibility-tabReload","$v":"ponovo učitavam"},{"$i":"accessibility-stateChecked","$v":"označeno"},{"$i":"accessibility-stateNotChecked","$v":"nije označeno"},{"$i":"accessibility-statePressed","$v":"pritisnuto"},{"$i":"accessibility-stateExpanded","$v":"raširen"},{"$i":"accessibility-stateCollapsed","$v":"skupljeno"},{"$i":"accessibility-stateUnavailable","$v":"nedostupno"},{"$i":"accessibility-stateRequired","$v":"obavezno"},{"$i":"accessibility-stateTraversed","$v":"posećeno"},{"$i":"accessibility-stateHasPopup","$v":"ima iskačući prozor"},{"$i":"accessibility-stateSelected","$v":"izabrano"},{"$i":"accessibility-editingMode","$v":"uređivanje"},{"$i":"accessibility-navigationMode","$v":"navigacija"},{"$i":"accessibility-quicknav_Simple","$v":"Podrazumevano"},{"$i":"accessibility-quicknav_Anchor","$v":"Veze"},{"$i":"accessibility-quicknav_Button","$v":"Dugmad"},{"$i":"accessibility-quicknav_Combobox","$v":"Combo kućice"},{"$i":"accessibility-quicknav_Landmark","$v":"Obeležja"},{"$i":"accessibility-quicknav_Entry","$v":"Unosi"},{"$i":"accessibility-quicknav_FormElement","$v":"Elementi forme"},{"$i":"accessibility-quicknav_Graphic","$v":"Slike"},{"$i":"accessibility-quicknav_Heading","$v":"Zaglavlja"},{"$i":"accessibility-quicknav_ListItem","$v":"Stavke lista"},{"$i":"accessibility-quicknav_Link","$v":"Veze"},{"$i":"accessibility-quicknav_List","$v":"Liste"},{"$i":"accessibility-quicknav_PageTab","$v":"Jezičci stranica"},{"$i":"accessibility-quicknav_RadioButton","$v":"Radio dugmad"},{"$i":"accessibility-quicknav_Separator","$v":"Separatori"},{"$i":"accessibility-quicknav_Table","$v":"Tabele"},{"$i":"accessibility-quicknav_Checkbox","$v":"Check polja"},{"$i":"accessibility-menubarAbbr","$v":"traka sa menijem"},{"$i":"accessibility-scrollbarAbbr","$v":"linija za pomeranje"},{"$i":"accessibility-gripAbbr","$v":"grip"},{"$i":"accessibility-alertAbbr","$v":"upozorenje"},{"$i":"accessibility-menupopupAbbr","$v":"iskačući meni"},{"$i":"accessibility-documentAbbr","$v":"dokument"},{"$i":"accessibility-paneAbbr","$v":"panel"},{"$i":"accessibility-dialogAbbr","$v":"dijalog"},{"$i":"accessibility-separatorAbbr","$v":"separator"},{"$i":"accessibility-toolbarAbbr","$v":"traka sa alatkama"},{"$i":"accessibility-statusbarAbbr","$v":"statusna traka"},{"$i":"accessibility-tableAbbr","$v":"tab"},{"$i":"accessibility-columnheaderAbbr","$v":"zaglavlje kolone"},{"$i":"accessibility-rowheaderAbbr","$v":"zaglavlje reda"},{"$i":"accessibility-columnAbbr","$v":"kolona"},{"$i":"accessibility-rowAbbr","$v":"red"},{"$i":"accessibility-cellAbbr","$v":"polje"},{"$i":"accessibility-linkAbbr","$v":"veza"},{"$i":"accessibility-listAbbr","$v":"lista"},{"$i":"accessibility-listitemAbbr","$v":"stavka liste"},{"$i":"accessibility-outlineAbbr","$v":"okvir"},{"$i":"accessibility-outlineitemAbbr","$v":"stavka okvira"},{"$i":"accessibility-pagetabAbbr","$v":"jezičak"},{"$i":"accessibility-propertypageAbbr","$v":"stranica sa svojstvima"},{"$i":"accessibility-graphicAbbr","$v":"grafika"},{"$i":"accessibility-pushbuttonAbbr","$v":"dug"},{"$i":"accessibility-checkbuttonAbbr","$v":"check dugme"},{"$i":"accessibility-radiobuttonAbbr","$v":"radio dugme"},{"$i":"accessibility-comboboxAbbr","$v":"combo polje"},{"$i":"accessibility-progressbarAbbr","$v":"linija napredovanja"},{"$i":"accessibility-sliderAbbr","$v":"klizač"},{"$i":"accessibility-spinbuttonAbbr","$v":"dugme za menjanje vrednosti"},{"$i":"accessibility-diagramAbbr","$v":"dijagram"},{"$i":"accessibility-animationAbbr","$v":"animacija"},{"$i":"accessibility-equationAbbr","$v":"jednačina"},{"$i":"accessibility-buttonmenuAbbr","$v":"meni sa dugmadima"},{"$i":"accessibility-whitespaceAbbr","$v":"razmak"},{"$i":"accessibility-pagetablistAbbr","$v":"spisak jezičaka"},{"$i":"accessibility-canvasAbbr","$v":"platno"},{"$i":"accessibility-checkmenuitemAbbr","$v":"stavka check menija"},{"$i":"accessibility-labelAbbr","$v":"oznaka"},{"$i":"accessibility-passwordtextAbbr","$v":"tekstloz"},{"$i":"accessibility-radiomenuitemAbbr","$v":"stavka radio menija"},{"$i":"accessibility-textcontainerAbbr","$v":"sadržalac teksta"},{"$i":"accessibility-togglebuttonAbbr","$v":"toggle dugme"},{"$i":"accessibility-treetableAbbr","$v":"tabela stabla"},{"$i":"accessibility-headerAbbr","$v":"zaglavlje"},{"$i":"accessibility-footerAbbr","$v":"podnožje"},{"$i":"accessibility-paragraphAbbr","$v":"pasus"},{"$i":"accessibility-entryAbbr","$v":"stavka"},{"$i":"accessibility-captionAbbr","$v":"natpis"},{"$i":"accessibility-headingAbbr","$v":"naslov"},{"$i":"accessibility-sectionAbbr","$v":"odeljak"},{"$i":"accessibility-formAbbr","$v":"forma"},{"$i":"accessibility-comboboxlistAbbr","$v":"lista combo polja "},{"$i":"accessibility-comboboxoptionAbbr","$v":"opcije combo polja"},{"$i":"accessibility-imagemapAbbr","$v":"mapasl"},{"$i":"accessibility-listboxoptionAbbr","$v":"opcije"},{"$i":"accessibility-listboxAbbr","$v":"lista"},{"$i":"accessibility-flatequationAbbr","$v":"linearna jednačina"},{"$i":"accessibility-gridcellAbbr","$v":"gridcell"},{"$i":"accessibility-noteAbbr","$v":"primedba"},{"$i":"accessibility-figureAbbr","$v":"sl"},{"$i":"accessibility-definitionlistAbbr","$v":"lista definicija"},{"$i":"accessibility-termAbbr","$v":"termin"},{"$i":"accessibility-definitionAbbr","$v":"definicija"},{"$i":"accessibility-textareaAbbr","$v":"podrtek"},{"$i":"accessibility-tblColumnInfoAbbr","$v":{"one":[{"t":"idOrVar","v":"count"},"k"],"two":[{"t":"idOrVar","v":"count"},"k"],"few":[{"t":"idOrVar","v":"count"},"k"],"many":[{"t":"idOrVar","v":"count"},"k"],"other":[{"t":"idOrVar","v":"count"},"k"]},"$x":[{"t":"idOrVar","v":"plural"},"count"]},{"$i":"accessibility-tblRowInfoAbbr","$v":{"one":[{"t":"idOrVar","v":"count"},"r"],"two":[{"t":"idOrVar","v":"count"},"r"],"few":[{"t":"idOrVar","v":"count"},"r"],"many":[{"t":"idOrVar","v":"count"},"r"],"other":[{"t":"idOrVar","v":"count"},"r"]},"$x":[{"t":"idOrVar","v":"plural"},"count"]},{"$i":"accessibility-cellInfoAbbr","$v":["k",{"t":"idOrVar","v":"0"},"r",{"t":"idOrVar","v":"1"}]},{"$i":"accessibility-stateCheckedAbbr","$v":"(x)"},{"$i":"accessibility-stateUncheckedAbbr","$v":"( )"},{"$i":"accessibility-statePressedAbbr","$v":"(x)"},{"$i":"accessibility-stateUnpressedAbbr","$v":"( )"},{"$i":"accessibility-pushbutton-hint","$v":"Pritisnite dva puta da biste aktivirali"},{"$i":"accessibility-checkbutton-hint","$v":"Pritisnite dva puta da biste aktivirali"},{"$i":"accessibility-combobox-hint","$v":"Pritisnite dva puta da biste aktivirali"},{"$i":"accessibility-key-hint","$v":"Pritisnite i držite da biste aktivirali"},{"$i":"accessibility-link-hint","$v":"Pritisnite dva puta da biste aktivirali"},{"$i":"accessibility-menuitem-hint","$v":"Pritisnite dva puta da biste aktivirali"},{"$i":"accessibility-option-hint","$v":"Pritisnite dva puta da biste aktivirali"},{"$i":"accessibility-radiobutton-hint","$v":"Pritisnite dva puta da biste aktivirali"},{"$i":"accessibility-slider-hint","$v":"Prevucite na gore da biste povećali ili na dole da biste umanjili"},{"$i":"accessibility-spinbutton-hint","$v":"Prevucite na gore da biste povećali ili na dole da biste umanjili"},{"$i":"accessibility-pagetab-hint","$v":"Pritisnite dva puta da biste aktivirali"},{"$i":"accessibility-entry-hint","$v":"Pritisnite dva puta da biste aktivirali"},{"$i":"accessibility-outlineitem-hint","$v":"Pritisnite dva puta da biste aktivirali"},{"$i":"weekday-0-long","$v":"Nedelja"},{"$i":"weekday-1-long","$v":"Ponedeljak"},{"$i":"weekday-2-long","$v":"Utorak"},{"$i":"weekday-3-long","$v":"Sreda"},{"$i":"weekday-4-long","$v":"Četvrtak"},{"$i":"weekday-5-long","$v":"Petak"},{"$i":"weekday-6-long","$v":"Subota"},{"$i":"weekday-0-short","$v":"Ned"},{"$i":"weekday-1-short","$v":"Pon"},{"$i":"weekday-2-short","$v":"Uto"},{"$i":"weekday-3-short","$v":"Sre"},{"$i":"weekday-4-short","$v":"Čet"},{"$i":"weekday-5-short","$v":"Pet"},{"$i":"weekday-6-short","$v":"Sub"},{"$i":"month-0-long","$v":"januar"},{"$i":"month-1-long","$v":"februar"},{"$i":"month-2-long","$v":"mart"},{"$i":"month-3-long","$v":"april"},{"$i":"month-4-long","$v":"maj"},{"$i":"month-5-long","$v":"jun"},{"$i":"month-6-long","$v":"jul"},{"$i":"month-7-long","$v":"avgust"},{"$i":"month-8-long","$v":"septembar"},{"$i":"month-9-long","$v":"oktobar"},{"$i":"month-10-long","$v":"novembar"},{"$i":"month-11-long","$v":"decembar"},{"$i":"month-0-genitive","$v":"januara"},{"$i":"month-1-genitive","$v":"februara"},{"$i":"month-2-genitive","$v":"marta"},{"$i":"month-3-genitive","$v":"aprila"},{"$i":"month-4-genitive","$v":"maja"},{"$i":"month-5-genitive","$v":"juna"},{"$i":"month-6-genitive","$v":"jula"},{"$i":"month-7-genitive","$v":"avgusta"},{"$i":"month-8-genitive","$v":"septembra"},{"$i":"month-9-genitive","$v":"oktobra"},{"$i":"month-10-genitive","$v":"novembra"},{"$i":"month-11-genitive","$v":"decembra"},{"$i":"month-0-short","$v":"jan"},{"$i":"month-1-short","$v":"feb"},{"$i":"month-2-short","$v":"mar"},{"$i":"month-3-short","$v":"apr"},{"$i":"month-4-short","$v":"maj"},{"$i":"month-5-short","$v":"jun"},{"$i":"month-6-short","$v":"jul"},{"$i":"month-7-short","$v":"avg"},{"$i":"month-8-short","$v":"sep"},{"$i":"month-9-short","$v":"okt"},{"$i":"month-10-short","$v":"nov"},{"$i":"month-11-short","$v":"dec"},{"$i":"minutes-ago-long","$v":{"zero":"upravo","one":"pre minut","two":["pre ",{"t":"idOrVar","v":"value"}," minuta"],"few":["pre ",{"t":"idOrVar","v":"value"}," minuta"],"many":["pre ",{"t":"idOrVar","v":"value"}," minuta"],"other":["pre ",{"t":"idOrVar","v":"value"}," minuta"]},"$x":[{"t":"idOrVar","v":"plural"},"value"]},{"$i":"hours-ago-long","$v":{"zero":"upravo","one":"pre sat vremena","two":["pre ",{"t":"idOrVar","v":"value"}," sata"],"few":["pre ",{"t":"idOrVar","v":"value"}," sati"],"many":["pre ",{"t":"idOrVar","v":"value"}," sati"],"other":["pre ",{"t":"idOrVar","v":"value"}," sati"]},"$x":[{"t":"idOrVar","v":"plural"},"value"]},{"$i":"days-ago-long","$v":{"zero":"danas","one":"juče","two":["pre ",{"t":"idOrVar","v":"value"}," dana"],"few":["pre ",{"t":"idOrVar","v":"value"}," dana"],"many":["pre ",{"t":"idOrVar","v":"value"}," dana"],"other":["pre ",{"t":"idOrVar","v":"value"}," dana"]},"$x":[{"t":"idOrVar","v":"plural"},"value"]},{"$i":"weeks-ago-long","$v":{"zero":"ove nedelje","one":"prošle nedelje","two":["pre ",{"t":"idOrVar","v":"value"}," nedelje"],"few":["pre ",{"t":"idOrVar","v":"value"}," nedelja"],"many":["pre ",{"t":"idOrVar","v":"value"}," nedelja"],"other":["pre ",{"t":"idOrVar","v":"value"}," nedelja"]},"$x":[{"t":"idOrVar","v":"plural"},"value"]},{"$i":"months-ago-long","$v":{"zero":"ovog meseca","one":"prošlog meseca","two":["pre ",{"t":"idOrVar","v":"value"}," meseca"],"few":["pre ",{"t":"idOrVar","v":"value"}," meseci"],"many":["pre ",{"t":"idOrVar","v":"value"}," meseci"],"other":["pre ",{"t":"idOrVar","v":"value"}," meseci"]},"$x":[{"t":"idOrVar","v":"plural"},"value"]},{"$i":"years-ago-long","$v":{"zero":"ove godine","one":"prošle godine","two":["pre ",{"t":"idOrVar","v":"value"}," godine"],"few":["pre ",{"t":"idOrVar","v":"value"}," godina"],"many":["pre ",{"t":"idOrVar","v":"value"}," godina"],"other":["pre ",{"t":"idOrVar","v":"value"}," godina"]},"$x":[{"t":"idOrVar","v":"plural"},"value"]},{"$i":"minutes-until-long","$v":{"zero":"upravo","one":"za jedan minut","two":["za ",{"t":"idOrVar","v":"value"}," minuta"],"few":["za ",{"t":"idOrVar","v":"value"}," minuta"],"many":["za ",{"t":"idOrVar","v":"value"}," minuta"],"other":["za ",{"t":"idOrVar","v":"value"}," minuta"]},"$x":[{"t":"idOrVar","v":"plural"},"value"]},{"$i":"hours-until-long","$v":{"zero":"upravo","one":"za sat vremena","two":["za ",{"t":"idOrVar","v":"value"}," sata"],"few":["za ",{"t":"idOrVar","v":"value"}," sati"],"many":["za ",{"t":"idOrVar","v":"value"}," sati"],"other":["za ",{"t":"idOrVar","v":"value"}," sati"]},"$x":[{"t":"idOrVar","v":"plural"},"value"]},{"$i":"days-until-long","$v":{"zero":"danas","one":"sutra","two":["za ",{"t":"idOrVar","v":"value"}," dana"],"few":["za ",{"t":"idOrVar","v":"value"}," dana"],"many":["za ",{"t":"idOrVar","v":"value"}," dana"],"other":["za ",{"t":"idOrVar","v":"value"}," dana"]},"$x":[{"t":"idOrVar","v":"plural"},"value"]},{"$i":"weeks-until-long","$v":{"zero":"ove nedelje","one":"sledeće nedelje","two":["za ",{"t":"idOrVar","v":"value"}," nedelje"],"few":["za ",{"t":"idOrVar","v":"value"}," nedelja"],"many":["za ",{"t":"idOrVar","v":"value"}," nedelja"],"other":["za ",{"t":"idOrVar","v":"value"}," nedelja"]},"$x":[{"t":"idOrVar","v":"plural"},"value"]},{"$i":"months-until-long","$v":{"zero":"ovog meseca","one":"sledećeg meseca","two":["za ",{"t":"idOrVar","v":"value"}," meseca"],"few":["za ",{"t":"idOrVar","v":"value"}," meseci"],"many":["za ",{"t":"idOrVar","v":"value"}," meseci"],"other":["za ",{"t":"idOrVar","v":"value"}," meseci"]},"$x":[{"t":"idOrVar","v":"plural"},"value"]},{"$i":"years-until-long","$v":{"zero":"ove godine","one":"sledeće godine","two":["za ",{"t":"idOrVar","v":"value"}," godine"],"few":["za ",{"t":"idOrVar","v":"value"}," godina"],"many":["za ",{"t":"idOrVar","v":"value"}," godina"],"other":["za ",{"t":"idOrVar","v":"value"}," godina"]},"$x":[{"t":"idOrVar","v":"plural"},"value"]},{"$i":"minutes-ago-short","$v":{"zero":"upravo","other":["pre ",{"t":"idOrVar","v":"value"},"m"]},"$x":[{"t":"idOrVar","v":"plural"},"value"]},{"$i":"hours-ago-short","$v":{"zero":"upravo","other":["pre ",{"t":"idOrVar","v":"value"},"s"]},"$x":[{"t":"idOrVar","v":"plural"},"value"]},{"$i":"days-ago-short","$v":{"zero":"danas","other":["pre ",{"t":"idOrVar","v":"value"},"d"]},"$x":[{"t":"idOrVar","v":"plural"},"value"]},{"$i":"minutes-until-short","$v":{"zero":"upravo","other":["za ",{"t":"idOrVar","v":"value"},"m"]},"$x":[{"t":"idOrVar","v":"plural"},"value"]},{"$i":"hours-until-short","$v":{"zero":"upravo","other":["za ",{"t":"idOrVar","v":"value"},"s"]},"$x":[{"t":"idOrVar","v":"plural"},"value"]},{"$i":"days-until-short","$v":{"zero":"danas","other":["za ",{"t":"idOrVar","v":"value"},"d"]},"$x":[{"t":"idOrVar","v":"plural"},"value"]},{"$i":"incorrectDate","$v":"(netačan datum)"},{"$i":"dateTimeFormat_%c","$v":"%a %e %b %Y %H:%M:%S"},{"$i":"dateTimeFormat_%x","$v":"%d.%m.%Y"},{"$i":"dateTimeFormat_%X","$v":"%H:%M:%S"},{"$i":"shortTimeFormat","$v":"%H:%M"},{"$i":"shortTimeFormat12","$v":"%I:%M %p"},{"$i":"shortTimeFormat24","$v":"%H:%M"},{"$i":"shortDateTimeFormat","$v":"%x %H:%M"},{"$i":"weekStartsOnMonday","$v":"1"},{"$i":"firstDayOfTheWeek","$v":"1"},{"$i":"time_am","$v":"AM"},{"$i":"time_pm","$v":"PM"},{"$i":"title-app","$v":"Dozvole apl."},{"$i":"title-web","$v":"Dozvole sajtova"},{"$i":"title-cam","$v":"Izaberi kameru"},{"$i":"perm-alarms","$v":"Napravi budilnik"},{"$i":"perm-audio-capture","$v":"Mikrofon"},{"$i":"perm-audio-capture-appRequest","$v":["Da li biste želeli da podelite Vaš mikrofon sa ",{"t":"idOrVar","v":"app"},"?"]},{"$i":"perm-audio-capture-webRequest","$v":["Da li biste želeli da podelite Vaš mikrofon sa ",{"t":"idOrVar","v":"site"},"?"]},{"$i":"perm-audio-channel-content","$v":"Reprodukuj zvukove"},{"$i":"perm-audio-channel-notification","$v":"Reprodukuj zvukove za obaveštenja"},{"$i":"perm-audio-channel-ringer","$v":"Reprodukuj melodiju"},{"$i":"perm-background-sensors","$v":"Pristupi podacimma senzora"},{"$i":"perm-bluetooth","$v":"Bluetooth"},{"$i":"perm-browser","$v":"Pregledaj veb stranice"},{"$i":"perm-camera","$v":"Kamere"},{"$i":"perm-camera-selector-appRequest","$v":["Izaberi kameru za ",{"t":"idOrVar","v":"app"},"."]},{"$i":"perm-camera-selector-webRequest","$v":["Izaberi kameru za ",{"t":"idOrVar","v":"site"},"."]},{"$i":"perm-camera-appRequest","$v":[{"t":"idOrVar","v":"app"}," želi da koristi Vašu kameru."]},{"$i":"perm-camera-webRequest","$v":[{"t":"idOrVar","v":"site"}," želi da koristi Vašu kameru."]},{"$i":"perm-cellbroadcast","$v":"Info servis"},{"$i":"perm-contacts","$v":"Kontakti"},{"$i":"perm-contacts-appRequest","$v":[{"t":"idOrVar","v":"app"}," želi da pristupi Vašim kontaktima."]},{"$i":"perm-contacts-webRequest","$v":[{"t":"idOrVar","v":"site"}," želi da pristupi Vašim kontaktima."]},{"$i":"perm-desktop-notification","$v":"Obaveštenja"},{"$i":"perm-desktop-notification-appRequest","$v":[{"t":"idOrVar","v":"app"}," želi da prikazuje obaveštenja."]},{"$i":"perm-desktop-notification-webRequest","$v":[{"t":"idOrVar","v":"site"}," želi da prikazuje obaveštenja."]},{"$i":"perm-device-storage-apps","$v":"Skladište aplikacije"},{"$i":"perm-device-storage-music","$v":"Skladište muzike"},{"$i":"perm-device-storage-music-appRequest","$v":[{"t":"idOrVar","v":"app"}," želi da pristupi Vašoj muzici."]},{"$i":"perm-device-storage-music-webRequest","$v":[{"t":"idOrVar","v":"site"}," želi da pristupi Vašoj muzici."]},{"$i":"perm-device-storage-pictures","$v":"Skladište slika"},{"$i":"perm-device-storage-pictures-appRequest","$v":[{"t":"idOrVar","v":"app"}," želi da pristupi Vašim slikama."]},{"$i":"perm-device-storage-pictures-webRequest","$v":[{"t":"idOrVar","v":"site"}," želi da pristupi Vašim slikama."]},{"$i":"perm-device-storage-sdcard","$v":"Skladište memorijske kartice"},{"$i":"perm-device-storage-sdcard-appRequest","$v":[{"t":"idOrVar","v":"app"}," želi da pristupi Vašoj memorijskoj kartici."]},{"$i":"perm-device-storage-sdcard-webRequest","$v":[{"t":"idOrVar","v":"site"}," želi da pristupi Vašoj memorijskoj kartici."]},{"$i":"perm-device-storage-videos","$v":"Skladište video snimaka"},{"$i":"perm-device-storage-videos-appRequest","$v":[{"t":"idOrVar","v":"app"}," želi da pristupi Vašim video snimcima."]},{"$i":"perm-device-storage-videos-webRequest","$v":[{"t":"idOrVar","v":"site"}," želi da pristupi Vašim video snimcima."]},{"$i":"perm-embed-apps","$v":"Ugrađene apl."},{"$i":"perm-fmradio","$v":"FM Radio"},{"$i":"perm-fmradio-appRequest","$v":[{"t":"idOrVar","v":"app"}," želi da koristi FM radio."]},{"$i":"perm-fmradio-webRequest","$v":[{"t":"idOrVar","v":"site"}," želi da koristi FM radio."]},{"$i":"perm-geolocation","$v":"Geolokacija"},{"$i":"perm-geolocation-appRequest","$v":[{"t":"idOrVar","v":"app"}," želi da zna Vašu lokaciju."]},{"$i":"perm-geolocation-more-info","$v":[{"t":"idOrVar","v":"brandShortName"}," koristi GPS podatke, Wi-Fi podatke i podatke mobilnih mreža u Vašoj blizini radi utvrđivanja Vaše približne lokacije. Podaci se šalju Mozilla fondaciji i ostalim pružaocima usluga i biće korišćeni za unapređivanje baze podataka sa lokacijama. Podaci mogu biti smešteni na Vašem uređaju a prikupljanje podataka može početi u bilo kom trenutku, čak i kada ni jedna aplikacija nije pokrenuta."]},{"$i":"perm-geolocation-webRequest","$v":[{"t":"idOrVar","v":"site"}," želi da zna Vašu lokaciju."]},{"$i":"perm-idle","$v":"Pogledaj status mirovanja"},{"$i":"perm-indexedDB-chrome-settings","$v":"Privilegovan IndexedDB"},{"$i":"perm-indexedDB-unlimited","$v":"Beskonačno IndexedDB skladišta"},{"$i":"perm-input-manage","$v":"Upravljaj tastaturama"},{"$i":"perm-input","$v":"Ponašaj se kao tastatura"},{"$i":"perm-media-capture","$v":"Kamera i mikrofon"},{"$i":"perm-media-capture-appRequest","$v":["Da li biste želeli da podelite Vašu kameru i mikrofon sa ",{"t":"idOrVar","v":"app"},"?"]},{"$i":"perm-media-capture-webRequest","$v":["Da li biste želeli da podelite Vašu kameru i mikrofon sa ",{"t":"idOrVar","v":"site"},"?"]},{"$i":"perm-mobileconnection","$v":"Mobilna veza"},{"$i":"perm-mobileid","$v":"Mobilni identitet"},{"$i":"perm-network-events","$v":"Mrežni događaji"},{"$i":"perm-open-remote-window","$v":"Pokreni aplikaciju"},{"$i":"perm-permissions","$v":"Izmeni ovlašćenja apl."},{"$i":"perm-power","$v":"Postavke za napajanje"},{"$i":"perm-settings","$v":"Izmeni postavke"},{"$i":"perm-systemXHR","$v":"Cross-Origin zahtev"},{"$i":"perm-telephony","$v":"Telefonija"},{"$i":"perm-video-capture","$v":"Kamera"},{"$i":"perm-video-capture-appRequest","$v":["Da li biste želeli da podelite Vašu kameru sa ",{"t":"idOrVar","v":"app"},"?"]},{"$i":"perm-video-capture-webRequest","$v":["Da li biste želeli da podelite Vašu kameru sa ",{"t":"idOrVar","v":"site"},"?"]},{"$i":"perm-voicemail","$v":"Upravljaj govornu poštu"},{"$i":"perm-webapps-manage","$v":"Instaliraj web apl."},{"$i":"perm-wifi-manage","$v":"Upravljaj Wi-Fi"},{"$i":"perm-attention","$v":"Otvori Overlay Popups"},{"$i":"perm-audio-channel-alarm","$v":"Reprodukuj zvuk alarma"},{"$i":"perm-audio-channel-normal","$v":"Reprodukuj zvuk"},{"$i":"perm-audio-channel-publicnotification","$v":"Reprodukuj zvukove javnog obaveštenja"},{"$i":"perm-audio-channel-telephony","$v":"Reprodukuj zvukove telefonije"},{"$i":"perm-backgroundservice","$v":"Ponašaj se kao pozadinski servis"},{"$i":"perm-device-storage-crashes","$v":"Skladište za podatke pada"},{"$i":"perm-downloads","$v":"Pristupi preuzimanjima"},{"$i":"perm-embed-widgets","$v":"Urgađeni Widget-i"},{"$i":"perm-feature-detection","$v":"Detekcija mogućnosti"},{"$i":"perm-firefox-accounts","$v":"Firefox nalozi"},{"$i":"perm-mobilenetwork","$v":"Mobilna mreža"},{"$i":"perm-moz-attention","$v":"Otvori Overlay Popups (moz)"},{"$i":"perm-moz-audio-channel-ringer","$v":"Reprodukuj zvuk alarma (moz)"},{"$i":"perm-moz-audio-channel-telephony","$v":"Reprodukuj zvukove telefonije (moz)"},{"$i":"perm-moz-firefox-accounts","$v":"Firefox nalozi (moz)"},{"$i":"perm-networkstats-manage","$v":"Kontroliši statistiku korišćenja"},{"$i":"perm-nfc","$v":"NFC"},{"$i":"perm-nfc-hci-events","$v":"NFC HCI događaji"},{"$i":"perm-nfc-manager","$v":"Upravljaj NFC"},{"$i":"perm-phonenumberservice","$v":"Telefonski broj servisa"},{"$i":"perm-push","$v":"Push API"},{"$i":"perm-resourcestats-manage","$v":"Statistka resursa"},{"$i":"perm-sms","$v":"Pošalji i pročitaj SMS"},{"$i":"perm-speaker-control","$v":"Kontroliši jačinu zvuka"},{"$i":"perm-storage","$v":"Pristupi skladištu"},{"$i":"perm-tcp-socket","$v":"TCP soketi"},{"$i":"perm-test-permission","$v":"Ovlašćenje za test"},{"$i":"perm-time","$v":"Postavi datum i vreme"},{"$i":"perm-udp-socket","$v":"UDP soketi"},{"$i":"perm-wappush","$v":"WAP Push"},{"$i":"stopped_download_title","$v":"Preuzimanje zaustavljeno"},{"$i":"stopped_download_message","$v":"Preuzimanje je zaustavljeno. Pokušati ponovo preuzeti?"},{"$i":"stopped_download_left_button","$v":"Otkaži"},{"$i":"stopped_download_right_button","$v":"Pokušaj"},{"$i":"failed_download_title","$v":"Preuzimanje neuspešno"},{"$i":"failed_download_message","$v":[{"t":"idOrVar","v":"name"}," nije preuzet. Pokušati ponovo preuzeti?"]},{"$i":"failed_download_left_button","$v":"Otkaži"},{"$i":"failed_download_right_button","$v":"Pokušaj"},{"$i":"stop_download_title","$v":"Zaustavi preuzimanje"},{"$i":"stop_download_message","$v":"Da li ste sigurni da želite zaustaviti preuzimanje?"},{"$i":"stop_download_left_button","$v":"Ne"},{"$i":"stop_download_right_button","$v":"Da"},{"$i":"delete_download_title","$v":"Izbriši"},{"$i":"delete_download_message","$v":["Izbriši ",{"t":"idOrVar","v":"name"},"?"]},{"$i":"delete_download_left_button","$v":"Otkaži"},{"$i":"delete_download_right_button","$v":"Izbriši"},{"$i":"delete_all_download_title","$v":"Izbriši"},{"$i":"delete_all_download_left_button","$v":"Otkaži"},{"$i":"delete_all_download_right_button","$v":"Izbriši"},{"$i":"delete_all_download_message","$v":{"zero":"Nemoj izbrisati datoteke?","one":"Izbrisati jednu datoteku?","two":["Izbrisati ",{"t":"idOrVar","v":"number"}," datoteke?"],"few":["Izbrisati ",{"t":"idOrVar","v":"number"}," datoteka?"],"many":["Izbrisati ",{"t":"idOrVar","v":"number"}," datoteka?"],"other":["Izbrisati ",{"t":"idOrVar","v":"number"}," datoteka?"]},"$x":[{"t":"idOrVar","v":"plural"},"number"]},{"$i":"unsupported_file_type_download_title","$v":"Ne mogu otvoriti"},{"$i":"unsupported_file_type_download_message","$v":["Ne postoji aplikacija sa kojom možete otvoriti ",{"t":"idOrVar","v":"name"},". Da li želite da sačuvate datoteku ili da je izbrišete?"]},{"$i":"unsupported_file_type_download_left_button","$v":"Sačuvaj"},{"$i":"unsupported_file_type_download_right_button","$v":"Izbriši"},{"$i":"file_not_found_download_title","$v":"Datoteka nije pronađena"},{"$i":"file_not_found_download_message","$v":"Datoteka nije pronađena na uređaju"},{"$i":"file_not_found_download_right_button","$v":"U redu"},{"$i":"unmounted_sdcard_2_download_title","$v":"Memorijska kartica je u upotrebi"},{"$i":"unmounted_sdcard_2_download_message","$v":"Isključite kabel iz telefona"},{"$i":"unmounted_sdcard_2_download_right_button","$v":"U redu"},{"$i":"no_provider_download_title","$v":"Ne mogu deliti"},{"$i":"no_provider_download_message","$v":"Nije pronađen provajder"},{"$i":"no_provider_download_right_button","$v":"U redu"},{"$i":"no_memory_download_title","$v":"SD kartica je puna"},{"$i":"no_memory_download_message","$v":"Nema više mesta na Vašoj SD kartici za čuvavanje preuzimanja. Molimo Vas izbrišite neke datoteke pre nego što ponovo pokušate preuzeti datoteke."},{"$i":"no_memory_download_right_button","$v":"U redu"},{"$i":"no_sdcard_found_2_download_title","$v":"Nije pronađena memorijska kartica"},{"$i":"no_sdcard_found_2_download_message","$v":"Ubacite memorijsku karticu ili odaberite drugo podrazumevano mesto za čuvanje medija u postavkama"},{"$i":"no_sdcard_found_2_download_right_button","$v":"U redu"},{"$i":"file_open_error_download_title","$v":"Ne mogu otvoriti"},{"$i":"file_open_error_download_message","$v":["Ne mogu otvoriti datoteku ",{"t":"idOrVar","v":"name"},". Da li želite da je sačuvate ili izbrišete?"]},{"$i":"file_open_error_download_left_button","$v":"Sačuvaj"},{"$i":"file_open_error_download_right_button","$v":"Izbriši"},{"$i":"restart_download_error","$v":"Došlo je do greške prilikom ponovnog pokušaja preuzimanja. Molimo Vas pokušajte da ponovo preuzmete."},{"$i":"no-downloads","$v":"Nema preuzimanja"},{"$i":"percentage","$v":[{"t":"idOrVar","v":"percentage"}," %"]},{"$i":"partialResult","$v":[{"t":"idOrVar","v":"partial"}," od ",{"t":"idOrVar","v":"total"}]},{"$i":"summary","$v":[{"t":"idOrVar","v":"date"}," - ",{"t":"idOrVar","v":"status"}]},{"$i":"download-stopped","$v":"Zaustavljeno"},{"$i":"download-failed","$v":"Preuzimanje neuspešno"},{"$i":"open_downloaded_file","$v":"Otvori"},{"$i":"share_downloaded_file","$v":"Podeli"},{"$i":"wallpaper_downloaded_file","$v":"Postavi kao pozadinu"},{"$i":"ringtone_downloaded_file","$v":"Postavi kao melodiju"},{"$i":"cancel_downloaded_file","$v":"Otkaži"},{"$i":"voicemailNoNumberTitle","$v":"Broj govorne pošte je nedostupan"},{"$i":"voicemailNoNumberText","$v":"Pozivanje govorne pošte nije moguće. Podesite broj govorne pošte da biste pozvali."},{"$i":"voicemailNoNumberSettings","$v":"Postavke"},{"$i":"voicemailNoNumberCancel","$v":"Otkaži"},{"$i":"airplaneMode","$v":"Režim rada u avionu"},{"$i":"searching","$v":"Pretraga…"},{"$i":"noNetwork","$v":"Nema mreže"},{"$i":"roaming","$v":[{"t":"idOrVar","v":"operator"}," (Roming)"]},{"$i":"operator-info","$v":[{"t":"idOrVar","v":"carrier"}," ",{"t":"idOrVar","v":"region"}]},{"$i":"emergencyCallsOnly","$v":"Samo hitni pozivi"},{"$i":"emergencyCallsOnly-unknownSIMState","$v":"(nepoznat SIM status)"},{"$i":"emergencyCallsOnly-noSIM","$v":"(Nema SIM kartice)"},{"$i":"emergencyCallsOnly-pinRequired","$v":"(SIM PIN je neophodan)"},{"$i":"emergencyCallsOnly-pukRequired","$v":"(SIM PUK je neophodan)"},{"$i":"emergencyCallsOnly-networkLocked","$v":"(mreža je zaključana)"},{"$i":"emergencyCallsOnly-serviceProviderLocked","$v":"(zaključan od strane provajdera)"},{"$i":"emergencyCallsOnly-corporateLocked","$v":"(zaključan od strane kompanije)"},{"$i":"emergencyCallsOnly-network1Locked","$v":"(mreža1 je zaključana)"},{"$i":"emergencyCallsOnly-network2Locked","$v":"(mreža2 je zaključana)"},{"$i":"emergencyCallsOnly-hrpdNetworkLocked","$v":"(hrpd mreža je zaključana)"},{"$i":"emergencyCallsOnly-ruimCorporateLocked","$v":"(ruim mreža je zaključana)"},{"$i":"emergencyCallsOnly-ruimServiceProviderLocked","$v":"(ruim provajder servisa je zaključan)"},{"$i":"lockscreen-sim-id","$v":["SIM ",{"t":"idOrVar","v":"n"}]},{"$i":"charging-no-time","$v":[{"t":"idOrVar","v":"level"},"% napunjeno"]},{"$i":"charging-minutes","$v":{"zero":[{"t":"idOrVar","v":"level"},"% napunjeno (",{"t":"idOrVar","v":"minutes"}," min ostalo)"],"one":[{"t":"idOrVar","v":"level"},"% napunjeno (",{"t":"idOrVar","v":"minutes"}," min ostao)"],"two":[{"t":"idOrVar","v":"level"},"% napunjeno (",{"t":"idOrVar","v":"minutes"}," min ostala)"],"few":[{"t":"idOrVar","v":"level"},"% napunjeno (",{"t":"idOrVar","v":"minutes"}," min ostalo)"],"many":[{"t":"idOrVar","v":"level"},"% napunjeno (",{"t":"idOrVar","v":"minutes"}," min ostalo)"],"other":[{"t":"idOrVar","v":"level"},"% napunjeno (",{"t":"idOrVar","v":"minutes"}," min ostalo)"]},"$x":[{"t":"idOrVar","v":"plural"},"minutes"]},{"$i":"charging-hours","$v":{"zero":[{"t":"idOrVar","v":"level"},"% napunjeno (",{"t":"idOrVar","v":"hours"},"h ",{"t":"idOrVar","v":"minutes"}," min ostalo)"],"one":[{"t":"idOrVar","v":"level"},"% napunjeno (",{"t":"idOrVar","v":"hours"},"h ",{"t":"idOrVar","v":"minutes"}," min ostao)"],"two":[{"t":"idOrVar","v":"level"},"% napunjeno (",{"t":"idOrVar","v":"hours"},"h ",{"t":"idOrVar","v":"minutes"}," min ostala)"],"few":[{"t":"idOrVar","v":"level"},"% napunjeno (",{"t":"idOrVar","v":"hours"},"h ",{"t":"idOrVar","v":"minutes"}," min ostalo)"],"many":[{"t":"idOrVar","v":"level"},"% napunjeno (",{"t":"idOrVar","v":"hours"},"h ",{"t":"idOrVar","v":"minutes"}," min ostalo)"],"other":[{"t":"idOrVar","v":"level"},"% napunjeno (",{"t":"idOrVar","v":"hours"},"h ",{"t":"idOrVar","v":"minutes"}," min ostalo)"]},"$x":[{"t":"idOrVar","v":"plural"},"minutes"]},{"$i":"gaia-menu-cancel","$v":"Otkaži"},{"$i":"resend","$v":"Ponovo pošalji"},{"$i":"connecting","$v":"Povezivanje"},{"$i":"verify","$v":"Potvrdi"},{"$i":"verifying","$v":"Potvrđujem"},{"$i":"verified","$v":"Potvrđeno"},{"$i":"mobileIDExplanation","$v":[{"t":"idOrVar","v":"app_name"}," želi da zna da li želite da potvrdite Vaš broj telefona. Molimo odaberite koji želite da podelite ili ukucajte novi."]},{"$i":"verificationCodeExplanation","$v":["Poslali smo kod na ",{"t":"idOrVar","v":"phone_number"},". Pokušat ćemo da ga automatki učitamo, ali ćete morati ručno da ga ukucate ako nije u upotrebi na ovom uređaju."]},{"$i":"successMessage","$v":["Super! Vaš broj ",{"t":"idOrVar","v":"phone_number"}," je sada potvrđen i dostupan je ",{"t":"idOrVar","v":"app_name"},"."]},{"$i":"serverErrorMessage","$v":"Server za potvrdu trenutno nije dostupan. Proverite Vašu konekciju sa internetom ili pokušajte ponovo za nekoliko minuta."},{"$i":"timeoutErrorMessage","$v":"Izgleda da je došlo do problema sa kodom za potvrdu. Ajmo da pokušamo opet!"},{"$i":"errorTitle","$v":"Identitet mobilnog"},{"$i":"addPhoneNumber","$v":"Ili dodajte Vaš broj telefona"},{"$i":"selectPhoneNumber","$v":"Ili izabarite broj telefona sa liste"},{"$i":"network-error-in-app","$v":"Trenutno nema pristup internetu."},{"$i":"network-error-launching","$v":[{"t":"idOrVar","v":"name"}," zahteva internet konekciju."]},{"$i":"server-not-found","$v":"Server nije pronađen"},{"$i":"server-not-found-error","$v":["Ne mogu pronaći server na ",{"t":"idOrVar","v":"name"},"."]},{"$i":"file-not-found","$v":"Datoteka nije pronađena"},{"$i":"file-not-found-error","$v":"Uređaj ne može da prikaže ovu stranicu zato što datoteka nije pronađena."},{"$i":"connection-failed","$v":"Ne mogu se povezati"},{"$i":"connection-failed-error","$v":"Desila se greška na mreži pri pokušaju povezivanja na ovaj sajt."},{"$i":"invalid-connection","$v":"Ne mogu se povezati"},{"$i":"invalid-connection-error","$v":"Desila se greška na mreži pri pokušaju povezivanja na ovaj sajt."},{"$i":"malformed-uri","$v":"URL nije validan"},{"$i":"malformed-uri-error","$v":"Unesen URL nije validan i ne može se učitati."},{"$i":"redirect-loop","$v":"Ne mogu prikazati stranicu"},{"$i":"redirect-loop-error","$v":"Uređaj ne može prikazati stranicu zato što se stranica ne prosleđuje pravilno. Pokušajte ponovo kasnije."},{"$i":"not-cached","$v":"Stranica je istekla"},{"$i":"not-cached-error","$v":"Kao mera bezbednosti, ova stranica ne može biti prikazana jer je istekla."},{"$i":"is-printing-error","$v":"Ovaj dokument se ne može promeniti pri štampanju ili pri prikazu u režimu za štampanje."},{"$i":"denied-port-access","$v":"Ova stranica je zabranjena"},{"$i":"denied-port-access-error","$v":"Ova stranica koristi port mreže koji je obično za svrhe koje nisu veb pregledanje. Ovaj uređaj je otkazao zahtev radi Vaše bezbednosti."},{"$i":"proxy-resolve-failure","$v":"Greška na proksi serveru"},{"$i":"proxy-resolve-failure-error","$v":"Ovaj uređaj je podešen da koristi proksi server koji nije pronađen."},{"$i":"proxy-connect-failure","$v":"Greška na proksi serveru"},{"$i":"proxy-connect-failure-error","$v":"Ovaj uređaj je podešen da koristi proksi server koji odbija da se poveže."},{"$i":"content-encoding","$v":"Ne mogu prikazati stranicu"},{"$i":"content-encoding-error","$v":"Uređaj ne može prikazati ovu stranicu jer se desila greška u kodovanju sadržaja."},{"$i":"remote-xul","$v":"Stranica nije podržana"},{"$i":"remote-xul-error","$v":"Ova stranica se ne može prikazati jer koristi tehnologiju koju ovaj uređaj ne podržava."},{"$i":"phishing-blocked","$v":"Upozorenje"},{"$i":"phishing-blocked-error","$v":"Veb sajt je prijavljen kao veb falsifikat koji je napravljen da Vam na prevaru uzme lične i financijske informacije."},{"$i":"malware-blocked","$v":"Napad malvera je blokiran"},{"$i":"malware-blocked-error","$v":"Veb sajt je prijavljen kao sajt koji napada Vaš uređaj i on je blokiran."},{"$i":"unsafe-content-type","$v":"Nesiguran sadržaj"},{"$i":"unsafe-content-type-error","$v":"Ova stranica ne može biti prikazana jer njeno otvaranje nije sigurno."},{"$i":"corrupted-content","$v":"Ne mogu prikazati stranicu"},{"$i":"corrupted-content-error","$v":"Ova stranica ne može biti prikazana jer se desila greška prilikom prenosa podataka."},{"$i":"try-again","$v":"Pokušaj"},{"$i":"check-settings","$v":"Proveri postavke"}]