{"imageDescription":{"attrs":{"ariaLabel":{"value":[{"type":"idOrVar","name":"orientation"}," image, ",{"type":"idOrVar","name":"timestamp"}]}}},"imageDescriptionNoTimestamp":{"attrs":{"ariaLabel":{"value":[{"type":"idOrVar","name":"orientation"}," image"]}}},"videoDescription":{"attrs":{"ariaLabel":{"value":[{"type":"idOrVar","name":"orientation"}," video, ",{"type":"idOrVar","name":"timestamp"}]}}},"videoDescriptionNoTimestamp":{"attrs":{"ariaLabel":{"value":[{"type":"idOrVar","name":"orientation"}," video"]}}},"orientationPortrait":"portrait","orientationLandscape":"landscape","playbackPlay":{"attrs":{"ariaLabel":"Play"}},"playbackPause":{"attrs":{"ariaLabel":"Pause"}},"playbackNext":{"attrs":{"ariaLabel":"Next"}},"playbackPrevious":{"attrs":{"ariaLabel":"Previous"}},"playbackFullscreen":{"attrs":{"ariaLabel":"Fullscreen"}},"playbackSeekBar":{"attrs":{"ariaLabel":{"value":["Seek bar, duration ",{"type":"idOrVar","name":"duration"}]}}},"weekday-0-long":"Sunday","weekday-1-long":"Monday","weekday-2-long":"Tuesday","weekday-3-long":"Wednesday","weekday-4-long":"Thursday","weekday-5-long":"Friday","weekday-6-long":"Saturday","weekday-0-short":"Sun","weekday-1-short":"Mon","weekday-2-short":"Tue","weekday-3-short":"Wed","weekday-4-short":"Thu","weekday-5-short":"Fri","weekday-6-short":"Sat","month-0-long":"January","month-1-long":"February","month-2-long":"March","month-3-long":"April","month-4-long":"May","month-5-long":"June","month-6-long":"July","month-7-long":"August","month-8-long":"September","month-9-long":"October","month-10-long":"November","month-11-long":"December","month-0-genitive":"January","month-1-genitive":"February","month-2-genitive":"March","month-3-genitive":"April","month-4-genitive":"May","month-5-genitive":"June","month-6-genitive":"July","month-7-genitive":"August","month-8-genitive":"September","month-9-genitive":"October","month-10-genitive":"November","month-11-genitive":"December","month-0-short":"Jan","month-1-short":"Feb","month-2-short":"Mar","month-3-short":"Apr","month-4-short":"May","month-5-short":"Jun","month-6-short":"Jul","month-7-short":"Aug","month-8-short":"Sep","month-9-short":"Oct","month-10-short":"Nov","month-11-short":"Dec","minutes-ago-long":{"index":[{"type":"call","expr":{"type":"prop","expr":{"type":"glob","name":"cldr"},"prop":"plural","cmpt":false},"args":[{"type":"idOrVar","name":"value"}]}],"value":{"zero":"just now","one":"a minute ago","two":[{"type":"idOrVar","name":"value"}," minutes ago"],"few":[{"type":"idOrVar","name":"value"}," minutes ago"],"many":[{"type":"idOrVar","name":"value"}," minutes ago"],"other":[{"type":"idOrVar","name":"value"}," minutes ago"]}},"hours-ago-long":{"index":[{"type":"call","expr":{"type":"prop","expr":{"type":"glob","name":"cldr"},"prop":"plural","cmpt":false},"args":[{"type":"idOrVar","name":"value"}]}],"value":{"zero":"just now","one":"an hour ago","two":[{"type":"idOrVar","name":"value"}," hours ago"],"few":[{"type":"idOrVar","name":"value"}," hours ago"],"many":[{"type":"idOrVar","name":"value"}," hours ago"],"other":[{"type":"idOrVar","name":"value"}," hours ago"]}},"days-ago-long":{"index":[{"type":"call","expr":{"type":"prop","expr":{"type":"glob","name":"cldr"},"prop":"plural","cmpt":false},"args":[{"type":"idOrVar","name":"value"}]}],"value":{"zero":"today","one":"yesterday","two":[{"type":"idOrVar","name":"value"}," days ago"],"few":[{"type":"idOrVar","name":"value"}," days ago"],"many":[{"type":"idOrVar","name":"value"}," days ago"],"other":[{"type":"idOrVar","name":"value"}," days ago"]}},"weeks-ago-long":{"index":[{"type":"call","expr":{"type":"prop","expr":{"type":"glob","name":"cldr"},"prop":"plural","cmpt":false},"args":[{"type":"idOrVar","name":"value"}]}],"value":{"zero":"this week","one":"last week","two":[{"type":"idOrVar","name":"value"}," weeks ago"],"few":[{"type":"idOrVar","name":"value"}," weeks ago"],"many":[{"type":"idOrVar","name":"value"}," weeks ago"],"other":[{"type":"idOrVar","name":"value"}," weeks ago"]}},"months-ago-long":{"index":[{"type":"call","expr":{"type":"prop","expr":{"type":"glob","name":"cldr"},"prop":"plural","cmpt":false},"args":[{"type":"idOrVar","name":"value"}]}],"value":{"zero":"this month","one":"last month","two":[{"type":"idOrVar","name":"value"}," months ago"],"few":[{"type":"idOrVar","name":"value"}," months ago"],"many":[{"type":"idOrVar","name":"value"}," months ago"],"other":[{"type":"idOrVar","name":"value"}," months ago"]}},"years-ago-long":{"index":[{"type":"call","expr":{"type":"prop","expr":{"type":"glob","name":"cldr"},"prop":"plural","cmpt":false},"args":[{"type":"idOrVar","name":"value"}]}],"value":{"zero":"this year","one":"last year","two":[{"type":"idOrVar","name":"value"}," years ago"],"few":[{"type":"idOrVar","name":"value"}," years ago"],"many":[{"type":"idOrVar","name":"value"}," years ago"],"other":[{"type":"idOrVar","name":"value"}," years ago"]}},"minutes-until-long":{"index":[{"type":"call","expr":{"type":"prop","expr":{"type":"glob","name":"cldr"},"prop":"plural","cmpt":false},"args":[{"type":"idOrVar","name":"value"}]}],"value":{"zero":"now","one":"in a minute","two":["in ",{"type":"idOrVar","name":"value"}," minutes"],"few":["in ",{"type":"idOrVar","name":"value"}," minutes"],"many":["in ",{"type":"idOrVar","name":"value"}," minutes"],"other":["in ",{"type":"idOrVar","name":"value"}," minutes"]}},"hours-until-long":{"index":[{"type":"call","expr":{"type":"prop","expr":{"type":"glob","name":"cldr"},"prop":"plural","cmpt":false},"args":[{"type":"idOrVar","name":"value"}]}],"value":{"zero":"now","one":"in an hour","two":["in ",{"type":"idOrVar","name":"value"}," hours"],"few":["in ",{"type":"idOrVar","name":"value"}," hours"],"many":["in ",{"type":"idOrVar","name":"value"}," hours"],"other":["in ",{"type":"idOrVar","name":"value"}," hours"]}},"days-until-long":{"index":[{"type":"call","expr":{"type":"prop","expr":{"type":"glob","name":"cldr"},"prop":"plural","cmpt":false},"args":[{"type":"idOrVar","name":"value"}]}],"value":{"zero":"today","one":"tomorrow","two":["in ",{"type":"idOrVar","name":"value"}," days"],"few":["in ",{"type":"idOrVar","name":"value"}," days"],"many":["in ",{"type":"idOrVar","name":"value"}," days"],"other":["in ",{"type":"idOrVar","name":"value"}," days"]}},"weeks-until-long":{"index":[{"type":"call","expr":{"type":"prop","expr":{"type":"glob","name":"cldr"},"prop":"plural","cmpt":false},"args":[{"type":"idOrVar","name":"value"}]}],"value":{"zero":"this week","one":"next week","two":["in ",{"type":"idOrVar","name":"value"}," weeks"],"few":["in ",{"type":"idOrVar","name":"value"}," weeks"],"many":["in ",{"type":"idOrVar","name":"value"}," weeks"],"other":["in ",{"type":"idOrVar","name":"value"}," weeks"]}},"months-until-long":{"index":[{"type":"call","expr":{"type":"prop","expr":{"type":"glob","name":"cldr"},"prop":"plural","cmpt":false},"args":[{"type":"idOrVar","name":"value"}]}],"value":{"zero":"this month","one":"next month","two":["in ",{"type":"idOrVar","name":"value"}," months"],"few":["in ",{"type":"idOrVar","name":"value"}," months"],"many":["in ",{"type":"idOrVar","name":"value"}," months"],"other":["in ",{"type":"idOrVar","name":"value"}," months"]}},"years-until-long":{"index":[{"type":"call","expr":{"type":"prop","expr":{"type":"glob","name":"cldr"},"prop":"plural","cmpt":false},"args":[{"type":"idOrVar","name":"value"}]}],"value":{"zero":"this year","one":"next year","two":["in ",{"type":"idOrVar","name":"value"}," years"],"few":["in ",{"type":"idOrVar","name":"value"}," years"],"many":["in ",{"type":"idOrVar","name":"value"}," years"],"other":["in ",{"type":"idOrVar","name":"value"}," years"]}},"minutes-ago-short":{"index":[{"type":"call","expr":{"type":"prop","expr":{"type":"glob","name":"cldr"},"prop":"plural","cmpt":false},"args":[{"type":"idOrVar","name":"value"}]}],"value":{"zero":"just now","other":[{"type":"idOrVar","name":"value"},"m ago"]}},"hours-ago-short":{"index":[{"type":"call","expr":{"type":"prop","expr":{"type":"glob","name":"cldr"},"prop":"plural","cmpt":false},"args":[{"type":"idOrVar","name":"value"}]}],"value":{"zero":"just now","other":[{"type":"idOrVar","name":"value"},"h ago"]}},"days-ago-short":{"index":[{"type":"call","expr":{"type":"prop","expr":{"type":"glob","name":"cldr"},"prop":"plural","cmpt":false},"args":[{"type":"idOrVar","name":"value"}]}],"value":{"zero":"today","other":[{"type":"idOrVar","name":"value"},"d ago"]}},"minutes-until-short":{"index":[{"type":"call","expr":{"type":"prop","expr":{"type":"glob","name":"cldr"},"prop":"plural","cmpt":false},"args":[{"type":"idOrVar","name":"value"}]}],"value":{"zero":"now","other":["in ",{"type":"idOrVar","name":"value"},"m"]}},"hours-until-short":{"index":[{"type":"call","expr":{"type":"prop","expr":{"type":"glob","name":"cldr"},"prop":"plural","cmpt":false},"args":[{"type":"idOrVar","name":"value"}]}],"value":{"zero":"now","other":["in ",{"type":"idOrVar","name":"value"},"h"]}},"days-until-short":{"index":[{"type":"call","expr":{"type":"prop","expr":{"type":"glob","name":"cldr"},"prop":"plural","cmpt":false},"args":[{"type":"idOrVar","name":"value"}]}],"value":{"zero":"today","other":["in ",{"type":"idOrVar","name":"value"},"d"]}},"incorrectDate":"(incorrect date)","dateTimeFormat_%c":"%a %b %e %Y %I:%M:%S %p","dateTimeFormat_%x":"%m/%d/%Y","dateTimeFormat_%X":"%I:%M:%S %p","shortTimeFormat":"%I:%M %p","shortTimeFormat12":"%I:%M %p","shortTimeFormat24":"%H:%M","shortDateTimeFormat":"%x %I:%M %p","weekStartsOnMonday":"0","firstDayOfTheWeek":"0","timePickerOrder":"HMp","datePickerOrder":"MDY","hourMinutesSeparator":":","listSeparator_middle":", ","time_am":"AM","time_pm":"PM","durationPattern":"hh:mm:ss.SS","music":"Music","playlists2":"Playlists","artists":"Artists","albums":"Albums","songs":"Songs","unknown":"?","unknownArtist":"Unknown artist","unknownAlbum":"Unknown album","unknownTitle":"Unknown title","empty-title":"Add songs to get started","empty-text":"Load songs on to the memory card.","nocard2-title":"No memory card found","nocard3-text":"Insert a memory card to listen to songs.","pluggedin-title":"Music can not be used while phone is plugged in","pluggedin-text":"Unplug the phone to play music.","upgrade-title":"Database Upgrade","upgrade-text":"Please wait while Music updates its database.","search":"Search","search-music":{"attrs":{"placeholder":"Search Music"}},"search-cancel":"Cancel","search-artists":"Artists","search-albums":"Albums","search-titles":"Tracks","search-close":"close","search-no-result":"No music found","playlists-shuffle-all":"Shuffle all","playlists-highest-rated":"Highest rated","playlists-recently-added":"Recently added","playlists-most-played":"Most played","playlists-least-played":"Least played","picker-title":"Select a track","save":"Save","saved":{"value":["Saved ",{"type":"idOrVar","name":"title"}," to Music"]},"audioinvalid":"Audio cannot be played: format is unsupported or file is invalid.","overlay-cancel-button":"Cancel","music-paused-notification":"Music paused during the call","done":"Done","share-song":{"attrs":{"ariaLabel":"Share"}},"player-album-rating":{"attrs":{"ariaLabel":"Rating"}},"rating-star":{"attrs":{"ariaLabel":{"index":[{"type":"call","expr":{"type":"prop","expr":{"type":"glob","name":"cldr"},"prop":"plural","cmpt":false},"args":[{"type":"idOrVar","name":"n"}]}],"value":{"zero":[{"type":"idOrVar","name":"n"}," stars"],"one":[{"type":"idOrVar","name":"n"}," star"],"two":[{"type":"idOrVar","name":"n"}," stars"],"few":[{"type":"idOrVar","name":"n"}," stars"],"many":[{"type":"idOrVar","name":"n"}," stars"],"other":[{"type":"idOrVar","name":"n"}," stars"]}}}},"go-to-player-view":{"attrs":{"ariaLabel":"Go to player view"}},"repeat-off":{"attrs":{"ariaLabel":"Repeat off"}},"repeat-list":{"attrs":{"ariaLabel":"Repeat all"}},"repeat-song":{"attrs":{"ariaLabel":"Repeat track"}},"shuffle-toggle":{"attrs":{"ariaLabel":"Shuffle"}},"home-tab":{"attrs":{"ariaLabel":"Home"}},"playlists-tab":{"attrs":{"ariaLabel":"Playlists"}},"artists-tab":{"attrs":{"ariaLabel":"Artists"}},"albums-tab":{"attrs":{"ariaLabel":"Albums"}},"songs-tab":{"attrs":{"ariaLabel":"Songs"}}}