[{"$i":"firefox-accounts-title","$v":"Firefox-accounts"},{"$i":"fxa-next","$v":"Volgende"},{"$i":"fxa-back","$v":"Terug"},{"$i":"fxa-done","$v":"Gereed"},{"$i":"fxa-ok","$v":"OK"},{"$i":"fxa-connection-error-title","$v":"Kan geen verbinding maken"},{"$i":"fxa-connection-error-message","$v":"U kunt een account aanmaken of zich aanmelden vanuit Instellingen."},{"$i":"fxa-reset-password-error-title","$v":"Wachtwoord herinitialiseren"},{"$i":"fxa-reset-password-error-message","$v":"U kunt uw wachtwoord herinitialiseren vanuit Instellingen."},{"$i":"fxa-coppa-failure-error-title","$v":"Kan geen account aanmaken"},{"$i":"fxa-coppa-failure-error-message","$v":["U moet aan bepaalde leeftijdseisen voldoen om een Firefox-account aan te maken. ",{"t":"idOrVar","v":"learnmore"}]},{"$i":"fxa-learn-more","$v":"Meer info"},{"$i":"fxa-offline-error-title","$v":"Kan geen verbinding maken"},{"$i":"fxa-offline-error-message","$v":"Maak verbinding met een netwerk vanuit Instellingen."},{"$i":"fxa-invalid-email-title","$v":"Fout"},{"$i":"fxa-invalid-email-message","$v":"Voer een geldig e-mailadres in."},{"$i":"fxa-invalid-password-title","$v":"Ongeldig wachtwoord"},{"$i":"fxa-invalid-password-message","$v":"Controleer uw wachtwoord en probeer het opnieuw."},{"$i":"fxa-unknown-error-title","$v":"Kan geen verbinding maken"},{"$i":"fxa-unknown-error-message","$v":"Systeem niet beschikbaar, probeer het later opnieuw."},{"$i":"fxa-connecting","$v":"Verbinding maken"},{"$i":"fxa-enter-email-input","placeholder":"Voer uw e-mailadres in"},{"$i":"fxa-use-email-to-sign-in","$v":"Gebruik uw e-mailadres om een account aan te maken of u aan te melden."},{"$i":"fxa-notice","$v":["Door verder te gaan ga ik akkoord met de ",{"t":"idOrVar","v":"tos"}," en ",{"t":"idOrVar","v":"pn"}," van Firefox-cloudservices."]},{"$i":"fxa-tos","$v":"Servicevoorwaarden"},{"$i":"fxa-pn","$v":"Privacyverklaring"},{"$i":"fxa-create-password-title","$v":"Wachtwoord aanmaken"},{"$i":"fxa-enter-password-title","$v":"Wachtwoord invoeren"},{"$i":"fxa-hello-user","$v":["Hallo ",{"t":"idOrVar","v":"email"}]},{"$i":"fxa-password-refresh","$v":"Voer uw Firefox-accountwachtwoord in om verder te gaan."},{"$i":"fxa-password","placeholder":"Wachtwoord"},{"$i":"fxa-forgot-your-password","$v":"Uw wachtwoord vergeten?"},{"$i":"fxa-show-password","$v":"Wachtwoord tonen"},{"$i":"fxa-password-length-requirement","$v":"Uw wachtwoord moet minstens 8 tekens lang zijn."},{"$i":"fxa-success","$v":"Geslaagd!"},{"$i":"fxa-ready-to-go","$v":"Uw Firefox-account is gereed voor gebruik! "},{"$i":"fxa-use-features","$v":"U kunt nu functies als Find My Device en apps als de Firefox Marketplace gebruiken."},{"$i":"fxa-access-manage-account-settings","$v":"In de toekomst kunt u uw account vanuit Instellingen benaderen en beheren."},{"$i":"fxa-confirm-account","$v":"Uw account bevestigen"},{"$i":"fxa-will-send-email","$v":["We zullen een e-mailbericht verzenden naar ",{"t":"idOrVar","v":"email"}]},{"$i":"fxa-signup-click-verification-link-in-email","$v":"Klik de volgende keer dat u uw e-mail controleert op de verificatiekoppeling om uw Firefox-account te bevestigen."},{"$i":"fxa-age-verification","$v":"Leeftijdscontrole"},{"$i":"fxa-age-earlier","$v":[{"t":"idOrVar","v":"year"}," of eerder"]},{"$i":"fxa-year-of-birth","$v":"Geboortejaar"},{"$i":"brandShortName","$v":"B2G OS"},{"$i":"browserBrandShortName","$v":"Web Browser"},{"$i":"browserBrandFullName","$v":"Mozilla Web Browser"},{"$i":"ringtoneBrandName","$v":"Default"},{"$i":"ringtoneSectionBrandName","$v":"System"},{"$i":"ok","$v":"OK"},{"$i":"back","$v":"Terug"},{"$i":"help","$v":"Help"},{"$i":"cancel","$v":"Annuleren"},{"$i":"close","$v":"Sluiten"},{"$i":"skip","$v":"Overslaan"},{"$i":"clear","ariaLabel":"Wissen"},{"$i":"enable","$v":"Inschakelen"},{"$i":"turnOn","$v":"Aanzetten"},{"$i":"undo","ariaLabel":"Ongedaan maken"},{"$i":"enterPIN","$v":"Voer pincode in"},{"$i":"mediaPlaybackTrack","ariaLabel":"Nummertitel en artiest"},{"$i":"mediaPlaybackControls","ariaLabel":"Afspeelbesturing"},{"$i":"mediaPlaybackPrevious","ariaLabel":"Vorige"},{"$i":"mediaPlaybackPlay","ariaLabel":"Afspelen"},{"$i":"mediaPlaybackPause","ariaLabel":"Pauzeren"},{"$i":"mediaPlaybackNext","ariaLabel":"Volgende"},{"$i":"UnknownTrack","$v":"Onbekend nummer"},{"$i":"wifiButton-on","$v":"Wifi aan"},{"$i":"wifiButton-on-initializing","$v":"Wifi aan, initialiseren"},{"$i":"wifiButton-off","$v":"Wifi uit"},{"$i":"dataButton-on","$v":["Gegevens ",{"t":"idOrVar","v":"type"}," aan"]},{"$i":"dataButton-off","$v":["Gegevens ",{"t":"idOrVar","v":"type"}," uit"]},{"$i":"bluetoothButton-on","$v":"Bluetooth aan"},{"$i":"bluetoothButton-on-initializing","$v":"Bluetooth aan, initialiseren"},{"$i":"bluetoothButton-off","$v":"Bluetooth uit"},{"$i":"airplaneMode-on","$v":"Vliegtuigmodus aan"},{"$i":"airplaneMode-off","$v":"Vliegtuigmodus uit"},{"$i":"settingsButton","ariaLabel":"Instellingen"},{"$i":"utilityTray","ariaLabel":"Hulpprogrammavak"},{"$i":"simLabel","$v":["Simkaart ",{"t":"idOrVar","v":"id"}]},{"$i":"statusbarLabel","$v":[{"t":"idOrVar","v":"date"},", ",{"t":"idOrVar","v":"operator"}]},{"$i":"statusbarDateFormat","$v":"%e %b"},{"$i":"statusbar","ariaLabel":"Statusbalk"},{"$i":"statusbarBattery","ariaLabel":["Batterij ",{"t":"idOrVar","v":"level"}," procent"]},{"$i":"statusbarBatteryCharging","ariaLabel":["Batterij ",{"t":"idOrVar","v":"level"}," procent, opladen"]},{"$i":"statusbarFlightMode","ariaLabel":"Vliegtuigmodus aan"},{"$i":"statusbarWiFiConnecting","$v":"Wifi: verbinden"},{"$i":"statusbarWiFiConnected","$v":["Wifi: ",{"t":"idOrVar","v":"level"}," van 4 balkjes"]},{"$i":"statusbarSignal","$v":[{"t":"idOrVar","v":"operator"},"-netwerk, ",{"t":"idOrVar","v":"level"}," van 5 balkjes"]},{"$i":"statusbarSignalRoaming","$v":[{"t":"idOrVar","v":"operator"},"-netwerk (roaming), ",{"t":"idOrVar","v":"level"}," van 5 balkjes"]},{"$i":"statusbarSignalNoneSearching","$v":"Zoeken… Alleen noodoproepen"},{"$i":"statusbarHeadphones","ariaLabel":"Hoofdtelefoon aan"},{"$i":"statusbarBluetoothHeadphones","ariaLabel":"Bluetooth-hoofdtelefoon aan"},{"$i":"statusbarBluetoothTransferring","ariaLabel":"Bluetooth-overdracht actief"},{"$i":"statusbarIconOn-tethering","$v":"Tethering aan"},{"$i":"statusbarIconOnActive-tethering","$v":"Tethering aan, actief"},{"$i":"statusbarAlarm","ariaLabel":"Alarm aan"},{"$i":"statusbarIconOn-bluetooth","$v":"Bluetooth aan"},{"$i":"statusbarIconOnActive-bluetooth","$v":"Bluetooth aan, actief"},{"$i":"statusbarIconOn-mute","$v":"Dempen aan"},{"$i":"statusbarIconOn-vibration","$v":"Trilling aan"},{"$i":"statusbarRecording","ariaLabel":"Opnemen aan"},{"$i":"statusbarGeolocation","ariaLabel":"Geolocatie aan"},{"$i":"statusbarUsb","ariaLabel":"USB aan"},{"$i":"statusbarForwarding","$v":"Doorschakelen aan"},{"$i":"statusbarPlaying","ariaLabel":"Media afspelen"},{"$i":"statusbarNfc","ariaLabel":"NFC aan"},{"$i":"statusbarDownloads","ariaLabel":"Downloaden…"},{"$i":"statusbarNetworkActivity","ariaLabel":"Netwerken aan"},{"$i":"statusbarEmergencyCBNotification","ariaLabel":"Terugbellen bij noodgevallen"},{"$i":"statusbarNotifications","$v":{"one":[{"t":"idOrVar","v":"n"}," melding"],"two":[{"t":"idOrVar","v":"n"}," meldingen"],"few":[{"t":"idOrVar","v":"n"}," meldingen"],"many":[{"t":"idOrVar","v":"n"}," meldingen"],"other":[{"t":"idOrVar","v":"n"}," meldingen"]},"$x":[{"t":"idOrVar","v":"plural"},"n"]},{"$i":"statusbarNotifications-unread","ariaLabel":{"$x":[{"t":"idOrVar","v":"plural"},"n"],"$v":{"one":[{"t":"idOrVar","v":"n"}," ongelezen melding"],"two":[{"t":"idOrVar","v":"n"}," ongelezen meldingen"],"few":[{"t":"idOrVar","v":"n"}," ongelezen meldingen"],"many":[{"t":"idOrVar","v":"n"}," ongelezen meldingen"],"other":[{"t":"idOrVar","v":"n"}," ongelezen meldingen"]}}},{"$i":"notifications","$v":"Meldingen"},{"$i":"clear-all","$v":"Alles wissen"},{"$i":"attentionScreen-tapToShow","$v":"Tik om te tonen"},{"$i":"newVoicemails","$v":{"zero":"Geen nieuwe voicemailberichten","one":"Eén nieuw voicemailbericht","two":[{"t":"idOrVar","v":"n"}," nieuwe voicemailberichten"],"few":[{"t":"idOrVar","v":"n"}," nieuwe voicemailberichten"],"many":[{"t":"idOrVar","v":"n"}," nieuwe voicemailberichten"],"other":[{"t":"idOrVar","v":"n"}," nieuwe voicemailberichten"]},"$x":[{"t":"idOrVar","v":"plural"},"n"]},{"$i":"newVoicemailsUnknown","$v":"Nieuw voicemailbericht"},{"$i":"dialNumber","$v":[{"t":"idOrVar","v":"number"}," kiezen"]},{"$i":"voicemailNotificationMultiSim","$v":["(Simkaart ",{"t":"idOrVar","v":"n"},") ",{"t":"idOrVar","v":"title"}]},{"$i":"euRoamingNotificationTitle","$v":"EU-internet gedetecteerd"},{"$i":"euRoamingNotificationMsg","$v":"Tik om te wijzigen."},{"$i":"confirmNFCConnectBTenabledNameUnknown","$v":"Weet u zeker dat u verbinding met het apparaat wilt maken?"},{"$i":"confirmNFCConnectBTdisabledNameUnknown","$v":"Bluetooth aanzetten en verbinding met het apparaat maken?"},{"$i":"confirmNFCConnectBTenabledNameKnown","$v":["Weet u zeker dat u verbinding met ",{"t":"idOrVar","v":"deviceName"}," wilt maken?"]},{"$i":"confirmNFCConnectBTdisabledNameKnown","$v":["Bluetooth aanzetten en verbinding met ",{"t":"idOrVar","v":"deviceName"}," maken?"]},{"$i":"confirmNFCConnectBTdisabled","$v":"Aanzetten"},{"$i":"dismissNFCConnectBTdisabled","$v":"Annuleren"},{"$i":"confirmation","$v":"Bevestiging"},{"$i":"deviceMenu","$v":"Telefoon"},{"$i":"airplane","$v":"Vliegtuigmodus aanzetten"},{"$i":"airplaneOff","$v":"Vliegtuigmodus uitzetten"},{"$i":"silent","$v":"Inkomende oproepen dempen"},{"$i":"normal","$v":"Inkomende oproepen laten overgaan"},{"$i":"restart","$v":"Herstarten"},{"$i":"power","$v":"Uitschakelen"},{"$i":"no-recent-app-windows","$v":"Uw recente appvensters verschijnen hier"},{"$i":"no-recent-browser-windows","$v":"Uw recente browservensters verschijnen hier"},{"$i":"closeCard","ariaLabel":"Sluiten"},{"$i":"openCard","ariaLabel":"Openen"},{"$i":"yes","$v":"Ja"},{"$i":"no","$v":"Nee"},{"$i":"dontallow","$v":"Niet toestaan"},{"$i":"allow","$v":"Toestaan"},{"$i":"dontshare-geolocation","$v":"Niet delen"},{"$i":"share-geolocation","$v":"Delen"},{"$i":"dontshare-audio-capture","$v":"Niet delen"},{"$i":"share-audio-capture","$v":"Delen"},{"$i":"dontshare-video-capture","$v":"Niet delen"},{"$i":"share-video-capture","$v":"Delen"},{"$i":"dontshare-media-capture","$v":"Niet delen"},{"$i":"share-media-capture","$v":"Delen"},{"$i":"device-front","$v":"Camera voor"},{"$i":"device-back","$v":"Camera achter"},{"$i":"remember-my-choice","$v":"Mijn keuze onthouden"},{"$i":"more-info","$v":"Meer info…"},{"$i":"hide-info","$v":"Info verbergen"},{"$i":"install-app","$v":[{"t":"idOrVar","v":"name"}," installeren?"]},{"$i":"size","$v":"Grootte"},{"$i":"author","$v":"Auteur"},{"$i":"size-unknown","$v":"Onbekend"},{"$i":"author-unknown","$v":"Onbekend"},{"$i":"install","$v":"Installeren"},{"$i":"bytes","$v":"bytes"},{"$i":"kB","$v":"KB"},{"$i":"MB","$v":"MB"},{"$i":"GB","$v":"GB"},{"$i":"TB","$v":"TB"},{"$i":"PB","$v":"PB"},{"$i":"app-install-generic-error","$v":["Downloaden van ",{"t":"idOrVar","v":"appName"}," gestopt"]},{"$i":"app-install-download-failed","$v":["Downloaden van ",{"t":"idOrVar","v":"appName"}," mislukt"]},{"$i":"app-install-install-failed","$v":["Installatie van ",{"t":"idOrVar","v":"appName"}," mislukt"]},{"$i":"cancelling-will-not-refund","$v":"Annuleren zal geen aankoop vergoeden. Vergoedingen voor betaalde inhoud worden door de oorspronkelijke verkoper aangeboden."},{"$i":"apps-can-be-installed-later","$v":"Apps kunnen later worden geïnstalleerd vanaf de oorspronkelijke installatiebron."},{"$i":"are-you-sure-you-want-to-cancel","$v":"Weet u zeker dat u deze installatie wilt annuleren?"},{"$i":"cancel-install","$v":"Installatie annuleren"},{"$i":"cancel-install-button","$v":"Annuleren"},{"$i":"resume","$v":"Hervatten"},{"$i":"continue","$v":"Doorgaan"},{"$i":"stopDownloading","$v":["Downloaden van ",{"t":"idOrVar","v":"app"}," stoppen?"]},{"$i":"app-download-can-be-restarted","$v":"De download kan later opnieuw worden gestart."},{"$i":"app-download-stop-button","$v":"Downloaden stoppen"},{"$i":"not-enough-space","$v":"Niet genoeg ruimte"},{"$i":"not-enough-space-message","$v":"Er is niet genoeg ruimte om deze app te installeren. Maak ruimte vrij door oude apps of media te verwijderen en probeer opnieuw te installeren vanaf de oorspronkelijke bronlocatie."},{"$i":"app-install-success","$v":[{"t":"idOrVar","v":"appName"}," is geïnstalleerd"]},{"$i":"langpack-install-success2","$v":[{"t":"idOrVar","v":"appName"}," is geïnstalleerd. Ga naar Instellingen > Taal om het in te schakelen."]},{"$i":"setup","$v":"Configuratie"},{"$i":"ime-addkeyboards","$v":"Toetsenborden toevoegen"},{"$i":"later","$v":"Later"},{"$i":"download","$v":"Downloaden"},{"$i":"wantToDownload","$v":"Update nu downloaden?"},{"$i":"wantToInstallNow","$v":"Wilt u de update nu installeren? U zult uw telefoon enkele minuten niet kunnen gebruiken."},{"$i":"installNow","$v":"Nu installeren"},{"$i":"notNow","$v":"Niet nu"},{"$i":"downloadingUpdateMessage","innerHTML":["Updates downloaden… <span>",{"t":"idOrVar","v":"progress"}," gedownload.</span>"]},{"$i":"downloadingAppMessage","$v":[{"t":"idOrVar","v":"appName"}," downloaden"]},{"$i":"downloadingAppProgressNoMax","$v":[{"t":"idOrVar","v":"progress"}," gedownload"]},{"$i":"downloadingAppProgressIndeterminate","$v":"Downloaden"},{"$i":"downloadingAppProgress","$v":[{"t":"idOrVar","v":"progress"}," / ",{"t":"idOrVar","v":"max"}," gedownload"]},{"$i":"cancelAllDownloads","$v":"Alle downloads annuleren"},{"$i":"wantToCancelAll","$v":"Weet u zeker dat u alle downloads wilt annuleren?"},{"$i":"downloadError","$v":"Er is een fout opgetreden tijdens het downloaden van de updates."},{"$i":"updateAvailableInfo","innerHTML":{"$x":[{"t":"idOrVar","v":"plural"},"n"],"$v":{"one":[{"t":"idOrVar","v":"n"}," update beschikbaar. <span>Tik voor meer info.</span>"],"two":[{"t":"idOrVar","v":"n"}," updates beschikbaar. <span>Tik voor meer info.</span>"],"few":[{"t":"idOrVar","v":"n"}," updates beschikbaar. <span>Tik voor meer info.</span>"],"many":[{"t":"idOrVar","v":"n"}," updates beschikbaar. <span>Tik voor meer info.</span>"],"other":[{"t":"idOrVar","v":"n"}," updates beschikbaar. <span>Tik voor meer info.</span>"]}}},{"$i":"numberOfUpdates","$v":{"one":[{"t":"idOrVar","v":"n"}," update beschikbaar"],"two":[{"t":"idOrVar","v":"n"}," updates beschikbaar"],"few":[{"t":"idOrVar","v":"n"}," updates beschikbaar"],"many":[{"t":"idOrVar","v":"n"}," updates beschikbaar"],"other":[{"t":"idOrVar","v":"n"}," updates beschikbaar"]},"$x":[{"t":"idOrVar","v":"plural"},"n"]},{"$i":"systemUpdate","$v":"Systeemupdate"},{"$i":"systemUpdateReady","$v":"Systeemupdate gereed"},{"$i":"systemUpdateLowBatteryThreshold","$v":["U hebt minstens ",{"t":"idOrVar","v":"threshold"},"% van het batterijniveau nodig om de update te installeren."]},{"$i":"required","$v":"Vereist"},{"$i":"uncompressingMessage","innerHTML":"Decomprimeren… <span>Dit kan enkele minuten duren.</span>"},{"$i":"downloadWifiPrioritizedUsing2G","$v":"Updates worden via gegevensverbinding gedownload als wifi niet beschikbaar is. Bij gebruik van gegevensverbinding kunnen telefoonoproepen worden geblokkeerd en tevens extra kosten van toepassing zijn."},{"$i":"downloadWifiPrioritized3","$v":"Updates worden via gegevensverbinding gedownload als wifi niet beschikbaar is. Bij gebruik van gegevensverbinding kunnen extra kosten van toepassing zijn."},{"$i":"downloadNoWifiWarning","$v":"Wifi niet beschikbaar. Bijwerken via huidige verbinding kan extra kosten met zich meebrengen."},{"$i":"downloadOfflineWarning2","$v":"Maak verbinding met een netwerk om updates te downloaden."},{"$i":"downloadUpdatesViaDataConnection","$v":"Updates via gegevensverbinding downloaden?"},{"$i":"downloadUpdatesVia2GForbidden3","$v":"Het downloaden van updates is niet mogelijk bij langzame verbindingen (2G). Maak verbinding via wifi of 3G (indien beschikbaar) en probeer het opnieuw."},{"$i":"downloadUpdatesViaDataConnectionMessage3","$v":"Bij het gebruik van een gegevensverbinding kunnen extra kosten van toepassing zijn. Wilt u doorgaan?"},{"$i":"downloadUpdatesViaDataRoamingConnection","$v":"Updates downloaden via gegevensroaming?"},{"$i":"downloadUpdatesViaDataRoamingConnectionMessage","$v":"U bent momenteel aan het roamen en er kunnen extra kosten van toepassing zijn. Wilt u doorgaan?"},{"$i":"screenshotSaved","$v":"Afbeelding opgeslagen in Galerij"},{"$i":"screenshotFailed","$v":"De schermafbeelding kon niet worden opgeslagen"},{"$i":"screenshotNoSDCard","$v":"Geen geheugenkaart gevonden"},{"$i":"screenshotSDCardInUse","$v":"Geheugenkaart is in gebruik"},{"$i":"screenshotSDCardLow","$v":"Niet genoeg ruimte op geheugenkaart"},{"$i":"logsSaved","$v":"Logs opgeslagen naar opslagmedium"},{"$i":"logsSaveError","$v":"Fout bij opslaan van logs"},{"$i":"logsSaving","$v":"Logs vastleggen…"},{"$i":"logsOperationFailed","$v":["Bewerking ",{"t":"idOrVar","v":"operation"}," mislukt."]},{"$i":"logsGenericError","$v":"Er is een onverwachte fout opgetreden."},{"$i":"logsSDCardMaybeShared","$v":"Zorg ervoor dat uw SD-kaart niet met uw computer wordt gedeeld."},{"$i":"emergency-call-button","$v":"Noodoproep"},{"$i":"emergency-call","$v":"Noodoproep"},{"$i":"unlock-a11y-button","ariaLabel":"Ontgrendelen"},{"$i":"camera-a11y-button","ariaLabel":"Camera"},{"$i":"longDateFormat","$v":"%A %e %B"},{"$i":"panel-passcode","ariaLabel":"Wachtwoordcodepaneel"},{"$i":"open-notification","$v":"openen"},{"$i":"softwareHomeButton","ariaLabel":"Start"},{"$i":"login","$v":"Aanmelden"},{"$i":"sign-in-to-website","$v":"Aanmelden bij website"},{"$i":"username","$v":"Gebruikersnaam"},{"$i":"password","$v":"Wachtwoord"},{"$i":"http-authentication-message2","$v":["De website ",{"t":"idOrVar","v":"host"}," vereist dat u zich aanmeldt."]},{"$i":"error-message","$v":[{"t":"idOrVar","v":"name"}," wordt niet goed geladen"]},{"$i":"error-title","$v":[{"t":"idOrVar","v":"name"}," ondervindt problemen"]},{"$i":"unable-to-connect","$v":"Kan geen verbinding maken"},{"$i":"tap-to-check-settings","$v":"Tik om instellingen te controleren"},{"$i":"delete-title","$v":[{"t":"idOrVar","v":"name"}," verwijderen"]},{"$i":"delete-body","$v":[{"t":"idOrVar","v":"name"}," en alle gegevens ervan zullen worden verwijderd."]},{"$i":"delete","$v":"Verwijderen"},{"$i":"unrecoverable-error-title","$v":"Applicatie verwijderen"},{"$i":"unrecoverable-error-body","$v":"Kan applicatie vanwege een onherstelbare fout niet installeren. Probeer opnieuw te downloaden. De applicatie zal worden verwijderd."},{"$i":"unrecoverable-error-action","$v":"OK"},{"$i":"data-roaming-enabled-title","$v":"Gegevensroaming aanzetten?"},{"$i":"data-roaming-enabled-warning2","$v":"Voor toegang tot het internet dient u gegevensroaming aan te zetten. Afhankelijk van uw serviceovereenkomst kunnen extra kosten van toepassing zijn. Wilt u gegevensroaming aanzetten?"},{"$i":"select-time","$v":"Tijd selecteren"},{"$i":"choose-option","$v":"Selecteren"},{"$i":"choose-options","$v":"Selecteren"},{"$i":"select-day","$v":"Dag selecteren"},{"$i":"battery-almost-empty3","$v":"Uw batterij is bijna leeg."},{"$i":"plug-in-your-charger","$v":"Sluit uw oplader aan."},{"$i":"new-window","$v":"Nieuw venster"},{"$i":"new-private-window","$v":"Nieuw privévenster"},{"$i":"show-windows","$v":"Vensters tonen"},{"$i":"add-to-home-screen","$v":"Toevoegen aan startscherm"},{"$i":"share","$v":"Delen"},{"$i":"crash-dialog2-os","$v":[{"t":"idOrVar","v":"brandShortName"}," is zojuist van een crash hersteld"]},{"$i":"crash-dialog-app","$v":[{"t":"idOrVar","v":"name"}," is zojuist gecrasht"]},{"$i":"crash-dialog-app-noname","$v":"Iets"},{"$i":"crash-dialog-message","$v":"Wilt u een rapport over de crash naar Mozilla verzenden om ons te helpen het probleem op te lossen? (Rapporten worden alleen via wifi verzonden.)"},{"$i":"crash-info-link","$v":"Wat staat er in een crashrapport?"},{"$i":"crash-always-report","$v":"Altijd een rapport naar Mozilla verzenden als een crash optreedt"},{"$i":"crash-dont-send","$v":"Niet verzenden"},{"$i":"crash-end","$v":"Verzenden"},{"$i":"crashReports","$v":"Crashrapporten"},{"$i":"done","$v":"Gereed"},{"$i":"crash-reports-description-1","$v":"Een crashrapport bevat enkele details over de crash en uw apparaat, evenals een momentopname van de status van uw apparaat tijdens de crash."},{"$i":"crash-reports-description-2","$v":"Hieronder vallen mogelijk zaken als geopende pagina’s en apps, tekst die in formulieren is ingevuld en de inhoud van geopende berichten, recente navigatiegeschiedenis, of geolocatiegegevens die door een geopende app worden gebruikt."},{"$i":"crash-reports-description-3-start","$v":"We gebruiken crashrapporten om problemen te kunnen verhelpen en onze producten te verbeteren. We gaan met uw gegevens om zoals beschreven in ons "},{"$i":"crash-reports-description-3-privacy","$v":"privacybeleid"},{"$i":"crash-reports-description-3-end","$v":"."},{"$i":"crash-banner-os2","$v":[{"t":"idOrVar","v":"brandShortName"}," is zojuist gecrasht."]},{"$i":"crash-banner-app","$v":[{"t":"idOrVar","v":"name"}," is zojuist gecrasht."]},{"$i":"crash-banner-report","$v":"Rapport"},{"$i":"bluetooth-sending-progress","$v":"Bluetooth-overdracht verzenden…"},{"$i":"bluetooth-receiving-progress","$v":"Bluetooth-overdracht ontvangen…"},{"$i":"acceptFileTransfer","$v":"Bluetooth-bestandsoverdracht accepteren?"},{"$i":"wantToReceiveFile","$v":[{"t":"idOrVar","v":"deviceName"}," wil ",{"t":"idOrVar","v":"fileName"}," (",{"t":"idOrVar","v":"fileSize"},") overbrengen."]},{"$i":"transfer-confirmation-title","$v":[{"t":"idOrVar","v":"deviceName"}]},{"$i":"transfer-confirmation-description","$v":"Beoordeel aanvraag voor overdracht."},{"$i":"byteUnit-B","$v":"Bytes"},{"$i":"byteUnit-KB","$v":"KB"},{"$i":"byteUnit-MB","$v":"MB"},{"$i":"byteUnit-GB","$v":"GB"},{"$i":"byteUnit-TB","$v":"TB"},{"$i":"byteUnit-PB","$v":"PB"},{"$i":"byteUnit-EB","$v":"EB"},{"$i":"byteUnit-ZB","$v":"ZB"},{"$i":"byteUnit-YB","$v":"YB"},{"$i":"fileSize","$v":[{"t":"idOrVar","v":"size"}," ",{"t":"idOrVar","v":"unit"}]},{"$i":"deny","$v":"Weigeren"},{"$i":"transfer","$v":"Overbrengen"},{"$i":"cancelFileTransfer","$v":"Bluetooth-bestandsoverdracht annuleren?"},{"$i":"continueFileTransfer","$v":"Doorgaan"},{"$i":"transfer-has-started-title","$v":"De overdracht is gestart"},{"$i":"transfer-has-started-description","$v":"Controleer de voortgang in Meldingencentrum"},{"$i":"transferFinished-sentSuccessful-title","$v":"Bestand verzonden"},{"$i":"transferFinished-receivedSuccessful-title","$v":"Bestand ontvangen"},{"$i":"transferFinished-sentFailed-title","$v":"Bestand kon niet worden verzonden"},{"$i":"transferFinished-receivedFailed-title","$v":"Bestand kon niet worden ontvangen"},{"$i":"transferFinished-try-again-description","$v":"Kan bestand nu niet verzenden. Probeer het later nog eens."},{"$i":"transferReport-title","$v":"Transferrapport:"},{"$i":"transferReport-description","$v":[{"t":"idOrVar","v":"numSuccessful"}," bestanden gelukt, ",{"t":"idOrVar","v":"numUnsuccessful"}," bestanden niet gelukt"]},{"$i":"unknown-file","$v":"Onbekend bestand"},{"$i":"unknown-device","$v":"Onbekend apparaat"},{"$i":"cannotOpenFile","$v":"Kan ontvangen bestand niet openen"},{"$i":"unknownMediaTypeToOpenFile","$v":["Kan onbekend mediatype niet openen: ",{"t":"idOrVar","v":"fileName"}]},{"$i":"cannotReceiveFile","$v":"Kan geen bestand ontvangen"},{"$i":"cannotGetStorageState","$v":"Kan status van apparaatopslag niet verkrijgen."},{"$i":"sdcard-not-exist2","$v":"Geen geheugenkaart gevonden. Plaats een geheugenkaart."},{"$i":"sdcard-in-use","$v":"Bluetooth kan niet worden gebruikt bij aangesloten telefoon. Ontkoppel de telefoon om bestanden te ontvangen."},{"$i":"sdcard-no-space2","$v":"Kan overdracht niet voltooien: geheugenkaart is vol."},{"$i":"unknown-error","$v":"Onbekende fout"},{"$i":"confirm","$v":"Bevestigen"},{"$i":"sdcard-detected-title","$v":"SD-kaart gedetecteerd"},{"$i":"sdcard-total-size-body","$v":["Totale grootte: ",{"t":"idOrVar","v":"size"}," ",{"t":"idOrVar","v":"unit"}]},{"$i":"sdcard-unknown-size-then-tap-to-format-body","$v":"Onbekende grootte, tik om te formatteren"},{"$i":"sdcard-removed-title","$v":"SD-kaart verwijderd"},{"$i":"sdcard-removed-ejected-successfully","$v":"Uitwerpen geslaagd"},{"$i":"sdcard-removed-not-ejected-properly","$v":"Niet goed uitgeworpen"},{"$i":"microphone-is-on","$v":"Mic is aan"},{"$i":"camera-is-on","$v":"Camera is aan"},{"$i":"media-is-on","$v":"Camera & mic zijn AAN"},{"$i":"noSimCard","$v":"Geen simkaart"},{"$i":"simPin","$v":"Simpincode"},{"$i":"pukCode","$v":"Pukcode"},{"$i":"nckCode","$v":"NCK-code"},{"$i":"cckCode","$v":"CCK-code"},{"$i":"spckCode","$v":"SPCK-code"},{"$i":"nck1code","$v":"NCK1-code"},{"$i":"nck2code","$v":"NCK2-code"},{"$i":"hnckcode","$v":"HNCK-code"},{"$i":"rcckcode","$v":"RCCK-code"},{"$i":"rspckcode","$v":"RSPCK-code"},{"$i":"whatIsSimPin","$v":"Wat is een simpincode?"},{"$i":"simPinIntro1","$v":"Een simpincode voorkomt toegang tot de simkaart van mobielegegevensnetwerken. Als deze is ingeschakeld, zullen apparaten die de simkaart bevatten bij het herstarten om de pincode vragen."},{"$i":"simPinIntro2","$v":"Een simpincode is niet hetzelfde als de wachtwoordcode die voor het ontgrendelen van het apparaat wordt gebruikt."},{"$i":"changeSimPin","$v":"Pincode wijzigen"},{"$i":"pinTitle","$v":"Voer pincode in"},{"$i":"multiSIMpinTitle","$v":["Voer pincode van simkaart ",{"t":"idOrVar","v":"n"}," in"]},{"$i":"pukTitle","$v":"Voer pukcode in"},{"$i":"nckTitle","$v":"Voer NCK-code in"},{"$i":"cckTitle","$v":"Voer CCK-code in"},{"$i":"spckTitle","$v":"Voer SPCK-code in"},{"$i":"nck1Title","$v":"Voer NCK1-code in"},{"$i":"nck2Title","$v":"Voer NCK2-code in"},{"$i":"hnckTitle","$v":"Voer HNCK-code in"},{"$i":"rcckTitle","$v":"Voer RCCK-code in"},{"$i":"rspckTitle","$v":"Voer RSPCK-code in"},{"$i":"newpinTitle","$v":"Nieuwe pincode"},{"$i":"inputCodeRetriesLeft","$v":{"one":"Laatste poging.","two":[{"t":"idOrVar","v":"n"}," pogingen over."],"few":[{"t":"idOrVar","v":"n"}," pogingen over."],"many":[{"t":"idOrVar","v":"n"}," pogingen over."],"other":[{"t":"idOrVar","v":"n"}," pogingen over."]},"$x":[{"t":"idOrVar","v":"plural"},"n"]},{"$i":"pinErrorMsg","$v":"De pincode was onjuist."},{"$i":"pinAttemptMsg2","$v":{"one":"U hebt één poging over om de juiste code in te voeren voordat de simkaart wordt vergrendeld.","two":["U hebt ",{"t":"idOrVar","v":"n"}," pogingen over om de juiste code in te voeren voordat de simkaart wordt vergrendeld."],"few":["U hebt ",{"t":"idOrVar","v":"n"}," pogingen over om de juiste code in te voeren voordat de simkaart wordt vergrendeld."],"many":["U hebt ",{"t":"idOrVar","v":"n"}," pogingen over om de juiste code in te voeren voordat de simkaart wordt vergrendeld."],"other":["U hebt ",{"t":"idOrVar","v":"n"}," pogingen over om de juiste code in te voeren voordat de simkaart wordt vergrendeld."]},"$x":[{"t":"idOrVar","v":"plural"},"n"]},{"$i":"pinLastChanceMsg","$v":"Dit is uw laatste kans om de juiste pincode in te voeren. Anders moet u de pukcode invoeren om deze simkaart te gebruiken."},{"$i":"simCardLockedMsg","$v":"De simkaart is vergrendeld."},{"$i":"enterPukMsg","$v":"U moet de persoonlijke deblokkeringscode (pukcode) voor de simkaart invoeren. Kijk in de documentatie van uw simkaart of neem contact op met uw mobiele provider voor meer informatie."},{"$i":"pukErrorMsg","$v":"De pukcode is onjuist."},{"$i":"pukAttemptMsg2","$v":{"one":"U hebt één poging over om de juiste code in te voeren voordat deze simkaart blijvend onbruikbaar wordt. Kijk in de documentatie van uw simkaart of neem contact op met uw mobiele provider voor meer informatie.","two":["U hebt ",{"t":"idOrVar","v":"n"}," pogingen over om de juiste code in te voeren voordat deze simkaart blijvend onbruikbaar wordt. Kijk in de documentatie van uw simkaart of neem contact op met uw mobiele provider voor meer informatie."],"few":["U hebt ",{"t":"idOrVar","v":"n"}," pogingen over om de juiste code in te voeren voordat deze simkaart blijvend onbruikbaar wordt. Kijk in de documentatie van uw simkaart of neem contact op met uw mobiele provider voor meer informatie."],"many":["U hebt ",{"t":"idOrVar","v":"n"}," pogingen over om de juiste code in te voeren voordat deze simkaart blijvend onbruikbaar wordt. Kijk in de documentatie van uw simkaart of neem contact op met uw mobiele provider voor meer informatie."],"other":["U hebt ",{"t":"idOrVar","v":"n"}," pogingen over om de juiste code in te voeren voordat deze simkaart blijvend onbruikbaar wordt. Kijk in de documentatie van uw simkaart of neem contact op met uw mobiele provider voor meer informatie."]},"$x":[{"t":"idOrVar","v":"plural"},"n"]},{"$i":"pukLastChanceMsg","$v":"Laatste kans om de juiste pukcode in te voeren. Uw simkaart zal blijvend onbruikbaar worden als u de verkeerde pukcode invoert. Kijk in de documentatie van uw simkaart of neem contact op met uw mobiele provider voor meer informatie."},{"$i":"newSimPinMsg","$v":"Creëer pincode (moet 4 tot 8 cijfers bevatten)"},{"$i":"confirmNewSimPinMsg","$v":"Bevestig nieuwe pincode"},{"$i":"newPinErrorMsg","$v":"Pincodes komen niet overeen."},{"$i":"nckErrorMsg","$v":"De NCK-code is onjuist."},{"$i":"nckAttemptMsg2","$v":{"one":"Fout bij netwerkdepersonalisatieverzoek. U hebt één poging over om de juiste code in te voeren. Kijk in de documentatie van uw apparaat of neem contact op met uw mobiele provider voor meer informatie.","two":["Fout bij netwerkdepersonalisatieverzoek. U hebt ",{"t":"idOrVar","v":"n"}," pogingen over om de juiste code in te voeren. Kijk in de documentatie van uw apparaat of neem contact op met uw mobiele provider voor meer informatie."],"few":["Fout bij netwerkdepersonalisatieverzoek. U hebt ",{"t":"idOrVar","v":"n"}," pogingen over om de juiste code in te voeren. Kijk in de documentatie van uw apparaat of neem contact op met uw mobiele provider voor meer informatie."],"many":["Fout bij netwerkdepersonalisatieverzoek. U hebt ",{"t":"idOrVar","v":"n"}," pogingen over om de juiste code in te voeren. Kijk in de documentatie van uw apparaat of neem contact op met uw mobiele provider voor meer informatie."],"other":["Fout bij netwerkdepersonalisatieverzoek. U hebt ",{"t":"idOrVar","v":"n"}," pogingen over om de juiste code in te voeren. Kijk in de documentatie van uw apparaat of neem contact op met uw mobiele provider voor meer informatie."]},"$x":[{"t":"idOrVar","v":"plural"},"n"]},{"$i":"nckLastChanceMsg","$v":"Fout bij netwerkdepersonalisatieverzoek. Laatste kans om de juiste NCK-code in te voeren. Kijk in de documentatie van uw apparaat of neem contact op met uw mobiele provider voor meer informatie."},{"$i":"activity-pick","$v":"Kiezen uit:"},{"$i":"activity-view","$v":"Weergeven met:"},{"$i":"activity-test","$v":"Testen met:"},{"$i":"activity-share","$v":"Delen met:"},{"$i":"activity-new","$v":"Aanmaken met:"},{"$i":"activity-open","$v":"Openen met:"},{"$i":"activity-save-bookmark","$v":"Bladwijzer naar:"},{"$i":"activity-record","$v":"Opnemen vanaf:"},{"$i":"activity-browse","$v":"Bladeren met:"},{"$i":"activity-configure","$v":"Configureren met:"},{"$i":"activity-dial","$v":"Bellen vanaf:"},{"$i":"persona-signin","$v":"Aanmelden"},{"$i":"payment-flow","$v":"Aanschaffen"},{"$i":"remoteDebuggerMessage","$v":"Er is een inkomend verzoek voor een externe debugverbinding gedetecteerd. Verbinding toestaan?"},{"$i":"fullscreen-request","$v":[{"t":"idOrVar","v":"origin"}," gebruikt nu het volledige scherm."]},{"$i":"captive-wifi-available","$v":["Het netwerk ",{"t":"idOrVar","v":"networkName"}," is gevonden. Verbinden met netwerk?"]},{"$i":"ceWarningtitle","$v":"Volumewaarschuwing"},{"$i":"ceWarningcontent","$v":"Luister niet langdurig naar hoge geluidsvolumes om mogelijke gehoorschade te voorkomen."},{"$i":"notification-powersaving-mode-on-title","$v":"Energiebesparende modus"},{"$i":"notification-powersaving-mode-on-description","$v":"Energiebesparende modus is aan."},{"$i":"low-device-storage","$v":"Weinig ruimte op apparaat.\\n"},{"$i":"free-space","$v":{"zero":"Geen vrije ruimte meer.","one":["Minder dan ",{"t":"idOrVar","v":"value"}," ",{"t":"idOrVar","v":"unit"}," resterend."],"two":["Minder dan ",{"t":"idOrVar","v":"value"}," ",{"t":"idOrVar","v":"unit"}," resterend."],"few":["Minder dan ",{"t":"idOrVar","v":"value"}," ",{"t":"idOrVar","v":"unit"}," resterend."],"many":["Minder dan ",{"t":"idOrVar","v":"value"}," ",{"t":"idOrVar","v":"unit"}," resterend."],"other":["Minder dan ",{"t":"idOrVar","v":"value"}," ",{"t":"idOrVar","v":"unit"}," resterend."]},"$x":[{"t":"idOrVar","v":"plural"},"value"]},{"$i":"unknown-free-space","$v":"Onbekende resterende ruimte."},{"$i":"system-alert","$v":"Systeemmelding"},{"$i":"cb-channel","$v":["Kanaal ",{"t":"idOrVar","v":"channel"}]},{"$i":"cb-etws-warningType-earthquake","$v":"Aardbevingswaarschuwing!"},{"$i":"cb-etws-warningType-tsunami","$v":"Tsunamiwaarschuwing!"},{"$i":"cb-etws-warningType-earthquake-tsunami","$v":"Aardbevings-/tsunamiwaarschuwing!"},{"$i":"cb-etws-warningType-test","$v":"Meldingssysteem wordt getest."},{"$i":"cb-etws-warningType-other","$v":"Noodwaarschuwing!"},{"$i":"icc-message-maintitle","$v":"Operatorbericht"},{"$i":"icc-message-subtitle","$v":["Simkaart ",{"t":"idOrVar","v":"id"}]},{"$i":"icc-confirmCall-defaultmessage","$v":[{"t":"idOrVar","v":"number"}," bellen?"]},{"$i":"icc-alertMessage-defaultmessage","$v":"Bericht verzenden"},{"$i":"icc-confirmMessage-defaultmessage","$v":"Bericht verzenden?"},{"$i":"icc-notification-title","$v":["Simkaart ",{"t":"idOrVar","v":"id"},"-STK"]},{"$i":"icc-inputbox-maintitle","$v":"STK-query"},{"$i":"icc-inputbox-subtitle","$v":["Simkaart ",{"t":"idOrVar","v":"id"}]},{"$i":"emergency-callback-mode","$v":"Modus Terugbellen bij noodgevallen"},{"$i":"emergency-callback-message","$v":"U kunt niet bellen, geen berichten verzenden of online gaan, omdat de modus Terugbellen bij noodgevallen is ingeschakeld. Wilt u de modus uitzetten?"},{"$i":"cdma-record-info","$v":"Gegevens in record voor CDMA"},{"$i":"ime-switching-title","$v":[{"t":"idOrVar","v":"appName"},": ",{"t":"idOrVar","v":"name"}]},{"$i":"ime-switching-tip","$v":"Tik om invoermethode om te schakelen"},{"$i":"shrinking-tip","$v":"Veeg om te delen"},{"$i":"download_started","$v":"Downloaden gestart"},{"$i":"download_stopped","$v":"Downloaden gestopt"},{"$i":"download_downloading","$v":"Downloaden…"},{"$i":"download_succeeded","$v":"Downloaden voltooid"},{"$i":"download_failed","$v":"Downloaden mislukt"},{"$i":"download_text_by_default","$v":[{"t":"idOrVar","v":"name"}]},{"$i":"download_downloading_text_2","$v":[{"t":"idOrVar","v":"percentage"},"% - ",{"t":"idOrVar","v":"name"}]},{"$i":"search-the-web","$v":"Zoeken op het web"},{"$i":"search-or-enter-address","$v":"Voer zoekterm of adres in","placeholder":"Voer zoekterm of adres in"},{"$i":"back-button","ariaLabel":"Terug"},{"$i":"forward-button","ariaLabel":"Vooruit"},{"$i":"reload-button","ariaLabel":"Herladen"},{"$i":"stop-button","ariaLabel":"Stoppen"},{"$i":"windows-button","ariaLabel":"Vensters tonen"},{"$i":"noHotspotWhenAPMisOnWifiHotspot","$v":"Zet vliegtuigmodus uit om wifi-hotspot te gebruiken."},{"$i":"apmActivated","$v":"Vliegtuigmodus geactiveerd"},{"$i":"open-in-new-window","$v":"Openen in nieuw venster"},{"$i":"open-in-new-private-window","$v":"Openen in nieuw privévenster"},{"$i":"add-link-to-home-screen","$v":"Koppeling toevoegen aan startscherm"},{"$i":"share-link","$v":"Koppeling delen"},{"$i":"save-image","$v":"Afbeelding opslaan"},{"$i":"save-video","$v":"Video opslaan"},{"$i":"save-audio","$v":"Audio opslaan"},{"$i":"save-link","$v":"Gekoppeld bestand opslaan"},{"$i":"share-image","$v":"Afbeelding delen"},{"$i":"share-video","$v":"Video delen"},{"$i":"share-audio","$v":"Audio delen"},{"$i":"private-window","$v":"Privévenster"},{"$i":"private-window-detail1","$v":"De browser zal geen navigatiegeschiedenis, cookies of tijdelijke internetbestanden bewaren."},{"$i":"private-window-detail2","$v":"Hoewel dit apparaat geen navigatiegeschiedenis van u zal bewaren, kan uw internetserviceprovider toch volgen welke pagina’s u bezoekt."},{"$i":"okCharsLeft","$v":["OK (",{"t":"idOrVar","v":"n"},")"]},{"$i":"accessibility-enableScreenReaderSteps","$v":"Druk nog drie keer op de knoppen volume omhoog en volume omlaag om de schermlezer in te schakelen"},{"$i":"accessibility-disableScreenReaderSteps","$v":"Druk nog drie keer op de knoppen volume omhoog en volume omlaag om de schermlezer uit te schakelen"},{"$i":"accessibility-screenReaderStarted","$v":"Schermlezer gestart"},{"$i":"accessibility-screenReaderStopped","$v":"Schermlezer gestopt"},{"$i":"accessibility-menubar","$v":"menubalk"},{"$i":"accessibility-scrollbar","$v":"scrollbalk"},{"$i":"accessibility-grip","$v":"greep"},{"$i":"accessibility-alert","$v":"waarschuwing"},{"$i":"accessibility-menupopup","$v":"menupop-up"},{"$i":"accessibility-document","$v":"document"},{"$i":"accessibility-pane","$v":"venster"},{"$i":"accessibility-dialog","$v":"dialoogvenster"},{"$i":"accessibility-separator","$v":"scheidingsteken"},{"$i":"accessibility-toolbar","$v":"werkbalk"},{"$i":"accessibility-statusbar","$v":"statusbalk"},{"$i":"accessibility-table","$v":"tabel"},{"$i":"accessibility-columnheader","$v":"kolomtitel"},{"$i":"accessibility-rowheader","$v":"rijkoptekst"},{"$i":"accessibility-column","$v":"kolom"},{"$i":"accessibility-row","$v":"rij"},{"$i":"accessibility-cell","$v":"cel"},{"$i":"accessibility-link","$v":"koppeling"},{"$i":"accessibility-list","$v":"lijst"},{"$i":"accessibility-listitem","$v":"lijstitem"},{"$i":"accessibility-outline","$v":"omtrek"},{"$i":"accessibility-outlineitem","$v":"contouronderdeel"},{"$i":"accessibility-pagetab","$v":"tabblad"},{"$i":"accessibility-propertypage","$v":"eigenschappenpagina"},{"$i":"accessibility-graphic","$v":"grafisch"},{"$i":"accessibility-pushbutton","$v":"drukknop"},{"$i":"accessibility-checkbutton","$v":"selectieknop"},{"$i":"accessibility-radiobutton","$v":"keuzerondje"},{"$i":"accessibility-combobox","$v":"keuzelijst"},{"$i":"accessibility-progressbar","$v":"voortgangsbalk"},{"$i":"accessibility-slider","$v":"schuifbalk"},{"$i":"accessibility-spinbutton","$v":"kringveldknop"},{"$i":"accessibility-diagram","$v":"diagram"},{"$i":"accessibility-animation","$v":"animatie"},{"$i":"accessibility-equation","$v":"vergelijking"},{"$i":"accessibility-buttonmenu","$v":"knoppenmenu"},{"$i":"accessibility-whitespace","$v":"witruimte"},{"$i":"accessibility-pagetablist","$v":"tabbladlijst"},{"$i":"accessibility-canvas","$v":"canvas"},{"$i":"accessibility-checkmenuitem","$v":"Dubbeltik om te activeren"},{"$i":"accessibility-label","$v":"label"},{"$i":"accessibility-passwordtext","$v":"wachtwoordtekst"},{"$i":"accessibility-radiomenuitem","$v":"Dubbeltik om te activeren"},{"$i":"accessibility-textcontainer","$v":"tekstcontainer"},{"$i":"accessibility-togglebutton","$v":"wisselknop"},{"$i":"accessibility-treetable","$v":"structuurtabel"},{"$i":"accessibility-header","$v":"koptekst"},{"$i":"accessibility-footer","$v":"voettekst"},{"$i":"accessibility-paragraph","$v":"alinea"},{"$i":"accessibility-entry","$v":"invoer"},{"$i":"accessibility-caption","$v":"bijschrift"},{"$i":"accessibility-heading","$v":"kop"},{"$i":"accessibility-section","$v":"sectie"},{"$i":"accessibility-form","$v":"formulier"},{"$i":"accessibility-comboboxlist","$v":"keuzelijst"},{"$i":"accessibility-comboboxoption","$v":"keuzelijstoptie"},{"$i":"accessibility-imagemap","$v":"afbeelding met hyperlinks"},{"$i":"accessibility-listboxoption","$v":"keuzelijstoptie"},{"$i":"accessibility-listbox","$v":"keuzelijst"},{"$i":"accessibility-flatequation","$v":"platte vergelijking"},{"$i":"accessibility-gridcell","$v":"rastercel"},{"$i":"accessibility-note","$v":"noot"},{"$i":"accessibility-figure","$v":"figuur"},{"$i":"accessibility-definitionlist","$v":"definitielijst"},{"$i":"accessibility-term","$v":"term"},{"$i":"accessibility-definition","$v":"definitie"},{"$i":"accessibility-textarea","$v":"tekstgebied"},{"$i":"accessibility-textInputType_date","$v":"datum"},{"$i":"accessibility-textInputType_email","$v":"e-mail"},{"$i":"accessibility-textInputType_search","$v":"zoeken"},{"$i":"accessibility-textInputType_tel","$v":"telefoon"},{"$i":"accessibility-textInputType_url","$v":"URL"},{"$i":"accessibility-headingLevel","$v":["kopniveau ",{"t":"idOrVar","v":"0"}]},{"$i":"accessibility-listStart","$v":"Eerste item"},{"$i":"accessibility-listEnd","$v":"Laatste item"},{"$i":"accessibility-listItemsCount","$v":{"zero":[{"t":"idOrVar","v":"count"}," items"],"one":[{"t":"idOrVar","v":"count"}," item"],"two":[{"t":"idOrVar","v":"count"}," items"],"few":[{"t":"idOrVar","v":"count"}," items"],"many":[{"t":"idOrVar","v":"count"}," items"],"other":[{"t":"idOrVar","v":"count"}," items"]},"$x":[{"t":"idOrVar","v":"plural"},"count"]},{"$i":"accessibility-objItemOfN","$v":[{"t":"idOrVar","v":"0"}," van ",{"t":"idOrVar","v":"1"}]},{"$i":"accessibility-banner","$v":"banner"},{"$i":"accessibility-complementary","$v":"aanvullend"},{"$i":"accessibility-contentinfo","$v":"inhoudsinfo"},{"$i":"accessibility-main","$v":"hoofd"},{"$i":"accessibility-navigation","$v":"navigatie"},{"$i":"accessibility-search","$v":"zoeken"},{"$i":"accessibility-tblColumnInfo","$v":{"zero":["met ",{"t":"idOrVar","v":"count"}," kolommen"],"one":["met ",{"t":"idOrVar","v":"count"}," kolom"],"two":["met ",{"t":"idOrVar","v":"count"}," kolommen"],"few":["met ",{"t":"idOrVar","v":"count"}," kolommen"],"many":["met ",{"t":"idOrVar","v":"count"}," kolommen"],"other":["met ",{"t":"idOrVar","v":"count"}," kolommen"]},"$x":[{"t":"idOrVar","v":"plural"},"count"]},{"$i":"accessibility-tblRowInfo","$v":{"zero":["en ",{"t":"idOrVar","v":"count"}," rijen"],"one":["en ",{"t":"idOrVar","v":"count"}," rij"],"two":["en ",{"t":"idOrVar","v":"count"}," rijen"],"few":["en ",{"t":"idOrVar","v":"count"}," rijen"],"many":["en ",{"t":"idOrVar","v":"count"}," rijen"],"other":["en ",{"t":"idOrVar","v":"count"}," rijen"]},"$x":[{"t":"idOrVar","v":"plural"},"count"]},{"$i":"accessibility-columnInfo","$v":["Kolom ",{"t":"idOrVar","v":"0"}]},{"$i":"accessibility-rowInfo","$v":["Rij ",{"t":"idOrVar","v":"0"}]},{"$i":"accessibility-spansColumns","$v":{"zero":["omspant ",{"t":"idOrVar","v":"0"}," kolommen"],"one":["omspant ",{"t":"idOrVar","v":"0"}," kolom"],"two":["omspant ",{"t":"idOrVar","v":"0"}," kolommen"],"few":["omspant ",{"t":"idOrVar","v":"0"}," kolommen"],"many":["omspant ",{"t":"idOrVar","v":"0"}," kolommen"],"other":["omspant ",{"t":"idOrVar","v":"0"}," kolommen"]},"$x":[{"t":"idOrVar","v":"plural"},"0"]},{"$i":"accessibility-spansRows","$v":{"zero":["omspant ",{"t":"idOrVar","v":"0"}," rijen"],"one":["omspant ",{"t":"idOrVar","v":"0"}," rij"],"two":["omspant ",{"t":"idOrVar","v":"0"}," rijen"],"few":["omspant ",{"t":"idOrVar","v":"0"}," rijen"],"many":["omspant ",{"t":"idOrVar","v":"0"}," rijen"],"other":["omspant ",{"t":"idOrVar","v":"0"}," rijen"]},"$x":[{"t":"idOrVar","v":"plural"},"0"]},{"$i":"accessibility-jumpAction","$v":"overgeslagen"},{"$i":"accessibility-pressAction","$v":"ingedrukt"},{"$i":"accessibility-checkAction","$v":"aangevinkt"},{"$i":"accessibility-uncheckAction","$v":"uitgevinkt"},{"$i":"accessibility-selectAction","$v":"geselecteerd"},{"$i":"accessibility-unselectAction","$v":"ongeselecteerd"},{"$i":"accessibility-openAction","$v":"geopend"},{"$i":"accessibility-closeAction","$v":"gesloten"},{"$i":"accessibility-switchAction","$v":"omgeschakeld"},{"$i":"accessibility-clickAction","$v":"erop geklikt"},{"$i":"accessibility-collapseAction","$v":"samengevouwen"},{"$i":"accessibility-expandAction","$v":"uitgevouwen"},{"$i":"accessibility-activateAction","$v":"geactiveerd"},{"$i":"accessibility-cycleAction","$v":"cyclus uitgevoerd"},{"$i":"accessibility-hidden","$v":"verborgen"},{"$i":"accessibility-tabLoading","$v":"laden"},{"$i":"accessibility-tabLoaded","$v":"geladen"},{"$i":"accessibility-tabNew","$v":"nieuw tabblad"},{"$i":"accessibility-tabLoadStopped","$v":"laden gestopt"},{"$i":"accessibility-tabReload","$v":"herladen"},{"$i":"accessibility-stateChecked","$v":"aangevinkt"},{"$i":"accessibility-stateNotChecked","$v":"niet aangevinkt"},{"$i":"accessibility-statePressed","$v":"ingedrukt"},{"$i":"accessibility-stateExpanded","$v":"uitgevouwen"},{"$i":"accessibility-stateCollapsed","$v":"samengevouwen"},{"$i":"accessibility-stateUnavailable","$v":"niet beschikbaar"},{"$i":"accessibility-stateRequired","$v":"vereist"},{"$i":"accessibility-stateTraversed","$v":"bezocht"},{"$i":"accessibility-stateHasPopup","$v":"heeft pop-up"},{"$i":"accessibility-stateSelected","$v":"geselecteerd"},{"$i":"accessibility-editingMode","$v":"bewerken"},{"$i":"accessibility-navigationMode","$v":"navigeren"},{"$i":"accessibility-quicknav_Simple","$v":"Standaard"},{"$i":"accessibility-quicknav_Anchor","$v":"Ankers"},{"$i":"accessibility-quicknav_Button","$v":"Knoppen"},{"$i":"accessibility-quicknav_Combobox","$v":"Keuzelijsten"},{"$i":"accessibility-quicknav_Landmark","$v":"Herkenningspunten"},{"$i":"accessibility-quicknav_Entry","$v":"Vermeldingen"},{"$i":"accessibility-quicknav_FormElement","$v":"Formulierelementen"},{"$i":"accessibility-quicknav_Graphic","$v":"Afbeeldingen"},{"$i":"accessibility-quicknav_Heading","$v":"Koppen"},{"$i":"accessibility-quicknav_ListItem","$v":"Lijstitems"},{"$i":"accessibility-quicknav_Link","$v":"Koppelingen"},{"$i":"accessibility-quicknav_List","$v":"Lijsten"},{"$i":"accessibility-quicknav_PageTab","$v":"Paginatabbladen"},{"$i":"accessibility-quicknav_RadioButton","$v":"Keuzerondjes"},{"$i":"accessibility-quicknav_Separator","$v":"Scheidingstekens"},{"$i":"accessibility-quicknav_Table","$v":"Tabellen"},{"$i":"accessibility-quicknav_Checkbox","$v":"Selectievakjes"},{"$i":"accessibility-menubarAbbr","$v":"menubalk"},{"$i":"accessibility-scrollbarAbbr","$v":"scrollbalk"},{"$i":"accessibility-gripAbbr","$v":"greep"},{"$i":"accessibility-alertAbbr","$v":"waarschuwing"},{"$i":"accessibility-menupopupAbbr","$v":"menupop-up"},{"$i":"accessibility-documentAbbr","$v":"document"},{"$i":"accessibility-paneAbbr","$v":"venster"},{"$i":"accessibility-dialogAbbr","$v":"dialoogvenster"},{"$i":"accessibility-separatorAbbr","$v":"scheidingsteken"},{"$i":"accessibility-toolbarAbbr","$v":"werkbalk"},{"$i":"accessibility-statusbarAbbr","$v":"statusbalk"},{"$i":"accessibility-tableAbbr","$v":"tbl"},{"$i":"accessibility-columnheaderAbbr","$v":"kolomtitel"},{"$i":"accessibility-rowheaderAbbr","$v":"rijkoptekst"},{"$i":"accessibility-columnAbbr","$v":"kolom"},{"$i":"accessibility-rowAbbr","$v":"rij"},{"$i":"accessibility-cellAbbr","$v":"cel"},{"$i":"accessibility-linkAbbr","$v":"kopp"},{"$i":"accessibility-listAbbr","$v":"lijst"},{"$i":"accessibility-listitemAbbr","$v":"lijstitem"},{"$i":"accessibility-outlineAbbr","$v":"omtrek"},{"$i":"accessibility-outlineitemAbbr","$v":"contouronderdeel"},{"$i":"accessibility-pagetabAbbr","$v":"tabblad"},{"$i":"accessibility-propertypageAbbr","$v":"eigenschappenpagina"},{"$i":"accessibility-graphicAbbr","$v":"grafisch"},{"$i":"accessibility-pushbuttonAbbr","$v":"drkknp"},{"$i":"accessibility-checkbuttonAbbr","$v":"selectieknop"},{"$i":"accessibility-radiobuttonAbbr","$v":"keuzerondje"},{"$i":"accessibility-comboboxAbbr","$v":"keuzelijst"},{"$i":"accessibility-progressbarAbbr","$v":"voortgangsbalk"},{"$i":"accessibility-sliderAbbr","$v":"schuifbalk"},{"$i":"accessibility-spinbuttonAbbr","$v":"kringveldknop"},{"$i":"accessibility-diagramAbbr","$v":"diagram"},{"$i":"accessibility-animationAbbr","$v":"animatie"},{"$i":"accessibility-equationAbbr","$v":"vergelijking"},{"$i":"accessibility-buttonmenuAbbr","$v":"knoppenmenu"},{"$i":"accessibility-whitespaceAbbr","$v":"witruimte"},{"$i":"accessibility-pagetablistAbbr","$v":"tabbladlijst"},{"$i":"accessibility-canvasAbbr","$v":"canvas"},{"$i":"accessibility-checkmenuitemAbbr","$v":"selectiemenu-item"},{"$i":"accessibility-labelAbbr","$v":"label"},{"$i":"accessibility-passwordtextAbbr","$v":"wachtwrdtkst"},{"$i":"accessibility-radiomenuitemAbbr","$v":"keuzerondjesmenu-item"},{"$i":"accessibility-textcontainerAbbr","$v":"tekstcontainer"},{"$i":"accessibility-togglebuttonAbbr","$v":"wisselknop"},{"$i":"accessibility-treetableAbbr","$v":"structuurtabel"},{"$i":"accessibility-headerAbbr","$v":"koptekst"},{"$i":"accessibility-footerAbbr","$v":"voettekst"},{"$i":"accessibility-paragraphAbbr","$v":"alinea"},{"$i":"accessibility-entryAbbr","$v":"invoer"},{"$i":"accessibility-captionAbbr","$v":"bijschrift"},{"$i":"accessibility-headingAbbr","$v":"kop"},{"$i":"accessibility-sectionAbbr","$v":"sectie"},{"$i":"accessibility-formAbbr","$v":"formulier"},{"$i":"accessibility-comboboxlistAbbr","$v":"keuzelijst"},{"$i":"accessibility-comboboxoptionAbbr","$v":"keuzelijstoptie"},{"$i":"accessibility-imagemapAbbr","$v":"afb mt hyperlinks"},{"$i":"accessibility-listboxoptionAbbr","$v":"optie"},{"$i":"accessibility-listboxAbbr","$v":"keuzelijst"},{"$i":"accessibility-flatequationAbbr","$v":"platte vergelijking"},{"$i":"accessibility-gridcellAbbr","$v":"rastercel"},{"$i":"accessibility-noteAbbr","$v":"noot"},{"$i":"accessibility-figureAbbr","$v":"fig"},{"$i":"accessibility-definitionlistAbbr","$v":"definitielijst"},{"$i":"accessibility-termAbbr","$v":"term"},{"$i":"accessibility-definitionAbbr","$v":"definitie"},{"$i":"accessibility-textareaAbbr","$v":"tkstgebd"},{"$i":"accessibility-tblColumnInfoAbbr","$v":{"one":[{"t":"idOrVar","v":"count"},"k"],"two":[{"t":"idOrVar","v":"count"},"k"],"few":[{"t":"idOrVar","v":"count"},"k"],"many":[{"t":"idOrVar","v":"count"},"k"],"other":[{"t":"idOrVar","v":"count"},"k"]},"$x":[{"t":"idOrVar","v":"plural"},"count"]},{"$i":"accessibility-tblRowInfoAbbr","$v":{"one":[{"t":"idOrVar","v":"count"},"r"],"two":[{"t":"idOrVar","v":"count"},"r"],"few":[{"t":"idOrVar","v":"count"},"r"],"many":[{"t":"idOrVar","v":"count"},"r"],"other":[{"t":"idOrVar","v":"count"},"r"]},"$x":[{"t":"idOrVar","v":"plural"},"count"]},{"$i":"accessibility-cellInfoAbbr","$v":["k",{"t":"idOrVar","v":"0"},"r",{"t":"idOrVar","v":"1"}]},{"$i":"accessibility-stateCheckedAbbr","$v":"(x)"},{"$i":"accessibility-stateUncheckedAbbr","$v":"( )"},{"$i":"accessibility-statePressedAbbr","$v":"(x)"},{"$i":"accessibility-stateUnpressedAbbr","$v":"( )"},{"$i":"accessibility-pushbutton-hint","$v":"Dubbeltik om te activeren"},{"$i":"accessibility-checkbutton-hint","$v":"Dubbeltik om te activeren"},{"$i":"accessibility-combobox-hint","$v":"Dubbeltik om te activeren"},{"$i":"accessibility-key-hint","$v":"Houd ingedrukt om te activeren"},{"$i":"accessibility-link-hint","$v":"Dubbeltik om te activeren"},{"$i":"accessibility-menuitem-hint","$v":"Dubbeltik om te activeren"},{"$i":"accessibility-option-hint","$v":"Dubbeltik om te activeren"},{"$i":"accessibility-radiobutton-hint","$v":"Dubbeltik om te activeren"},{"$i":"accessibility-slider-hint","$v":"Veeg omhoog om te verhogen of omlaag om te verlagen"},{"$i":"accessibility-spinbutton-hint","$v":"Veeg omhoog om te verhogen of omlaag om te verlagen"},{"$i":"accessibility-pagetab-hint","$v":"Dubbeltik om te activeren"},{"$i":"accessibility-entry-hint","$v":"Dubbeltik om te activeren"},{"$i":"accessibility-outlineitem-hint","$v":"Dubbeltik om te activeren"},{"$i":"weekday-0-long","$v":"zondag"},{"$i":"weekday-1-long","$v":"maandag"},{"$i":"weekday-2-long","$v":"dinsdag"},{"$i":"weekday-3-long","$v":"woensdag"},{"$i":"weekday-4-long","$v":"donderdag"},{"$i":"weekday-5-long","$v":"vrijdag"},{"$i":"weekday-6-long","$v":"zaterdag"},{"$i":"weekday-0-short","$v":"zon"},{"$i":"weekday-1-short","$v":"maa"},{"$i":"weekday-2-short","$v":"din"},{"$i":"weekday-3-short","$v":"woe"},{"$i":"weekday-4-short","$v":"don"},{"$i":"weekday-5-short","$v":"vrij"},{"$i":"weekday-6-short","$v":"zat"},{"$i":"month-0-long","$v":"januari"},{"$i":"month-1-long","$v":"februari"},{"$i":"month-2-long","$v":"maart"},{"$i":"month-3-long","$v":"april"},{"$i":"month-4-long","$v":"mei"},{"$i":"month-5-long","$v":"juni"},{"$i":"month-6-long","$v":"juli"},{"$i":"month-7-long","$v":"augustus"},{"$i":"month-8-long","$v":"september"},{"$i":"month-9-long","$v":"oktober"},{"$i":"month-10-long","$v":"november"},{"$i":"month-11-long","$v":"december"},{"$i":"month-0-genitive","$v":"januari"},{"$i":"month-1-genitive","$v":"februari"},{"$i":"month-2-genitive","$v":"maart"},{"$i":"month-3-genitive","$v":"april"},{"$i":"month-4-genitive","$v":"mei"},{"$i":"month-5-genitive","$v":"juni"},{"$i":"month-6-genitive","$v":"juli"},{"$i":"month-7-genitive","$v":"augustus"},{"$i":"month-8-genitive","$v":"september"},{"$i":"month-9-genitive","$v":"oktober"},{"$i":"month-10-genitive","$v":"november"},{"$i":"month-11-genitive","$v":"december"},{"$i":"month-0-short","$v":"jan"},{"$i":"month-1-short","$v":"feb"},{"$i":"month-2-short","$v":"mrt"},{"$i":"month-3-short","$v":"apr"},{"$i":"month-4-short","$v":"mei"},{"$i":"month-5-short","$v":"jun"},{"$i":"month-6-short","$v":"jul"},{"$i":"month-7-short","$v":"aug"},{"$i":"month-8-short","$v":"sep"},{"$i":"month-9-short","$v":"okt"},{"$i":"month-10-short","$v":"nov"},{"$i":"month-11-short","$v":"dec"},{"$i":"minutes-ago-long","$v":{"zero":"zojuist","one":"een minuut geleden","two":[{"t":"idOrVar","v":"value"}," minuten geleden"],"few":[{"t":"idOrVar","v":"value"}," minuten geleden"],"many":[{"t":"idOrVar","v":"value"}," minuten geleden"],"other":[{"t":"idOrVar","v":"value"}," minuten geleden"]},"$x":[{"t":"idOrVar","v":"plural"},"value"]},{"$i":"hours-ago-long","$v":{"zero":"zojuist","one":"een uur geleden","two":[{"t":"idOrVar","v":"value"}," uur geleden"],"few":[{"t":"idOrVar","v":"value"}," uur geleden"],"many":[{"t":"idOrVar","v":"value"}," uur geleden"],"other":[{"t":"idOrVar","v":"value"}," uur geleden"]},"$x":[{"t":"idOrVar","v":"plural"},"value"]},{"$i":"days-ago-long","$v":{"zero":"vandaag","one":"gisteren","two":[{"t":"idOrVar","v":"value"}," dagen geleden"],"few":[{"t":"idOrVar","v":"value"}," dagen geleden"],"many":[{"t":"idOrVar","v":"value"}," dagen geleden"],"other":[{"t":"idOrVar","v":"value"}," dagen geleden"]},"$x":[{"t":"idOrVar","v":"plural"},"value"]},{"$i":"weeks-ago-long","$v":{"zero":"deze week","one":"vorige week","two":[{"t":"idOrVar","v":"value"}," weken geleden"],"few":[{"t":"idOrVar","v":"value"}," weken geleden"],"many":[{"t":"idOrVar","v":"value"}," weken geleden"],"other":[{"t":"idOrVar","v":"value"}," weken geleden"]},"$x":[{"t":"idOrVar","v":"plural"},"value"]},{"$i":"months-ago-long","$v":{"zero":"deze maand","one":"vorige maand","two":[{"t":"idOrVar","v":"value"}," maanden geleden"],"few":[{"t":"idOrVar","v":"value"}," maanden geleden"],"many":[{"t":"idOrVar","v":"value"}," maanden geleden"],"other":[{"t":"idOrVar","v":"value"}," maanden geleden"]},"$x":[{"t":"idOrVar","v":"plural"},"value"]},{"$i":"years-ago-long","$v":{"zero":"dit jaar","one":"vorig jaar","two":[{"t":"idOrVar","v":"value"}," jaar geleden"],"few":[{"t":"idOrVar","v":"value"}," jaar geleden"],"many":[{"t":"idOrVar","v":"value"}," jaar geleden"],"other":[{"t":"idOrVar","v":"value"}," jaar geleden"]},"$x":[{"t":"idOrVar","v":"plural"},"value"]},{"$i":"minutes-until-long","$v":{"zero":"nu","one":"zo meteen","two":["over ",{"t":"idOrVar","v":"value"}," minuten"],"few":["over ",{"t":"idOrVar","v":"value"}," minuten"],"many":["over ",{"t":"idOrVar","v":"value"}," minuten"],"other":["over ",{"t":"idOrVar","v":"value"}," minuten"]},"$x":[{"t":"idOrVar","v":"plural"},"value"]},{"$i":"hours-until-long","$v":{"zero":"nu","one":"over een uur","two":["over ",{"t":"idOrVar","v":"value"}," uur"],"few":["over ",{"t":"idOrVar","v":"value"}," uur"],"many":["over ",{"t":"idOrVar","v":"value"}," uur"],"other":["over ",{"t":"idOrVar","v":"value"}," uur"]},"$x":[{"t":"idOrVar","v":"plural"},"value"]},{"$i":"days-until-long","$v":{"zero":"vandaag","one":"morgen","two":["over ",{"t":"idOrVar","v":"value"}," dagen"],"few":["over ",{"t":"idOrVar","v":"value"}," dagen"],"many":["over ",{"t":"idOrVar","v":"value"}," dagen"],"other":["over ",{"t":"idOrVar","v":"value"}," dagen"]},"$x":[{"t":"idOrVar","v":"plural"},"value"]},{"$i":"weeks-until-long","$v":{"zero":"deze week","one":"volgende week","two":["over ",{"t":"idOrVar","v":"value"}," weken"],"few":["over ",{"t":"idOrVar","v":"value"}," weken"],"many":["over ",{"t":"idOrVar","v":"value"}," weken"],"other":["over ",{"t":"idOrVar","v":"value"}," weken"]},"$x":[{"t":"idOrVar","v":"plural"},"value"]},{"$i":"months-until-long","$v":{"zero":"deze maand","one":"volgende maand","two":["over ",{"t":"idOrVar","v":"value"}," maanden"],"few":["over ",{"t":"idOrVar","v":"value"}," maanden"],"many":["over ",{"t":"idOrVar","v":"value"}," maanden"],"other":["over ",{"t":"idOrVar","v":"value"}," maanden"]},"$x":[{"t":"idOrVar","v":"plural"},"value"]},{"$i":"years-until-long","$v":{"zero":"dit jaar","one":"volgend jaar","two":["over ",{"t":"idOrVar","v":"value"}," jaar"],"few":["over ",{"t":"idOrVar","v":"value"}," jaar"],"many":["over ",{"t":"idOrVar","v":"value"}," jaar"],"other":["over ",{"t":"idOrVar","v":"value"}," jaar"]},"$x":[{"t":"idOrVar","v":"plural"},"value"]},{"$i":"minutes-ago-short","$v":{"zero":"zojuist","other":[{"t":"idOrVar","v":"value"},"m geleden"]},"$x":[{"t":"idOrVar","v":"plural"},"value"]},{"$i":"hours-ago-short","$v":{"zero":"zojuist","other":[{"t":"idOrVar","v":"value"},"u geleden"]},"$x":[{"t":"idOrVar","v":"plural"},"value"]},{"$i":"days-ago-short","$v":{"zero":"vandaag","other":[{"t":"idOrVar","v":"value"},"d geleden"]},"$x":[{"t":"idOrVar","v":"plural"},"value"]},{"$i":"minutes-until-short","$v":{"zero":"nu","other":["over ",{"t":"idOrVar","v":"value"},"m"]},"$x":[{"t":"idOrVar","v":"plural"},"value"]},{"$i":"hours-until-short","$v":{"zero":"nu","other":["over ",{"t":"idOrVar","v":"value"},"h"]},"$x":[{"t":"idOrVar","v":"plural"},"value"]},{"$i":"days-until-short","$v":{"zero":"vandaag","other":["over ",{"t":"idOrVar","v":"value"},"d"]},"$x":[{"t":"idOrVar","v":"plural"},"value"]},{"$i":"incorrectDate","$v":"(onjuiste datum)"},{"$i":"dateTimeFormat_%c","$v":"%a %e %b %Y %H:%M:%S"},{"$i":"dateTimeFormat_%x","$v":"%d-%m-%Y"},{"$i":"dateTimeFormat_%X","$v":"%H:%M:%S"},{"$i":"shortTimeFormat","$v":"%H:%M"},{"$i":"shortTimeFormat12","$v":"%I:%M %p"},{"$i":"shortTimeFormat24","$v":"%H:%M"},{"$i":"shortDateTimeFormat","$v":"%x %H:%M"},{"$i":"weekStartsOnMonday","$v":"1"},{"$i":"firstDayOfTheWeek","$v":"1"},{"$i":"time_am","$v":"AM"},{"$i":"time_pm","$v":"PM"},{"$i":"title-app","$v":"App-machtiging"},{"$i":"title-web","$v":"Websitemachtiging"},{"$i":"title-cam","$v":"Camera selecteren"},{"$i":"perm-alarms","$v":"Alarmen plannen"},{"$i":"perm-audio-capture","$v":"Microfoon"},{"$i":"perm-audio-capture-appRequest","$v":["Wilt u uw microfoon delen met ",{"t":"idOrVar","v":"app"},"?"]},{"$i":"perm-audio-capture-webRequest","$v":["Wilt u uw microfoon delen met ",{"t":"idOrVar","v":"site"},"?"]},{"$i":"perm-audio-channel-content","$v":"Geluiden afspelen"},{"$i":"perm-audio-channel-notification","$v":"Meldingsgeluiden afspelen"},{"$i":"perm-audio-channel-ringer","$v":"Beltoongeluiden afspelen"},{"$i":"perm-background-sensors","$v":"Sensorgegevens benaderen"},{"$i":"perm-bluetooth","$v":"Bluetooth"},{"$i":"perm-browser","$v":"Webpagina’s inspecteren"},{"$i":"perm-camera","$v":"Camera’s"},{"$i":"perm-camera-selector-appRequest","$v":["Selecteer een camera voor ",{"t":"idOrVar","v":"app"},"."]},{"$i":"perm-camera-selector-webRequest","$v":["Selecteer een camera voor ",{"t":"idOrVar","v":"site"},"."]},{"$i":"perm-camera-appRequest","$v":[{"t":"idOrVar","v":"app"}," wil uw camera gebruiken."]},{"$i":"perm-camera-webRequest","$v":[{"t":"idOrVar","v":"site"}," wil uw camera gebruiken."]},{"$i":"perm-cellbroadcast","$v":"Cell broadcasts"},{"$i":"perm-contacts","$v":"Contacten"},{"$i":"perm-contacts-appRequest","$v":[{"t":"idOrVar","v":"app"}," vraagt om toegang tot uw contactenlijst."]},{"$i":"perm-contacts-webRequest","$v":[{"t":"idOrVar","v":"site"}," vraagt om toegang tot uw contactenlijst."]},{"$i":"perm-desktop-notification","$v":"Meldingen"},{"$i":"perm-desktop-notification-appRequest","$v":[{"t":"idOrVar","v":"app"}," wil meldingen weergeven."]},{"$i":"perm-desktop-notification-webRequest","$v":[{"t":"idOrVar","v":"site"}," wil meldingen weergeven."]},{"$i":"perm-device-storage-apps","$v":"App-opslag"},{"$i":"perm-device-storage-music","$v":"Muziekopslag"},{"$i":"perm-device-storage-music-appRequest","$v":[{"t":"idOrVar","v":"app"}," vraagt om toegang tot uw muziek."]},{"$i":"perm-device-storage-music-webRequest","$v":[{"t":"idOrVar","v":"site"}," vraagt om toegang tot uw muziek."]},{"$i":"perm-device-storage-pictures","$v":"Afbeeldingenopslag"},{"$i":"perm-device-storage-pictures-appRequest","$v":[{"t":"idOrVar","v":"app"}," vraagt om toegang tot uw afbeeldingen."]},{"$i":"perm-device-storage-pictures-webRequest","$v":[{"t":"idOrVar","v":"site"}," vraagt om toegang tot uw afbeeldingen."]},{"$i":"perm-device-storage-sdcard","$v":"Geheugenkaartopslag"},{"$i":"perm-device-storage-sdcard-appRequest","$v":[{"t":"idOrVar","v":"app"}," vraagt om toegang tot uw geheugenkaart."]},{"$i":"perm-device-storage-sdcard-webRequest","$v":[{"t":"idOrVar","v":"site"}," vraagt om toegang tot uw geheugenkaart."]},{"$i":"perm-device-storage-videos","$v":"Video-opslag"},{"$i":"perm-device-storage-videos-appRequest","$v":[{"t":"idOrVar","v":"app"}," vraagt om toegang tot uw video’s."]},{"$i":"perm-device-storage-videos-webRequest","$v":[{"t":"idOrVar","v":"site"}," vraagt om toegang tot uw video’s."]},{"$i":"perm-embed-apps","$v":"Apps insluiten"},{"$i":"perm-fmradio","$v":"FM-radio"},{"$i":"perm-fmradio-appRequest","$v":[{"t":"idOrVar","v":"app"}," wil de FM-radio gebruiken."]},{"$i":"perm-fmradio-webRequest","$v":[{"t":"idOrVar","v":"site"}," wil de FM-radio gebruiken."]},{"$i":"perm-geolocation","$v":"Geolocatie"},{"$i":"perm-geolocation-appRequest","$v":[{"t":"idOrVar","v":"app"}," wil uw locatie weten."]},{"$i":"perm-geolocation-more-info","$v":[{"t":"idOrVar","v":"brandShortName"}," gebruikt gegevens als gps, wifi en mobiele netwerken in uw omgeving om uw geschatte locatie te helpen bepalen. Deze gegevens worden naar Mozilla en andere serviceproviders verzonden en gezamenlijk gebruikt om de locatiedatabases te verbeteren. Mogelijk worden gegevens op uw apparaat bewaard, en gegevensverzameling kan ook plaatsvinden als er geen apps actief zijn."]},{"$i":"perm-geolocation-webRequest","$v":[{"t":"idOrVar","v":"site"}," wil uw locatie weten."]},{"$i":"perm-idle","$v":"Inactief-status zien"},{"$i":"perm-indexedDB-chrome-settings","$v":"Bevoegde IndexedDB"},{"$i":"perm-indexedDB-unlimited","$v":"Onbeperkte IndexedDB-opslag"},{"$i":"perm-input-manage","$v":"Toetsenborden beheren"},{"$i":"perm-input","$v":"Gedragen als toetsenbord"},{"$i":"perm-media-capture","$v":"Camera en microfoon"},{"$i":"perm-media-capture-appRequest","$v":["Wilt u uw camera en microfoon delen met ",{"t":"idOrVar","v":"app"},"?"]},{"$i":"perm-media-capture-webRequest","$v":["Wilt u uw camera en microfoon delen met ",{"t":"idOrVar","v":"site"},"?"]},{"$i":"perm-mobileconnection","$v":"Mobiele verbinding"},{"$i":"perm-mobileid","$v":"Mobiele identiteit"},{"$i":"perm-network-events","$v":"Netwerkgebeurtenissen"},{"$i":"perm-open-remote-window","$v":"Een app starten"},{"$i":"perm-permissions","$v":"App-machtigingen aanpassen"},{"$i":"perm-power","$v":"Energie-instellingen"},{"$i":"perm-settings","$v":"Instellingen aanpassen"},{"$i":"perm-systemXHR","$v":"Cross-origin-aanvragen"},{"$i":"perm-telephony","$v":"Telefonie"},{"$i":"perm-video-capture","$v":"Camera"},{"$i":"perm-video-capture-appRequest","$v":["Wilt u uw camera delen met ",{"t":"idOrVar","v":"app"},"?"]},{"$i":"perm-video-capture-webRequest","$v":["Wilt u uw camera delen met ",{"t":"idOrVar","v":"site"},"?"]},{"$i":"perm-voicemail","$v":"Voicemail besturen"},{"$i":"perm-webapps-manage","$v":"Webapps installeren"},{"$i":"perm-wifi-manage","$v":"Wifi beheren"},{"$i":"perm-attention","$v":"Overlaypop-ups openen"},{"$i":"perm-audio-channel-alarm","$v":"Alarmgeluiden afspelen"},{"$i":"perm-audio-channel-normal","$v":"Geluiden afspelen"},{"$i":"perm-audio-channel-publicnotification","$v":"Algemene meldingsgeluiden afspelen"},{"$i":"perm-audio-channel-telephony","$v":"Telefoniegeluiden afspelen"},{"$i":"perm-backgroundservice","$v":"Gedragen als achtergrondservice"},{"$i":"perm-device-storage-crashes","$v":"Crashgegevensopslag"},{"$i":"perm-downloads","$v":"Downloads benaderen"},{"$i":"perm-embed-widgets","$v":"Widgets invoegen"},{"$i":"perm-feature-detection","$v":"Functiedetectie"},{"$i":"perm-firefox-accounts","$v":"Firefox-accounts"},{"$i":"perm-mobilenetwork","$v":"Mobiel netwerk"},{"$i":"perm-moz-attention","$v":"Overlaypop-ups openen(moz)"},{"$i":"perm-moz-audio-channel-ringer","$v":"Beltoongeluiden afspelen (moz)"},{"$i":"perm-moz-audio-channel-telephony","$v":"Telefoniegeluiden afspelen (moz)"},{"$i":"perm-moz-firefox-accounts","$v":"Firefox-accounts (moz)"},{"$i":"perm-networkstats-manage","$v":"Gebruiksstatistieken besturen"},{"$i":"perm-nfc","$v":"NFC"},{"$i":"perm-nfc-hci-events","$v":"NFC HCI-gebeurtenissen"},{"$i":"perm-nfc-manager","$v":"NFC beheren"},{"$i":"perm-phonenumberservice","$v":"Telefoonnummerservice"},{"$i":"perm-push","$v":"Push-API"},{"$i":"perm-resourcestats-manage","$v":"Resourcestatistieken"},{"$i":"perm-sms","$v":"Sms verzenden en lezen"},{"$i":"perm-speaker-control","$v":"Volume besturen"},{"$i":"perm-storage","$v":"Opslag benaderen"},{"$i":"perm-tcp-socket","$v":"TCP-sockets"},{"$i":"perm-test-permission","$v":"Testmachtiging"},{"$i":"perm-time","$v":"Datum en tijd instellen"},{"$i":"perm-udp-socket","$v":"UDP-sockets"},{"$i":"perm-wappush","$v":"WAP-push"},{"$i":"stopped_download_title","$v":"Downloaden gestopt"},{"$i":"stopped_download_message","$v":"Downloaden is gestopt. Opnieuw proberen te downloaden?"},{"$i":"stopped_download_left_button","$v":"Annuleren"},{"$i":"stopped_download_right_button","$v":"Opnieuw proberen"},{"$i":"failed_download_title","$v":"Downloaden mislukt"},{"$i":"failed_download_message","$v":["Downloaden van ",{"t":"idOrVar","v":"name"}," is mislukt. Opnieuw proberen te downloaden?"]},{"$i":"failed_download_left_button","$v":"Annuleren"},{"$i":"failed_download_right_button","$v":"Opnieuw proberen"},{"$i":"stop_download_title","$v":"Downloaden stoppen"},{"$i":"stop_download_message","$v":"Weet u zeker dat u het downloaden wilt stoppen?"},{"$i":"stop_download_left_button","$v":"Nee"},{"$i":"stop_download_right_button","$v":"Ja"},{"$i":"delete_download_title","$v":"Verwijderen"},{"$i":"delete_download_message","$v":[{"t":"idOrVar","v":"name"}," verwijderen?"]},{"$i":"delete_download_left_button","$v":"Annuleren"},{"$i":"delete_download_right_button","$v":"Verwijderen"},{"$i":"delete_all_download_title","$v":"Verwijderen"},{"$i":"delete_all_download_left_button","$v":"Annuleren"},{"$i":"delete_all_download_right_button","$v":"Verwijderen"},{"$i":"delete_all_download_message","$v":{"zero":"Geen bestanden verwijderen?","one":"Eén bestand verwijderen?","two":[{"t":"idOrVar","v":"number"}," bestanden verwijderen?"],"few":[{"t":"idOrVar","v":"number"}," bestanden verwijderen?"],"many":[{"t":"idOrVar","v":"number"}," bestanden verwijderen?"],"other":[{"t":"idOrVar","v":"number"}," bestanden verwijderen?"]},"$x":[{"t":"idOrVar","v":"plural"},"number"]},{"$i":"unsupported_file_type_download_title","$v":"Kan niet openen"},{"$i":"unsupported_file_type_download_message","$v":["Er is geen app die ",{"t":"idOrVar","v":"name"}," kan openen. Wilt u het bestand opslaan of verwijderen?"]},{"$i":"unsupported_file_type_download_left_button","$v":"Bestand behouden"},{"$i":"unsupported_file_type_download_right_button","$v":"Verwijderen"},{"$i":"file_not_found_download_title","$v":"Bestand niet gevonden"},{"$i":"file_not_found_download_message","$v":"Het bestand is niet op het apparaat aangetroffen"},{"$i":"file_not_found_download_right_button","$v":"OK"},{"$i":"unmounted_sdcard_2_download_title","$v":"Geheugenkaart in gebruik"},{"$i":"unmounted_sdcard_2_download_message","$v":"Ontkoppel de telefoon"},{"$i":"unmounted_sdcard_2_download_right_button","$v":"OK"},{"$i":"no_provider_download_title","$v":"Kan niet delen"},{"$i":"no_provider_download_message","$v":"Geen provider gevonden"},{"$i":"no_provider_download_right_button","$v":"OK"},{"$i":"no_memory_download_title","$v":"SD-kaart is vol"},{"$i":"no_memory_download_message","$v":"Er is geen ruimte meer op uw SD-kaart om uw download op te slaan. Verwijder enkele bestanden voordat u het downloaden opnieuw start."},{"$i":"no_memory_download_right_button","$v":"OK"},{"$i":"no_sdcard_found_2_download_title","$v":"Geen geheugenkaart gevonden"},{"$i":"no_sdcard_found_2_download_message","$v":"Plaats een geheugenkaart of selecteer een alternatieve standaard medialocatie in de instellingen"},{"$i":"no_sdcard_found_2_download_right_button","$v":"OK"},{"$i":"file_open_error_download_title","$v":"Kan niet openen"},{"$i":"file_open_error_download_message","$v":["Er is een probleem met het openen van ",{"t":"idOrVar","v":"name"},". Wilt u het bestand opslaan of verwijderen?"]},{"$i":"file_open_error_download_left_button","$v":"Bestand behouden"},{"$i":"file_open_error_download_right_button","$v":"Verwijderen"},{"$i":"restart_download_error","$v":"Er was een probleem bij het herstarten van de download. Probeer opnieuw te downloaden."},{"$i":"no-downloads","$v":"Geen downloads"},{"$i":"percentage","$v":[{"t":"idOrVar","v":"percentage"}," %"]},{"$i":"partialResult","$v":[{"t":"idOrVar","v":"partial"}," van ",{"t":"idOrVar","v":"total"}]},{"$i":"summary","$v":[{"t":"idOrVar","v":"date"}," - ",{"t":"idOrVar","v":"status"}]},{"$i":"download-stopped","$v":"Gestopt"},{"$i":"download-failed","$v":"Downloaden mislukt"},{"$i":"open_downloaded_file","$v":"Openen"},{"$i":"share_downloaded_file","$v":"Delen"},{"$i":"wallpaper_downloaded_file","$v":"Instellen als achtergrond"},{"$i":"ringtone_downloaded_file","$v":"Instellen als beltoon"},{"$i":"cancel_downloaded_file","$v":"Annuleren"},{"$i":"voicemailNoNumberTitle","$v":"Voicemailnummer niet beschikbaar"},{"$i":"voicemailNoNumberText","$v":"Kan voicemail niet bellen. Stel het voicemailnummer in om de oproep te maken."},{"$i":"voicemailNoNumberSettings","$v":"Instellingen"},{"$i":"voicemailNoNumberCancel","$v":"Annuleren"},{"$i":"airplaneMode","$v":"Vliegtuigmodus"},{"$i":"searching","$v":"Zoeken…"},{"$i":"noNetwork","$v":"Geen netwerk"},{"$i":"roaming","$v":[{"t":"idOrVar","v":"operator"}," (Roaming)"]},{"$i":"operator-info","$v":[{"t":"idOrVar","v":"carrier"}," ",{"t":"idOrVar","v":"region"}]},{"$i":"emergencyCallsOnly","$v":"Alleen noodoproepen"},{"$i":"emergencyCallsOnly-unknownSIMState","$v":"(onbekende simkaartstatus)"},{"$i":"emergencyCallsOnly-noSIM","$v":"(geen simkaart)"},{"$i":"emergencyCallsOnly-pinRequired","$v":"(simpincode vereist)"},{"$i":"emergencyCallsOnly-pukRequired","$v":"(simpukcode vereist)"},{"$i":"emergencyCallsOnly-networkLocked","$v":"(netwerk vergrendeld)"},{"$i":"emergencyCallsOnly-serviceProviderLocked","$v":"(serviceprovider vergrendeld)"},{"$i":"emergencyCallsOnly-corporateLocked","$v":"(zakelijk vergrendeld)"},{"$i":"emergencyCallsOnly-network1Locked","$v":"(netwerk1 vergrendeld)"},{"$i":"emergencyCallsOnly-network2Locked","$v":"(netwerk2 vergrendeld)"},{"$i":"emergencyCallsOnly-hrpdNetworkLocked","$v":"(hrpd: netwerk vergrendeld)"},{"$i":"emergencyCallsOnly-ruimCorporateLocked","$v":"(ruim: zakelijk vergrendeld)"},{"$i":"emergencyCallsOnly-ruimServiceProviderLocked","$v":"(ruim: serviceprovider vergrendeld)"},{"$i":"lockscreen-sim-id","$v":["Simkaart ",{"t":"idOrVar","v":"n"}]},{"$i":"charging-no-time","$v":[{"t":"idOrVar","v":"level"},"% opgeladen"]},{"$i":"charging-minutes","$v":{"zero":[{"t":"idOrVar","v":"level"},"% opgeladen (",{"t":"idOrVar","v":"minutes"}," min. resterend)"],"one":[{"t":"idOrVar","v":"level"},"% opgeladen (",{"t":"idOrVar","v":"minutes"}," min. resterend)"],"two":[{"t":"idOrVar","v":"level"},"% opgeladen (",{"t":"idOrVar","v":"minutes"}," min. resterend)"],"few":[{"t":"idOrVar","v":"level"},"% opgeladen (",{"t":"idOrVar","v":"minutes"}," min. resterend)"],"many":[{"t":"idOrVar","v":"level"},"% opgeladen (",{"t":"idOrVar","v":"minutes"}," min. resterend)"],"other":[{"t":"idOrVar","v":"level"},"% opgeladen (",{"t":"idOrVar","v":"minutes"}," min. resterend)"]},"$x":[{"t":"idOrVar","v":"plural"},"minutes"]},{"$i":"charging-hours","$v":{"zero":[{"t":"idOrVar","v":"level"},"% opgeladen (",{"t":"idOrVar","v":"hours"},"u ",{"t":"idOrVar","v":"minutes"}," min. resterend)"],"one":[{"t":"idOrVar","v":"level"},"% opgeladen (",{"t":"idOrVar","v":"hours"},"u ",{"t":"idOrVar","v":"minutes"}," min. resterend)"],"two":[{"t":"idOrVar","v":"level"},"% opgeladen (",{"t":"idOrVar","v":"hours"},"u ",{"t":"idOrVar","v":"minutes"}," min. resterend)"],"few":[{"t":"idOrVar","v":"level"},"% opgeladen (",{"t":"idOrVar","v":"hours"},"u ",{"t":"idOrVar","v":"minutes"}," min. resterend)"],"many":[{"t":"idOrVar","v":"level"},"% opgeladen (",{"t":"idOrVar","v":"hours"},"u ",{"t":"idOrVar","v":"minutes"}," min. resterend)"],"other":[{"t":"idOrVar","v":"level"},"% opgeladen (",{"t":"idOrVar","v":"hours"},"u ",{"t":"idOrVar","v":"minutes"}," min. resterend)"]},"$x":[{"t":"idOrVar","v":"plural"},"minutes"]},{"$i":"gaia-menu-cancel","$v":"Annuleren"},{"$i":"resend","$v":"Opnieuw verzenden"},{"$i":"connecting","$v":"Verbinding maken"},{"$i":"verify","$v":"Verifiëren"},{"$i":"verifying","$v":"Verifiëren"},{"$i":"verified","$v":"Geverifieerd"},{"$i":"mobileIDExplanation","$v":[{"t":"idOrVar","v":"app_name"}," wil uw telefoonnummer weten en verifiëren. Kies het nummer dat u wilt delen of voer een nieuw nummer in."]},{"$i":"verificationCodeExplanation","$v":["We hebben een code naar ",{"t":"idOrVar","v":"phone_number"}," verzonden. We proberen hem automatisch op te pikken, maar u zult hem handmatig moeten invoeren als hij niet in dit apparaat wordt gebruikt."]},{"$i":"successMessage","$v":["Geweldig! Uw nummer ",{"t":"idOrVar","v":"phone_number"}," is nu geverifieerd en beschikbaar voor ",{"t":"idOrVar","v":"app_name"},"."]},{"$i":"serverErrorMessage","$v":"De verificatieserver is momenteel niet beschikbaar. Controleer uw internetverbinding, probeer het opnieuw of wacht enkele minuten."},{"$i":"timeoutErrorMessage","$v":"Er lijkt een probleem te zijn met uw verificatiecode. Laten we het nog eens proberen!"},{"$i":"errorTitle","$v":"Mobiele identiteit"},{"$i":"addPhoneNumber","$v":"Of voeg uw telefoonnummer toe"},{"$i":"selectPhoneNumber","$v":"Of selecteer een telefoonnummer in de lijst"},{"$i":"network-error-in-app","$v":"Er is momenteel geen internettoegang."},{"$i":"network-error-launching","$v":[{"t":"idOrVar","v":"name"}," vereist een internetverbinding."]},{"$i":"server-not-found","$v":"Server niet gevonden"},{"$i":"server-not-found-error","$v":["Kan de server op ",{"t":"idOrVar","v":"name"}," niet vinden."]},{"$i":"file-not-found","$v":"Bestand niet gevonden"},{"$i":"file-not-found-error","$v":"Het apparaat kan deze pagina niet weergeven, omdat het bestand niet kan worden gevonden."},{"$i":"connection-failed","$v":"Kan geen verbinding maken"},{"$i":"connection-failed-error","$v":"Er is een netwerkfout opgetreden tijdens het benaderen van de website."},{"$i":"invalid-connection","$v":"Kan geen verbinding maken"},{"$i":"invalid-connection-error","$v":"Er is een netwerkfout opgetreden tijdens het benaderen van de website."},{"$i":"malformed-uri","$v":"URL niet geldig"},{"$i":"malformed-uri-error","$v":"De ingevoerde URL is niet geldig en kan niet worden geladen."},{"$i":"redirect-loop","$v":"Kan pagina niet weergeven"},{"$i":"redirect-loop-error","$v":"Het apparaat kan deze pagina niet weergeven, omdat deze niet op een juiste manier doorverwijst. Probeer deze pagina later opnieuw te laden."},{"$i":"not-cached","$v":"Pagina verlopen"},{"$i":"not-cached-error","$v":"Als beveiligingsmaatregel kan deze pagina niet door het apparaat worden weergegeven, omdat deze is verlopen."},{"$i":"is-printing-error","$v":"Het document kan niet worden gewijzigd tijdens het afdrukken of weergeven als afdrukvoorbeeld."},{"$i":"denied-port-access","$v":"Dit adres heeft beperkte toegang"},{"$i":"denied-port-access-error","$v":"Dit adres gebruikt een netwerkpoort die normaal gesproken wordt gebruikt voor andere doeleinden dan webbrowsen. Het apparaat heeft het verzoek geannuleerd om u te beschermen."},{"$i":"proxy-resolve-failure","$v":"Proxyserverfout"},{"$i":"proxy-resolve-failure-error","$v":"Het apparaat is ingesteld om een proxyserver te gebruiken die niet kan worden gevonden."},{"$i":"proxy-connect-failure","$v":"Proxyserverfout"},{"$i":"proxy-connect-failure-error","$v":"Het apparaat is ingesteld om een proxyserver te gebruiken die verbindingen weigert."},{"$i":"content-encoding","$v":"Kan pagina niet weergeven"},{"$i":"content-encoding-error","$v":"Het apparaat kan deze pagina niet weergeven, omdat er een inhoudcoderingsfout is opgetreden."},{"$i":"remote-xul","$v":"Pagina niet ondersteund"},{"$i":"remote-xul-error","$v":"Deze pagina kan niet worden weergegeven, omdat deze een technologie gebruikt die niet op het apparaat wordt ondersteund."},{"$i":"phishing-blocked","$v":"Waarschuwing"},{"$i":"phishing-blocked-error","$v":"De website is gerapporteerd als een vervalsing, ontworpen om gebruikers te misleiden en persoonlijke of financiële gegevens te laten delen."},{"$i":"malware-blocked","$v":"Malware-aanval geblokkeerd"},{"$i":"malware-blocked-error","$v":"De website is gerapporteerd als een aanvalsite en is geblokkeerd."},{"$i":"unsafe-content-type","$v":"Onveilige inhoud"},{"$i":"unsafe-content-type-error","$v":"De pagina kan niet worden weergegeven, omdat deze mogelijk niet veilig is om te openen."},{"$i":"corrupted-content","$v":"Kan pagina niet weergeven"},{"$i":"corrupted-content-error","$v":"De pagina kan niet worden weergegeven, omdat er een fout in de gegevensoverdracht is gedetecteerd."},{"$i":"try-again","$v":"Opnieuw"},{"$i":"check-settings","$v":"Instellingen controleren"}]