[{"$i":"firefox-accounts-title","$v":"Firefox-konton"},{"$i":"fxa-next","$v":"Nästa"},{"$i":"fxa-back","$v":"Tillbaka"},{"$i":"fxa-done","$v":"Klar"},{"$i":"fxa-ok","$v":"OK"},{"$i":"fxa-connection-error-title","$v":"Kan inte ansluta"},{"$i":"fxa-connection-error-message","$v":"Du kan skapa ett konto eller logga in från inställningar."},{"$i":"fxa-reset-password-error-title","$v":"Återställ lösenord"},{"$i":"fxa-reset-password-error-message","$v":"Du kan återställa lösenordet från inställningar."},{"$i":"fxa-coppa-failure-error-title","$v":"Kan inte skapa konto"},{"$i":"fxa-coppa-failure-error-message","$v":["Du måste uppfylla vissa ålderskrav för att skapa ett Firefox-konto. ",{"t":"idOrVar","v":"learnmore"}]},{"$i":"fxa-learn-more","$v":"Läs mer"},{"$i":"fxa-offline-error-title","$v":"Kan inte ansluta"},{"$i":"fxa-offline-error-message","$v":"Anslut till ett nätverk från inställningar."},{"$i":"fxa-invalid-email-title","$v":"Fel"},{"$i":"fxa-invalid-email-message","$v":"Ange en giltig e-postadress."},{"$i":"fxa-invalid-password-title","$v":"Ogiltigt lösenord"},{"$i":"fxa-invalid-password-message","$v":"Kontrollera lösenordet och försök igen."},{"$i":"fxa-unknown-error-title","$v":"Kan inte ansluta"},{"$i":"fxa-unknown-error-message","$v":"Systemet inte tillgängligt, försök igen senare."},{"$i":"fxa-connecting","$v":"Ansluter"},{"$i":"fxa-enter-email-input","placeholder":"Ange din e-postadress"},{"$i":"fxa-use-email-to-sign-in","$v":"Använd din e-postadress för att skapa ett konto eller logga in."},{"$i":"fxa-notice","$v":["Genom att fortsätta, godkänner du ",{"t":"idOrVar","v":"tos"}," och ",{"t":"idOrVar","v":"pn"}," för Firefox molntjänster."]},{"$i":"fxa-tos","$v":"Användarvillkor"},{"$i":"fxa-pn","$v":"Integritetsskydd"},{"$i":"fxa-create-password-title","$v":"Skapa ett lösenord"},{"$i":"fxa-enter-password-title","$v":"Ange ditt lösenord"},{"$i":"fxa-hello-user","$v":["Hej, ",{"t":"idOrVar","v":"email"}]},{"$i":"fxa-password-refresh","$v":"Ange lösenord för ditt Firefox-konto för att fortsätta."},{"$i":"fxa-password","placeholder":"Lösenord"},{"$i":"fxa-forgot-your-password","$v":"Glömt ditt lösenord?"},{"$i":"fxa-show-password","$v":"Visa lösenord"},{"$i":"fxa-password-length-requirement","$v":"Ditt lösenord måste vara minst 8 tecken långt."},{"$i":"fxa-success","$v":"Succé!"},{"$i":"fxa-ready-to-go","$v":"Ditt Firefox-konto är klart att användas! "},{"$i":"fxa-use-features","$v":"Nu kan du använda funktioner som Hitta din enhet och appar som Firefox Marketplace."},{"$i":"fxa-access-manage-account-settings","$v":"I framtiden kan du komma åt och hantera ditt konto från inställningar."},{"$i":"fxa-confirm-account","$v":"Bekräfta ditt konto"},{"$i":"fxa-will-send-email","$v":["Vi skickar ett mejl till: ",{"t":"idOrVar","v":"email"}]},{"$i":"fxa-signup-click-verification-link-in-email","$v":"Nästa gång du kontrollerar din e-post, klicka på verifieringslänken för att bekräfta ditt Firefox-konto."},{"$i":"fxa-age-verification","$v":"Ålderskontroll"},{"$i":"fxa-age-earlier","$v":[{"t":"idOrVar","v":"year"}," eller tidigare"]},{"$i":"fxa-year-of-birth","$v":"Födelseår"},{"$i":"brandShortName","$v":"B2G OS"},{"$i":"browserBrandShortName","$v":"Web Browser"},{"$i":"browserBrandFullName","$v":"Mozilla Web Browser"},{"$i":"ringtoneBrandName","$v":"Default"},{"$i":"ringtoneSectionBrandName","$v":"System"},{"$i":"ok","$v":"OK"},{"$i":"back","$v":"Tillbaka"},{"$i":"help","$v":"Hjälp"},{"$i":"cancel","$v":"Avbryt"},{"$i":"close","$v":"Stäng"},{"$i":"skip","$v":"Hoppa över"},{"$i":"clear","ariaLabel":"Rensa"},{"$i":"enable","$v":"Aktivera"},{"$i":"turnOn","$v":"Aktivera"},{"$i":"undo","ariaLabel":"Ångra"},{"$i":"enterPIN","$v":"Ange PIN"},{"$i":"mediaPlaybackTrack","ariaLabel":"Spårets titel och artist"},{"$i":"mediaPlaybackControls","ariaLabel":"Uppspelningskontroller"},{"$i":"mediaPlaybackPrevious","ariaLabel":"Föregående"},{"$i":"mediaPlaybackPlay","ariaLabel":"Spela"},{"$i":"mediaPlaybackPause","ariaLabel":"Pausa"},{"$i":"mediaPlaybackNext","ariaLabel":"Nästa"},{"$i":"UnknownTrack","$v":"Okänt spår"},{"$i":"wifiButton-on","$v":"Wi-Fi på"},{"$i":"wifiButton-on-initializing","$v":"Wi-Fi på, initierar "},{"$i":"wifiButton-off","$v":"Wi-Fi av"},{"$i":"dataButton-on","$v":["Data ",{"t":"idOrVar","v":"type"}," på"]},{"$i":"dataButton-off","$v":["Data ",{"t":"idOrVar","v":"type"}," av"]},{"$i":"bluetoothButton-on","$v":"Bluetooth på"},{"$i":"bluetoothButton-on-initializing","$v":"Bluetooth på, initierar"},{"$i":"bluetoothButton-off","$v":"Bluetooth av"},{"$i":"airplaneMode-on","$v":"Flygplansläge på"},{"$i":"airplaneMode-off","$v":"Flygplansläge av"},{"$i":"settingsButton","ariaLabel":"Inställningar"},{"$i":"utilityTray","ariaLabel":"Verktygsfält"},{"$i":"simLabel","$v":["SIM ",{"t":"idOrVar","v":"id"}]},{"$i":"statusbarLabel","$v":[{"t":"idOrVar","v":"date"},", ",{"t":"idOrVar","v":"operator"}]},{"$i":"statusbarDateFormat","$v":"%e %B"},{"$i":"statusbar","ariaLabel":"Statusfält"},{"$i":"statusbarBattery","ariaLabel":["Batteri ",{"t":"idOrVar","v":"level"}," procent"]},{"$i":"statusbarBatteryCharging","ariaLabel":["Batteri ",{"t":"idOrVar","v":"level"}," procent, laddar"]},{"$i":"statusbarFlightMode","ariaLabel":"Flygplansläge på"},{"$i":"statusbarWiFiConnecting","$v":"Wi-Fi: ansluter"},{"$i":"statusbarWiFiConnected","$v":["Wi-Fi: ",{"t":"idOrVar","v":"level"}," av 4 staplar"]},{"$i":"statusbarSignal","$v":[{"t":"idOrVar","v":"operator"}," nätverk, ",{"t":"idOrVar","v":"level"}," av 5 staplar"]},{"$i":"statusbarSignalRoaming","$v":[{"t":"idOrVar","v":"operator"}," nätverk (roaming), ",{"t":"idOrVar","v":"level"}," av 5 staplar"]},{"$i":"statusbarSignalNoneSearching","$v":"Söker… Endast nödsamtal"},{"$i":"statusbarHeadphones","ariaLabel":"Hörlurar på"},{"$i":"statusbarBluetoothHeadphones","ariaLabel":"Bluetooth-hörlurar på"},{"$i":"statusbarBluetoothTransferring","ariaLabel":"Bluetooth-överföring aktiv"},{"$i":"statusbarIconOn-tethering","$v":"Internetdelning på"},{"$i":"statusbarIconOnActive-tethering","$v":"Internetdelning på, aktiv"},{"$i":"statusbarAlarm","ariaLabel":"Alarm på"},{"$i":"statusbarIconOn-bluetooth","$v":"Bluetooth på"},{"$i":"statusbarIconOnActive-bluetooth","$v":"Bluetooth på, aktiv"},{"$i":"statusbarIconOn-mute","$v":"Tyst på"},{"$i":"statusbarIconOn-vibration","$v":"Vibration på"},{"$i":"statusbarRecording","ariaLabel":"Inspelning på"},{"$i":"statusbarGeolocation","ariaLabel":"Geolokalisering på"},{"$i":"statusbarUsb","ariaLabel":"USB på"},{"$i":"statusbarForwarding","$v":"Vidarekoppling på"},{"$i":"statusbarPlaying","ariaLabel":"Media spelar"},{"$i":"statusbarNfc","ariaLabel":"NFC på"},{"$i":"statusbarDownloads","ariaLabel":"Laddar ner…"},{"$i":"statusbarNetworkActivity","ariaLabel":"Nätverk på"},{"$i":"statusbarEmergencyCBNotification","ariaLabel":"Nödsituationsläge"},{"$i":"statusbarNotifications","$v":{"one":[{"t":"idOrVar","v":"n"}," avisering"],"two":[{"t":"idOrVar","v":"n"}," aviseringar"],"few":[{"t":"idOrVar","v":"n"}," aviseringar"],"many":[{"t":"idOrVar","v":"n"}," aviseringar"],"other":[{"t":"idOrVar","v":"n"}," aviseringar"]},"$x":[{"t":"idOrVar","v":"plural"},"n"]},{"$i":"statusbarNotifications-unread","ariaLabel":{"$x":[{"t":"idOrVar","v":"plural"},"n"],"$v":{"one":[{"t":"idOrVar","v":"n"}," oläst avisering"],"two":[{"t":"idOrVar","v":"n"}," olästa aviseringar"],"few":[{"t":"idOrVar","v":"n"}," olästa aviseringar"],"many":[{"t":"idOrVar","v":"n"}," olästa aviseringar"],"other":[{"t":"idOrVar","v":"n"}," olästa aviseringar"]}}},{"$i":"notifications","$v":"Aviseringar"},{"$i":"clear-all","$v":"Rensa alla"},{"$i":"attentionScreen-tapToShow","$v":"Peka här för att visa"},{"$i":"newVoicemails","$v":{"zero":"Inga nya röstmeddelanden","one":"Ett nytt röstmeddelande","two":[{"t":"idOrVar","v":"n"}," nya röstmeddelanden"],"few":[{"t":"idOrVar","v":"n"}," nya röstmeddelanden"],"many":[{"t":"idOrVar","v":"n"}," nya röstmeddelanden"],"other":[{"t":"idOrVar","v":"n"}," nya röstmeddelanden"]},"$x":[{"t":"idOrVar","v":"plural"},"n"]},{"$i":"newVoicemailsUnknown","$v":"Nytt röstmeddelande"},{"$i":"dialNumber","$v":["Ring ",{"t":"idOrVar","v":"number"}]},{"$i":"voicemailNotificationMultiSim","$v":["(SIM ",{"t":"idOrVar","v":"n"},") ",{"t":"idOrVar","v":"title"}]},{"$i":"euRoamingNotificationTitle","$v":"Internet inom EU detekterat"},{"$i":"euRoamingNotificationMsg","$v":"Peka här för att ändra."},{"$i":"confirmNFCConnectBTenabledNameUnknown","$v":"Är du säker på att du vill ansluta till enheten?"},{"$i":"confirmNFCConnectBTdisabledNameUnknown","$v":"Aktivera Bluetooth och anslut till enheten?"},{"$i":"confirmNFCConnectBTenabledNameKnown","$v":["Är du säker på att du vill ansluta till ",{"t":"idOrVar","v":"deviceName"},"?"]},{"$i":"confirmNFCConnectBTdisabledNameKnown","$v":["Aktivera Bluetooth och anslut till ",{"t":"idOrVar","v":"deviceName"},"?"]},{"$i":"confirmNFCConnectBTdisabled","$v":"Aktivera"},{"$i":"dismissNFCConnectBTdisabled","$v":"Avbryt"},{"$i":"confirmation","$v":"Bekräftelse"},{"$i":"deviceMenu","$v":"Telefon"},{"$i":"airplane","$v":"Flygplansläge"},{"$i":"airplaneOff","$v":"Flygplansläge av"},{"$i":"silent","$v":"Tyst läge"},{"$i":"normal","$v":"Ringsignal på"},{"$i":"restart","$v":"Starta om"},{"$i":"power","$v":"Stäng av"},{"$i":"no-recent-app-windows","$v":"Dina senaste appar visas här"},{"$i":"no-recent-browser-windows","$v":"Dina senaste webbläsarfönster visas här"},{"$i":"closeCard","ariaLabel":"Stäng"},{"$i":"openCard","ariaLabel":"Öppna"},{"$i":"yes","$v":"Ja"},{"$i":"no","$v":"Nej"},{"$i":"dontallow","$v":"Tillåt inte"},{"$i":"allow","$v":"Tillåt"},{"$i":"dontshare-geolocation","$v":"Dela inte"},{"$i":"share-geolocation","$v":"Dela"},{"$i":"dontshare-audio-capture","$v":"Dela inte"},{"$i":"share-audio-capture","$v":"Dela"},{"$i":"dontshare-video-capture","$v":"Dela inte"},{"$i":"share-video-capture","$v":"Dela"},{"$i":"dontshare-media-capture","$v":"Dela inte"},{"$i":"share-media-capture","$v":"Dela"},{"$i":"device-front","$v":"Främre kamera"},{"$i":"device-back","$v":"Bakre kamera"},{"$i":"remember-my-choice","$v":"Kom ihåg mitt val"},{"$i":"more-info","$v":"Mer info…"},{"$i":"hide-info","$v":"Dölj info"},{"$i":"install-app","$v":["Installera ",{"t":"idOrVar","v":"name"},"?"]},{"$i":"size","$v":"Storlek"},{"$i":"author","$v":"Utvecklare"},{"$i":"size-unknown","$v":"Okänd"},{"$i":"author-unknown","$v":"Okänd"},{"$i":"install","$v":"Installera"},{"$i":"bytes","$v":"byte"},{"$i":"kB","$v":"kB"},{"$i":"MB","$v":"MB"},{"$i":"GB","$v":"GB"},{"$i":"TB","$v":"TB"},{"$i":"PB","$v":"PB"},{"$i":"app-install-generic-error","$v":[{"t":"idOrVar","v":"appName"}," nedladdning stoppad"]},{"$i":"app-install-download-failed","$v":[{"t":"idOrVar","v":"appName"}," nedladdning misslyckades"]},{"$i":"app-install-install-failed","$v":[{"t":"idOrVar","v":"appName"}," installation misslyckades"]},{"$i":"cancelling-will-not-refund","$v":"Avbryta kommer inte att återbetala köpet. Återbetalning för betalt innehåll ges av den ursprungliga säljaren."},{"$i":"apps-can-be-installed-later","$v":"Appar kan installeras senare från den ursprungliga installationskällan."},{"$i":"are-you-sure-you-want-to-cancel","$v":"Är du säker du vill avbryta installationen?"},{"$i":"cancel-install","$v":"Avbryt installation"},{"$i":"cancel-install-button","$v":"Avbryt installation"},{"$i":"resume","$v":"Återuppta"},{"$i":"continue","$v":"Fortsätt"},{"$i":"stopDownloading","$v":["Avbryt hämtning av ",{"t":"idOrVar","v":"app"},"?"]},{"$i":"app-download-can-be-restarted","$v":"Hämtningen kan startas senare."},{"$i":"app-download-stop-button","$v":"Avbryt hämtning"},{"$i":"not-enough-space","$v":"Inte tillräckligt med utrymme"},{"$i":"not-enough-space-message","$v":"Det finns inte tillräckligt med utrymme för att installera appen. Frigör utrymme genom att radera gamla appar eller media, och försök installera igen från den ursprungliga källan."},{"$i":"app-install-success","$v":[{"t":"idOrVar","v":"appName"}," installerad"]},{"$i":"langpack-install-success2","$v":[{"t":"idOrVar","v":"appName"}," installerad. Gå till Inställningar > Språk för att aktivera den."]},{"$i":"setup","$v":"Inställningar"},{"$i":"ime-addkeyboards","$v":"Lägg till tangentbord"},{"$i":"later","$v":"Senare"},{"$i":"download","$v":"Ladda ner"},{"$i":"wantToDownload","$v":"Hämta uppdatering nu?"},{"$i":"wantToInstallNow","$v":"Vill du installera uppdateringen nu? Du kommer inte att kunna använda telefonen under några minuter."},{"$i":"installNow","$v":"Installera nu"},{"$i":"notNow","$v":"Inte nu"},{"$i":"downloadingUpdateMessage","innerHTML":["Laddar ner uppdateringar… <span>",{"t":"idOrVar","v":"progress"}," hämtat.</span>"]},{"$i":"downloadingAppMessage","$v":["Laddar ner ",{"t":"idOrVar","v":"appName"}]},{"$i":"downloadingAppProgressNoMax","$v":[{"t":"idOrVar","v":"progress"}," hämtat"]},{"$i":"downloadingAppProgressIndeterminate","$v":"Nedladdning"},{"$i":"downloadingAppProgress","$v":[{"t":"idOrVar","v":"progress"}," / ",{"t":"idOrVar","v":"max"}," hämtat"]},{"$i":"cancelAllDownloads","$v":"Avbryt alla hämtningar"},{"$i":"wantToCancelAll","$v":"Är du säker på att du vill avbryta alla hämtningar?"},{"$i":"downloadError","$v":"Det uppstod ett fel när du hämtade uppdateringarna. "},{"$i":"updateAvailableInfo","innerHTML":{"$x":[{"t":"idOrVar","v":"plural"},"n"],"$v":{"one":[{"t":"idOrVar","v":"n"}," uppdatering tillgänglig. <span>Tryck för mer info.</span>"],"two":[{"t":"idOrVar","v":"n"}," uppdateringar tillgängliga. <span>Tryck för mer info.</span>"],"few":[{"t":"idOrVar","v":"n"}," uppdateringar tillgängliga. <span>Tryck för mer info.</span>"],"many":[{"t":"idOrVar","v":"n"}," uppdateringar tillgängliga. <span>Tryck för mer info.</span>"],"other":[{"t":"idOrVar","v":"n"}," uppdateringar tillgängliga. <span>Tryck för mer info.</span>"]}}},{"$i":"numberOfUpdates","$v":{"one":[{"t":"idOrVar","v":"n"}," uppdatering tillgänglig"],"two":[{"t":"idOrVar","v":"n"}," uppdateringar tillgängliga"],"few":[{"t":"idOrVar","v":"n"}," uppdateringar tillgängliga"],"many":[{"t":"idOrVar","v":"n"}," uppdateringar tillgängliga"],"other":[{"t":"idOrVar","v":"n"}," uppdateringar tillgängliga"]},"$x":[{"t":"idOrVar","v":"plural"},"n"]},{"$i":"systemUpdate","$v":"Systemuppdatering"},{"$i":"systemUpdateReady","$v":"Systemuppdatering redo"},{"$i":"systemUpdateLowBatteryThreshold","$v":["Du behöver minst ",{"t":"idOrVar","v":"threshold"},"% batterinivå för att installera uppdateringar."]},{"$i":"required","$v":"Krävs"},{"$i":"uncompressingMessage","innerHTML":"Packar upp… <span>Det kan ta några minuter.</span>"},{"$i":"downloadWifiPrioritizedUsing2G","$v":"Uppdateringar hämtas via dataanslutning när Wi-Fi inte är tillgängligt. Vid användning av dataanslutning kan telefonsamtal blockeras och extra avgifter tillkomma. "},{"$i":"downloadWifiPrioritized3","$v":"Uppdateringar hämtas via dataanslutning när Wi-Fi inte är tillgängligt. Vid användning av dataanslutning kan extra avgifter tillkomma."},{"$i":"downloadNoWifiWarning","$v":"Wi-Fi inte tillgänglig. Uppdatering via aktuell anslutning kan medföra extra kostnader."},{"$i":"downloadOfflineWarning2","$v":"Anslut till ett nätverk för att hämta uppdateringar."},{"$i":"downloadUpdatesViaDataConnection","$v":"Hämta uppdateringar via dataanslutning?"},{"$i":"downloadUpdatesVia2GForbidden3","$v":"Nedladdning av uppdateringar är inte möjlig vid långsamma anslutningar (2G). Anslut via Wi-Fi eller 3G (om tillgängligt) och försök igen."},{"$i":"downloadUpdatesViaDataConnectionMessage3","$v":"När du använder en dataanslutning kan extra kostnader tillkomma."},{"$i":"downloadUpdatesViaDataRoamingConnection","$v":"Hämta uppdateringar via dataroaming?"},{"$i":"downloadUpdatesViaDataRoamingConnectionMessage","$v":"Du använder roaming och ytterligare avgifter kan tillkomma. Vill du fortsätta?"},{"$i":"screenshotSaved","$v":"Skärmdump sparad till Galleri"},{"$i":"screenshotFailed","$v":"Skärmdumpen kunde inte sparas"},{"$i":"screenshotNoSDCard","$v":"Inget minneskort hittades"},{"$i":"screenshotSDCardInUse","$v":"Minneskortet används"},{"$i":"screenshotSDCardLow","$v":"Inte tillräckligt med utrymme på minneskortet"},{"$i":"logsSaved","$v":"Loggar sparade till lagringsutrymme"},{"$i":"logsSaveError","$v":"Fel när loggar skulle sparas"},{"$i":"logsSaving","$v":"Capturing logs…"},{"$i":"logsOperationFailed","$v":["Operationen ",{"t":"idOrVar","v":"operation"}," misslyckades."]},{"$i":"logsGenericError","$v":"Oväntad fel uppstod."},{"$i":"logsSDCardMaybeShared","$v":"Se till att ditt minneskort inte delas med din dator."},{"$i":"emergency-call-button","$v":"Nödsamtal"},{"$i":"emergency-call","$v":"Nödsamtal"},{"$i":"unlock-a11y-button","ariaLabel":"Lås upp"},{"$i":"camera-a11y-button","ariaLabel":"Kamera"},{"$i":"longDateFormat","$v":"%A, %e %B"},{"$i":"panel-passcode","ariaLabel":"Lösenord panel"},{"$i":"open-notification","$v":"öppna"},{"$i":"softwareHomeButton","ariaLabel":"Hem"},{"$i":"login","$v":"Logga in"},{"$i":"sign-in-to-website","$v":"Logga in på webbplatsen"},{"$i":"username","$v":"Användarnamn"},{"$i":"password","$v":"Lösenord"},{"$i":"http-authentication-message2","$v":["Webbplatsen ",{"t":"idOrVar","v":"host"}," kräver inloggning."]},{"$i":"error-message","$v":[{"t":"idOrVar","v":"name"}," laddas inte korrekt"]},{"$i":"error-title","$v":[{"t":"idOrVar","v":"name"}," har problem"]},{"$i":"unable-to-connect","$v":"Kan inte ansluta"},{"$i":"tap-to-check-settings","$v":"Peka här för att kontrollera inställningar"},{"$i":"delete-title","$v":["Ta bort ",{"t":"idOrVar","v":"name"}]},{"$i":"delete-body","$v":[{"t":"idOrVar","v":"name"}," och all dess data kommer att raderas."]},{"$i":"delete","$v":"Ta bort"},{"$i":"unrecoverable-error-title","$v":"Ta bort applikation"},{"$i":"unrecoverable-error-body","$v":"Kan inte installera applikationen på grund av ett allvarligt fel. Försök att hämta igen. Applikationen kommer att tas bort."},{"$i":"unrecoverable-error-action","$v":"OK"},{"$i":"data-roaming-enabled-title","$v":"Aktivera dataroaming?"},{"$i":"data-roaming-enabled-warning2","$v":"För att ansluta till internet måste du aktivera dataroaming. Beroende på tjänsteavtal kan extra avgifter tillkomma. Vill du aktivera data?"},{"$i":"select-time","$v":"Välj tid"},{"$i":"choose-option","$v":"Välj"},{"$i":"choose-options","$v":"Välj"},{"$i":"select-day","$v":"Välj dag"},{"$i":"battery-almost-empty3","$v":"Låg batterinivå."},{"$i":"plug-in-your-charger","$v":"Anslut din laddare."},{"$i":"new-window","$v":"Nytt fönster"},{"$i":"new-private-window","$v":"Nytt privat fönster"},{"$i":"show-windows","$v":"Visa fönster"},{"$i":"add-to-home-screen","$v":"Lägg till på hemskärmen"},{"$i":"share","$v":"Dela"},{"$i":"crash-dialog2-os","$v":[{"t":"idOrVar","v":"brandShortName"}," har precis återhämtat sig från en krasch."]},{"$i":"crash-dialog-app","$v":[{"t":"idOrVar","v":"name"}," kraschade precis"]},{"$i":"crash-dialog-app-noname","$v":"Någonting"},{"$i":"crash-dialog-message","$v":"Vill du skicka Mozilla en rapport om kraschen för att hjälpa oss lösa problemet? (Rapporter skickas endast över Wi-Fi.)"},{"$i":"crash-info-link","$v":"Vad finns i en kraschrapport?"},{"$i":"crash-always-report","$v":"Skicka alltid rapporter till Mozilla vid en krasch."},{"$i":"crash-dont-send","$v":"Skicka inte"},{"$i":"crash-end","$v":"Skicka rapport"},{"$i":"crashReports","$v":"Kraschrapporter"},{"$i":"done","$v":"Klar"},{"$i":"crash-reports-description-1","$v":"En kraschrapport innehåller några detaljer om kraschen och enheten samt en ögonblicksbild av läget i enheten när den kraschade."},{"$i":"crash-reports-description-2","$v":"Det kan omfatta saker som öppna sidor och appar, text i formulär och innehållet i öppna meddelanden, webbhistorik, eller geolokalisering som används av en öppen app."},{"$i":"crash-reports-description-3-start","$v":"Vi använder kraschrapporter för att försöka lösa problem och förbättra våra produkter. Vi hanterar din information enligt"},{"$i":"crash-reports-description-3-privacy","$v":"sekretesspolicyn"},{"$i":"crash-reports-description-3-end","$v":"."},{"$i":"crash-banner-os2","$v":[{"t":"idOrVar","v":"brandShortName"}," kraschade precis."]},{"$i":"crash-banner-app","$v":[{"t":"idOrVar","v":"name"}," kraschade precis."]},{"$i":"crash-banner-report","$v":"Rapportera"},{"$i":"bluetooth-sending-progress","$v":"Skickar överföring via Bluetooth.."},{"$i":"bluetooth-receiving-progress","$v":"Tar emot överföring via Bluetooth.."},{"$i":"acceptFileTransfer","$v":"Acceptera filöverföring via Bluetooth?"},{"$i":"wantToReceiveFile","$v":[{"t":"idOrVar","v":"deviceName"}," vill överföra ",{"t":"idOrVar","v":"fileName"}," (",{"t":"idOrVar","v":"fileSize"},")."]},{"$i":"transfer-confirmation-title","$v":[{"t":"idOrVar","v":"deviceName"}]},{"$i":"transfer-confirmation-description","$v":"Granska överföringsbegäran."},{"$i":"byteUnit-B","$v":"byte"},{"$i":"byteUnit-KB","$v":"kB"},{"$i":"byteUnit-MB","$v":"MB"},{"$i":"byteUnit-GB","$v":"GB"},{"$i":"byteUnit-TB","$v":"TB"},{"$i":"byteUnit-PB","$v":"PB"},{"$i":"byteUnit-EB","$v":"EB"},{"$i":"byteUnit-ZB","$v":"ZB"},{"$i":"byteUnit-YB","$v":"YB"},{"$i":"fileSize","$v":[{"t":"idOrVar","v":"size"}," ",{"t":"idOrVar","v":"unit"}]},{"$i":"deny","$v":"Neka"},{"$i":"transfer","$v":"Överför"},{"$i":"cancelFileTransfer","$v":"Avbryt överföring via Bluetooth?"},{"$i":"continueFileTransfer","$v":"Fortsätt"},{"$i":"transfer-has-started-title","$v":"Överföringen har startat"},{"$i":"transfer-has-started-description","$v":"Kontrollera framsteg i aviseringsfönstret"},{"$i":"transferFinished-sentSuccessful-title","$v":"Fil skickad"},{"$i":"transferFinished-receivedSuccessful-title","$v":"Fil mottagen"},{"$i":"transferFinished-sentFailed-title","$v":"Filen kunde inte skickas"},{"$i":"transferFinished-receivedFailed-title","$v":"Filen kunde inte tas emot"},{"$i":"transferFinished-try-again-description","$v":"Kan inte skicka filen just nu. Försök igen senare."},{"$i":"transferReport-title","$v":"Överföringsrapport:"},{"$i":"transferReport-description","$v":[{"t":"idOrVar","v":"numSuccessful"}," filer lyckades, ",{"t":"idOrVar","v":"numUnsuccessful"}," filer misslyckades"]},{"$i":"unknown-file","$v":"Okänd fil"},{"$i":"unknown-device","$v":"Okänd enhet"},{"$i":"cannotOpenFile","$v":"Kan inte öppna mottagen fil"},{"$i":"unknownMediaTypeToOpenFile","$v":["Kan inte öppna okänd mediatyp: ",{"t":"idOrVar","v":"fileName"}]},{"$i":"cannotReceiveFile","$v":"Kan inte ta emot fil"},{"$i":"cannotGetStorageState","$v":"Kan inte läsa lagringsenhetens tillstånd "},{"$i":"sdcard-not-exist2","$v":"Inget minneskort hittades. Sätt i ett minneskort."},{"$i":"sdcard-in-use","$v":"Bluetooth kan inte användas medan telefonen är inkopplad. Vänligen koppla ur telefonen för att ta emot fil(er)."},{"$i":"sdcard-no-space2","$v":"Kan inte slutföra överföring: minneskortet är fullt."},{"$i":"unknown-error","$v":"Okänt fel"},{"$i":"confirm","$v":"Bekräfta"},{"$i":"sdcard-detected-title","$v":"Minneskort detekterat"},{"$i":"sdcard-total-size-body","$v":["Total storlek: ",{"t":"idOrVar","v":"size"}," ",{"t":"idOrVar","v":"unit"}]},{"$i":"sdcard-unknown-size-then-tap-to-format-body","$v":"Okänd storlek, peka för att formatera"},{"$i":"sdcard-removed-title","$v":"Minneskortet borttaget"},{"$i":"sdcard-removed-ejected-successfully","$v":"Utmatat"},{"$i":"sdcard-removed-not-ejected-properly","$v":"Ej utmatat korrekt"},{"$i":"microphone-is-on","$v":"Mikrofon är på"},{"$i":"camera-is-on","$v":"Kamera är på"},{"$i":"media-is-on","$v":"Kamera & mikrofon är på"},{"$i":"noSimCard","$v":"Inget SIM-kort"},{"$i":"simPin","$v":"PIN-kod"},{"$i":"pukCode","$v":"PUK-kod"},{"$i":"nckCode","$v":"NCK-kod"},{"$i":"cckCode","$v":"CCK-kod"},{"$i":"spckCode","$v":"SPCK-kod"},{"$i":"nck1code","$v":"NCK1-kod"},{"$i":"nck2code","$v":"NCK2-kod"},{"$i":"hnckcode","$v":"HNCK-kod"},{"$i":"rcckcode","$v":"RCCK-kod"},{"$i":"rspckcode","$v":"RSPCK-kod"},{"$i":"whatIsSimPin","$v":"Vad är en PIN-kod?"},{"$i":"simPinIntro1","$v":"En PIN-kod förhindrar åtkomst till SIM-kortets mobila datanät. När den är aktiverad, kommer alla enheter som innehåller SIM-kortet begära PIN-kod vid omstart."},{"$i":"simPinIntro2","$v":"En PIN-kod är inte samma sak som koden som används för att låsa upp enheten."},{"$i":"changeSimPin","$v":"Ändra PIN-kod"},{"$i":"pinTitle","$v":"Ange PIN-kod"},{"$i":"multiSIMpinTitle","$v":["Ange SIM ",{"t":"idOrVar","v":"n"}," PIN-kod"]},{"$i":"pukTitle","$v":"Ange PUK-kod"},{"$i":"nckTitle","$v":"Ange NCK-kod"},{"$i":"cckTitle","$v":"Ange CCK-kod"},{"$i":"spckTitle","$v":"Ange SPCK-kod"},{"$i":"nck1Title","$v":"Ange NCK1-kod"},{"$i":"nck2Title","$v":"Ange NCK2-kod"},{"$i":"hnckTitle","$v":"Ange HNCK-kod"},{"$i":"rcckTitle","$v":"Ange RCCK-kod"},{"$i":"rspckTitle","$v":"Ange RSPCK-kod"},{"$i":"newpinTitle","$v":"Ny PIN-kod"},{"$i":"inputCodeRetriesLeft","$v":{"one":"sista försöket.","two":[{"t":"idOrVar","v":"n"}," försök kvar."],"few":[{"t":"idOrVar","v":"n"}," försök kvar."],"many":[{"t":"idOrVar","v":"n"}," försök kvar."],"other":[{"t":"idOrVar","v":"n"}," försök kvar."]},"$x":[{"t":"idOrVar","v":"plural"},"n"]},{"$i":"pinErrorMsg","$v":"Felaktig PIN-kod."},{"$i":"pinAttemptMsg2","$v":{"one":"Du har ett försök kvar att ange rätt kod innan SIM-kortet låser sig.","two":["Du har ",{"t":"idOrVar","v":"n"}," försök kvar att ange rätt kod innan SIM-kortet låser sig."],"few":["Du har ",{"t":"idOrVar","v":"n"}," försök kvar att ange rätt kod innan SIM-kortet låser sig."],"many":["Du har ",{"t":"idOrVar","v":"n"}," försök kvar att ange rätt kod innan SIM-kortet låser sig."],"other":["Du har ",{"t":"idOrVar","v":"n"}," försök kvar att ange rätt kod innan SIM-kortet låser sig."]},"$x":[{"t":"idOrVar","v":"plural"},"n"]},{"$i":"pinLastChanceMsg","$v":"Detta är sista chansen att ange rätt PIN-kod. Annars måste du ange PUK-koden för att låsa upp SIM-kortet."},{"$i":"simCardLockedMsg","$v":"SIM-kortet är låst."},{"$i":"enterPukMsg","$v":"Du måste ange din personliga upplåsningskod (PUK) för SIM-kortet. Se SIM-kortets dokumentation eller kontakta din operatör för mer information. "},{"$i":"pukErrorMsg","$v":"Felaktig PUK-kod."},{"$i":"pukAttemptMsg2","$v":{"one":"Du har ett försök kvar att ange rätt kod innan SIM-kortet kommer att vara permanent oanvändbart. Se SIM-kortets dokumentation eller kontakta din operatör för mer information.","two":["Du har ",{"t":"idOrVar","v":"n"}," försök kvar att ange rätt kod innan SIM-kortet kommer att vara permanent oanvändbart. Se SIM-kortets dokumentation eller kontakta din operatör för mer information."],"few":["Du har ",{"t":"idOrVar","v":"n"}," försök kvar att ange rätt kod innan SIM-kortet kommer att vara permanent oanvändbart. Se SIM-kortets dokumentation eller kontakta din operatör för mer information."],"many":["Du har ",{"t":"idOrVar","v":"n"}," försök kvar att ange rätt kod innan SIM-kortet kommer att vara permanent oanvändbart. Se SIM-kortets dokumentation eller kontakta din operatör för mer information."],"other":["Du har ",{"t":"idOrVar","v":"n"}," försök kvar att ange rätt kod innan SIM-kortet kommer att vara permanent oanvändbart. Se SIM-kortets dokumentation eller kontakta din operatör för mer information."]},"$x":[{"t":"idOrVar","v":"plural"},"n"]},{"$i":"pukLastChanceMsg","$v":"Detta är sista chansen att ange rätt PUK-kod. Ditt SIM-kort kommer att vara permanent oanvändbart om du anger fel PUK-kod."},{"$i":"newSimPinMsg","$v":"Skapa ny PIN-kod (måste innehålla 4 till 8 siffror)"},{"$i":"confirmNewSimPinMsg","$v":"Bekräfta ny PIN-kod"},{"$i":"newPinErrorMsg","$v":"PIN-koderna matchar inte."},{"$i":"nckErrorMsg","$v":"Felaktig NCK-kod."},{"$i":"nckAttemptMsg2","$v":{"one":"Operatörsupplåsning misslyckades. Du har ett försök kvar att ange rätt kod. Se enhetens dokumentation eller kontakta din operatör för mer information.","two":["Operatörsupplåsning misslyckades. Du har ",{"t":"idOrVar","v":"n"}," försök kvar att ange rätt kod. Se enhetens dokumentation eller kontakta din operatör för mer information."],"few":["Operatörsupplåsning misslyckades. Du har ",{"t":"idOrVar","v":"n"}," försök kvar att ange rätt kod. Se enhetens dokumentation eller kontakta din operatör för mer information."],"many":["Operatörsupplåsning misslyckades. Du har ",{"t":"idOrVar","v":"n"}," försök kvar att ange rätt kod. Se enhetens dokumentation eller kontakta din operatör för mer information."],"other":["Operatörsupplåsning misslyckades. Du har ",{"t":"idOrVar","v":"n"}," försök kvar att ange rätt kod. Se enhetens dokumentation eller kontakta din operatör för mer information."]},"$x":[{"t":"idOrVar","v":"plural"},"n"]},{"$i":"nckLastChanceMsg","$v":"Operatörsupplåsning misslyckades. Sista chansen att ange rätt NCK-kod. Se enhetens dokumentation eller kontakta din operatör för mer information."},{"$i":"activity-pick","$v":"Välj från:"},{"$i":"activity-view","$v":"Visa med:"},{"$i":"activity-test","$v":"Testa med:"},{"$i":"activity-share","$v":"Dela med:"},{"$i":"activity-new","$v":"Skapa med:"},{"$i":"activity-open","$v":"Öppna med:"},{"$i":"activity-save-bookmark","$v":"Bokmärke till:"},{"$i":"activity-record","$v":"Spela in från:"},{"$i":"activity-browse","$v":"Surfa med:"},{"$i":"activity-configure","$v":"Konfigurera med:"},{"$i":"activity-dial","$v":"Ringa från:"},{"$i":"persona-signin","$v":"Logga in"},{"$i":"payment-flow","$v":"Köp"},{"$i":"remoteDebuggerMessage","$v":"En inkommande begäran om att tillåta fjärrfelsökning upptäcktes. Tillåt anslutning?"},{"$i":"fullscreen-request","$v":[{"t":"idOrVar","v":"origin"}," visas nu i helskärm."]},{"$i":"captive-wifi-available","$v":["Nätverket ",{"t":"idOrVar","v":"networkName"}," hittades. Anslut?"]},{"$i":"ceWarningtitle","$v":"Varning hög volym"},{"$i":"ceWarningcontent","$v":"För att förhindra hörselskada, lyssna inte på hög volym under långa perioder."},{"$i":"notification-powersaving-mode-on-title","$v":"Energisparläge"},{"$i":"notification-powersaving-mode-on-description","$v":"Energisparläge är på."},{"$i":"low-device-storage","$v":"Lågt lagringsutrymme.\\n"},{"$i":"free-space","$v":{"zero":"Inget ledigt utrymme.","one":["Mindre än ",{"t":"idOrVar","v":"value"}," ",{"t":"idOrVar","v":"unit"}," återstår."],"two":["Mindre än ",{"t":"idOrVar","v":"value"}," ",{"t":"idOrVar","v":"unit"}," återstår."],"few":["Mindre än ",{"t":"idOrVar","v":"value"}," ",{"t":"idOrVar","v":"unit"}," återstår."],"many":["Mindre än ",{"t":"idOrVar","v":"value"}," ",{"t":"idOrVar","v":"unit"}," återstår."],"other":["Mindre än ",{"t":"idOrVar","v":"value"}," ",{"t":"idOrVar","v":"unit"}," återstår."]},"$x":[{"t":"idOrVar","v":"plural"},"value"]},{"$i":"unknown-free-space","$v":"Okänt återstående utrymme."},{"$i":"system-alert","$v":"Varningssystem"},{"$i":"cb-channel","$v":["Kanal ",{"t":"idOrVar","v":"channel"}]},{"$i":"cb-etws-warningType-earthquake","$v":"Varning för jordbävning!"},{"$i":"cb-etws-warningType-tsunami","$v":"Varning för tsunami!"},{"$i":"cb-etws-warningType-earthquake-tsunami","$v":"Varning för jordbävning-tsunami!"},{"$i":"cb-etws-warningType-test","$v":"Varningssystemet testas."},{"$i":"cb-etws-warningType-other","$v":"Varning för nödsituation!"},{"$i":"icc-message-maintitle","$v":"Operatörsmeddelande"},{"$i":"icc-message-subtitle","$v":["SIM ",{"t":"idOrVar","v":"id"}]},{"$i":"icc-confirmCall-defaultmessage","$v":["Ring ",{"t":"idOrVar","v":"number"},"?"]},{"$i":"icc-alertMessage-defaultmessage","$v":"Skickar meddelande"},{"$i":"icc-confirmMessage-defaultmessage","$v":"Skicka meddelande?"},{"$i":"icc-notification-title","$v":["SIM ",{"t":"idOrVar","v":"id"}," STK"]},{"$i":"icc-inputbox-maintitle","$v":"STK-fråga"},{"$i":"icc-inputbox-subtitle","$v":["SIM ",{"t":"idOrVar","v":"id"}]},{"$i":"emergency-callback-mode","$v":"Nödsituationsläge"},{"$i":"emergency-callback-message","$v":"Du kan inte ringa samtal, skicka meddelanden eller surfa eftersom nödsituationsläget är aktivt. Vill du stänga av det?"},{"$i":"cdma-record-info","$v":"CDMA registerinformation"},{"$i":"ime-switching-title","$v":[{"t":"idOrVar","v":"appName"},": ",{"t":"idOrVar","v":"name"}]},{"$i":"ime-switching-tip","$v":"Tryck för att växla inmatningsmetod"},{"$i":"shrinking-tip","$v":"Dra för att dela"},{"$i":"download_started","$v":"Nedladdning startad"},{"$i":"download_stopped","$v":"Nedladdning stoppad"},{"$i":"download_downloading","$v":"Laddar ner…"},{"$i":"download_succeeded","$v":"Nedladdning färdig"},{"$i":"download_failed","$v":"Nedladdning misslyckades"},{"$i":"download_text_by_default","$v":[{"t":"idOrVar","v":"name"}]},{"$i":"download_downloading_text_2","$v":[{"t":"idOrVar","v":"percentage"},"% - ",{"t":"idOrVar","v":"name"}]},{"$i":"search-the-web","$v":"Sök på nätet"},{"$i":"search-or-enter-address","$v":"Sök eller ange adress","placeholder":"Sök eller ange adress"},{"$i":"back-button","ariaLabel":"Bakåt"},{"$i":"forward-button","ariaLabel":"Framåt"},{"$i":"reload-button","ariaLabel":"Uppdatera"},{"$i":"stop-button","ariaLabel":"Stoppa"},{"$i":"windows-button","ariaLabel":"Visa fönster"},{"$i":"noHotspotWhenAPMisOnWifiHotspot","$v":"Stäng av flygplansläge för att använda Wi-Fi hotspot."},{"$i":"apmActivated","$v":"Flygplansläge aktiverad"},{"$i":"open-in-new-window","$v":"Öppna i nytt fönster"},{"$i":"open-in-new-private-window","$v":"Öppna i nytt privat fönster"},{"$i":"add-link-to-home-screen","$v":"Lägg till länk på hemskärmen"},{"$i":"share-link","$v":"Dela länk"},{"$i":"save-image","$v":"Spara bild "},{"$i":"save-video","$v":"Spara video"},{"$i":"save-audio","$v":"Spara ljud"},{"$i":"save-link","$v":"Spara länkad fil"},{"$i":"share-image","$v":"Dela bild"},{"$i":"share-video","$v":"Dela video"},{"$i":"share-audio","$v":"Dela ljud"},{"$i":"private-window","$v":"Privat fönster"},{"$i":"private-window-detail1","$v":"Webbläsaren kommer inte spara historik, kakor eller tillfälliga internetfiler."},{"$i":"private-window-detail2","$v":"Även här enheten inte kommer att se din webbhistorik, kan din internetleverantör fortfarande spåra de sidor du besöker."},{"$i":"okCharsLeft","$v":["OK (",{"t":"idOrVar","v":"n"},")"]},{"$i":"accessibility-enableScreenReaderSteps","$v":"För att aktivera skärmläsare, tryck volym upp sedan volym ner tre gånger"},{"$i":"accessibility-disableScreenReaderSteps","$v":"För att inaktivera skärmläsare, tryck på volym upp sedan volym ner tre gånger"},{"$i":"accessibility-screenReaderStarted","$v":"Skärmläsare startad"},{"$i":"accessibility-screenReaderStopped","$v":"Skärmläsare stoppad"},{"$i":"accessibility-menubar","$v":"menyrad"},{"$i":"accessibility-scrollbar","$v":"rullningslist"},{"$i":"accessibility-grip","$v":"grepp"},{"$i":"accessibility-alert","$v":"avisering"},{"$i":"accessibility-menupopup","$v":"meny"},{"$i":"accessibility-document","$v":"dokument"},{"$i":"accessibility-pane","$v":"fönster"},{"$i":"accessibility-dialog","$v":"dialog"},{"$i":"accessibility-separator","$v":"avgränsare"},{"$i":"accessibility-toolbar","$v":"verktygsfält"},{"$i":"accessibility-statusbar","$v":"statusfält"},{"$i":"accessibility-table","$v":"tabell"},{"$i":"accessibility-columnheader","$v":"kolumnrubrik"},{"$i":"accessibility-rowheader","$v":"radrubrik"},{"$i":"accessibility-column","$v":"kolumn"},{"$i":"accessibility-row","$v":"rad"},{"$i":"accessibility-cell","$v":"cell"},{"$i":"accessibility-link","$v":"länk"},{"$i":"accessibility-list","$v":"lista"},{"$i":"accessibility-listitem","$v":"listobjekt"},{"$i":"accessibility-outline","$v":"disposition"},{"$i":"accessibility-outlineitem","$v":"dispositionsobjekt"},{"$i":"accessibility-pagetab","$v":"sidflik"},{"$i":"accessibility-propertypage","$v":"egenskapssida"},{"$i":"accessibility-graphic","$v":"grafik"},{"$i":"accessibility-pushbutton","$v":"knapp"},{"$i":"accessibility-checkbutton","$v":"kryssruta"},{"$i":"accessibility-radiobutton","$v":"alternativknapp"},{"$i":"accessibility-combobox","$v":"kombinationsruta"},{"$i":"accessibility-progressbar","$v":"förloppsindikator"},{"$i":"accessibility-slider","$v":"skjutreglage"},{"$i":"accessibility-spinbutton","$v":"rotationsknapp"},{"$i":"accessibility-diagram","$v":"diagram"},{"$i":"accessibility-animation","$v":"animation"},{"$i":"accessibility-equation","$v":"ekvation"},{"$i":"accessibility-buttonmenu","$v":"knappmeny"},{"$i":"accessibility-whitespace","$v":"tomt utrymme"},{"$i":"accessibility-pagetablist","$v":"sidflikslista"},{"$i":"accessibility-canvas","$v":"arbetsyta"},{"$i":"accessibility-checkmenuitem","$v":"Dubbeltryck för att aktivera"},{"$i":"accessibility-label","$v":"etikett"},{"$i":"accessibility-passwordtext","$v":"lösenordstext"},{"$i":"accessibility-radiomenuitem","$v":"Dubbeltryck för att aktivera"},{"$i":"accessibility-textcontainer","$v":"textbehållare"},{"$i":"accessibility-togglebutton","$v":"växlingsknapp"},{"$i":"accessibility-treetable","$v":"trädtabell"},{"$i":"accessibility-header","$v":"sidhuvud"},{"$i":"accessibility-footer","$v":"sidfot"},{"$i":"accessibility-paragraph","$v":"paragraf"},{"$i":"accessibility-entry","$v":"post"},{"$i":"accessibility-caption","$v":"bildtext"},{"$i":"accessibility-heading","$v":"rubrik"},{"$i":"accessibility-section","$v":"sektion"},{"$i":"accessibility-form","$v":"formulär"},{"$i":"accessibility-comboboxlist","$v":"kombinationsrutelista"},{"$i":"accessibility-comboboxoption","$v":"kombinationsrutealternativ"},{"$i":"accessibility-imagemap","$v":"bild"},{"$i":"accessibility-listboxoption","$v":"listrutealternativ"},{"$i":"accessibility-listbox","$v":"listruta"},{"$i":"accessibility-flatequation","$v":"enkel ekvation"},{"$i":"accessibility-gridcell","$v":"rutnätscell"},{"$i":"accessibility-note","$v":"anteckning"},{"$i":"accessibility-figure","$v":"figur"},{"$i":"accessibility-definitionlist","$v":"definitionslista "},{"$i":"accessibility-term","$v":"term"},{"$i":"accessibility-definition","$v":"definition"},{"$i":"accessibility-textarea","$v":"textområde"},{"$i":"accessibility-textInputType_date","$v":"datum"},{"$i":"accessibility-textInputType_email","$v":"e-post"},{"$i":"accessibility-textInputType_search","$v":"sök"},{"$i":"accessibility-textInputType_tel","$v":"telefon"},{"$i":"accessibility-textInputType_url","$v":"URL"},{"$i":"accessibility-headingLevel","$v":["rubriksnivå ",{"t":"idOrVar","v":"0"}]},{"$i":"accessibility-listStart","$v":"Första objektet"},{"$i":"accessibility-listEnd","$v":"Sista objektet"},{"$i":"accessibility-listItemsCount","$v":{"zero":[{"t":"idOrVar","v":"count"}," objekt"],"one":[{"t":"idOrVar","v":"count"}," objekt"],"two":[{"t":"idOrVar","v":"count"}," objekt"],"few":[{"t":"idOrVar","v":"count"}," objekt"],"many":[{"t":"idOrVar","v":"count"}," objekt"],"other":[{"t":"idOrVar","v":"count"}," objekt"]},"$x":[{"t":"idOrVar","v":"plural"},"count"]},{"$i":"accessibility-objItemOfN","$v":[{"t":"idOrVar","v":"0"}," av ",{"t":"idOrVar","v":"1"}]},{"$i":"accessibility-banner","$v":"banner"},{"$i":"accessibility-complementary","$v":"komplement"},{"$i":"accessibility-contentinfo","$v":"innehållsinfo"},{"$i":"accessibility-main","$v":"allmänt"},{"$i":"accessibility-navigation","$v":"navigation"},{"$i":"accessibility-search","$v":"sök"},{"$i":"accessibility-tblColumnInfo","$v":{"zero":["med ",{"t":"idOrVar","v":"count"}," kolumner"],"one":["med ",{"t":"idOrVar","v":"count"}," kolumn"],"two":["med ",{"t":"idOrVar","v":"count"}," kolumner"],"few":["med ",{"t":"idOrVar","v":"count"}," kolumner"],"many":["med ",{"t":"idOrVar","v":"count"}," kolumner"],"other":["med ",{"t":"idOrVar","v":"count"}," kolumner"]},"$x":[{"t":"idOrVar","v":"plural"},"count"]},{"$i":"accessibility-tblRowInfo","$v":{"zero":["och ",{"t":"idOrVar","v":"count"}," rader"],"one":["och ",{"t":"idOrVar","v":"count"}," rad"],"two":["och ",{"t":"idOrVar","v":"count"}," rader"],"few":["och ",{"t":"idOrVar","v":"count"}," rader"],"many":["och ",{"t":"idOrVar","v":"count"}," rader"],"other":["och ",{"t":"idOrVar","v":"count"}," rader"]},"$x":[{"t":"idOrVar","v":"plural"},"count"]},{"$i":"accessibility-columnInfo","$v":["Kolumn ",{"t":"idOrVar","v":"0"}]},{"$i":"accessibility-rowInfo","$v":["Rad ",{"t":"idOrVar","v":"0"}]},{"$i":"accessibility-spansColumns","$v":{"zero":["omfattar ",{"t":"idOrVar","v":"0"}," kolumner"],"one":["omfattar ",{"t":"idOrVar","v":"0"}," kolumn"],"two":["omfattar ",{"t":"idOrVar","v":"0"}," kolumner"],"few":["omfattar ",{"t":"idOrVar","v":"0"}," kolumner"],"many":["omfattar ",{"t":"idOrVar","v":"0"}," kolumner"],"other":["omfattar ",{"t":"idOrVar","v":"0"}," kolumner"]},"$x":[{"t":"idOrVar","v":"plural"},"0"]},{"$i":"accessibility-spansRows","$v":{"zero":["omfattar ",{"t":"idOrVar","v":"0"}," rader"],"one":["omfattar ",{"t":"idOrVar","v":"0"}," rad"],"two":["omfattar ",{"t":"idOrVar","v":"0"}," rader"],"few":["omfattar ",{"t":"idOrVar","v":"0"}," rader"],"many":["omfattar ",{"t":"idOrVar","v":"0"}," rader"],"other":["omfattar ",{"t":"idOrVar","v":"0"}," rader"]},"$x":[{"t":"idOrVar","v":"plural"},"0"]},{"$i":"accessibility-jumpAction","$v":"förflyttad"},{"$i":"accessibility-pressAction","$v":"nedtryckt"},{"$i":"accessibility-checkAction","$v":"markerad"},{"$i":"accessibility-uncheckAction","$v":"omarkerad"},{"$i":"accessibility-selectAction","$v":"vald"},{"$i":"accessibility-unselectAction","$v":"ej vald"},{"$i":"accessibility-openAction","$v":"öppnad"},{"$i":"accessibility-closeAction","$v":"stängd"},{"$i":"accessibility-switchAction","$v":"ändrad"},{"$i":"accessibility-clickAction","$v":"klickad"},{"$i":"accessibility-collapseAction","$v":"infälld"},{"$i":"accessibility-expandAction","$v":"utfälld"},{"$i":"accessibility-activateAction","$v":"aktiverad"},{"$i":"accessibility-cycleAction","$v":"omväxlad"},{"$i":"accessibility-hidden","$v":"dold"},{"$i":"accessibility-tabLoading","$v":"laddar"},{"$i":"accessibility-tabLoaded","$v":"laddad"},{"$i":"accessibility-tabNew","$v":"ny flik"},{"$i":"accessibility-tabLoadStopped","$v":"laddning avbruten"},{"$i":"accessibility-tabReload","$v":"ladda om"},{"$i":"accessibility-stateChecked","$v":"markerad"},{"$i":"accessibility-stateNotChecked","$v":"omarkerad"},{"$i":"accessibility-statePressed","$v":"nedtryckt"},{"$i":"accessibility-stateExpanded","$v":"utfälld"},{"$i":"accessibility-stateCollapsed","$v":"infälld"},{"$i":"accessibility-stateUnavailable","$v":"otillgänglig"},{"$i":"accessibility-stateRequired","$v":"begärd"},{"$i":"accessibility-stateTraversed","$v":"besökt"},{"$i":"accessibility-stateHasPopup","$v":"har popup"},{"$i":"accessibility-stateSelected","$v":"vald"},{"$i":"accessibility-editingMode","$v":"redigerar"},{"$i":"accessibility-navigationMode","$v":"navigerar"},{"$i":"accessibility-quicknav_Simple","$v":"Standard"},{"$i":"accessibility-quicknav_Anchor","$v":"Ankare"},{"$i":"accessibility-quicknav_Button","$v":"Knappar"},{"$i":"accessibility-quicknav_Combobox","$v":"Kombinationsrutor"},{"$i":"accessibility-quicknav_Landmark","$v":"Milstolpar"},{"$i":"accessibility-quicknav_Entry","$v":"Poster"},{"$i":"accessibility-quicknav_FormElement","$v":"Formulärfält"},{"$i":"accessibility-quicknav_Graphic","$v":"Bilder"},{"$i":"accessibility-quicknav_Heading","$v":"Rubriker"},{"$i":"accessibility-quicknav_ListItem","$v":"Listobjekt"},{"$i":"accessibility-quicknav_Link","$v":"Länkar"},{"$i":"accessibility-quicknav_List","$v":"Listor"},{"$i":"accessibility-quicknav_PageTab","$v":"Sidflikar"},{"$i":"accessibility-quicknav_RadioButton","$v":"Alternativknappar"},{"$i":"accessibility-quicknav_Separator","$v":"Avgränsare"},{"$i":"accessibility-quicknav_Table","$v":"Tabeller"},{"$i":"accessibility-quicknav_Checkbox","$v":"Kryssrutor"},{"$i":"accessibility-menubarAbbr","$v":"menyrad"},{"$i":"accessibility-scrollbarAbbr","$v":"rullningslist"},{"$i":"accessibility-gripAbbr","$v":"grepp"},{"$i":"accessibility-alertAbbr","$v":"avisering"},{"$i":"accessibility-menupopupAbbr","$v":"meny"},{"$i":"accessibility-documentAbbr","$v":"dokument"},{"$i":"accessibility-paneAbbr","$v":"fönster"},{"$i":"accessibility-dialogAbbr","$v":"dialog"},{"$i":"accessibility-separatorAbbr","$v":"avgränsare"},{"$i":"accessibility-toolbarAbbr","$v":"verktygsfält"},{"$i":"accessibility-statusbarAbbr","$v":"statusfält"},{"$i":"accessibility-tableAbbr","$v":"tab."},{"$i":"accessibility-columnheaderAbbr","$v":"kolumnrubrik"},{"$i":"accessibility-rowheaderAbbr","$v":"radrubrik"},{"$i":"accessibility-columnAbbr","$v":"kolumn"},{"$i":"accessibility-rowAbbr","$v":"rad"},{"$i":"accessibility-cellAbbr","$v":"cell"},{"$i":"accessibility-linkAbbr","$v":"lnk"},{"$i":"accessibility-listAbbr","$v":"lista"},{"$i":"accessibility-listitemAbbr","$v":"listobjekt"},{"$i":"accessibility-outlineAbbr","$v":"disposition"},{"$i":"accessibility-outlineitemAbbr","$v":"dispositionsobjekt"},{"$i":"accessibility-pagetabAbbr","$v":"sidflik"},{"$i":"accessibility-propertypageAbbr","$v":"egenskapssida"},{"$i":"accessibility-graphicAbbr","$v":"grafik"},{"$i":"accessibility-pushbuttonAbbr","$v":"knp"},{"$i":"accessibility-checkbuttonAbbr","$v":"kryssruta"},{"$i":"accessibility-radiobuttonAbbr","$v":"alternativknapp"},{"$i":"accessibility-comboboxAbbr","$v":"kombinationsruta"},{"$i":"accessibility-progressbarAbbr","$v":"förloppsindikator"},{"$i":"accessibility-sliderAbbr","$v":"skjutreglage"},{"$i":"accessibility-spinbuttonAbbr","$v":"rotationsknapp"},{"$i":"accessibility-diagramAbbr","$v":"diagram"},{"$i":"accessibility-animationAbbr","$v":"animation"},{"$i":"accessibility-equationAbbr","$v":"ekvation"},{"$i":"accessibility-buttonmenuAbbr","$v":"knappmeny"},{"$i":"accessibility-whitespaceAbbr","$v":"tomt utrymme"},{"$i":"accessibility-pagetablistAbbr","$v":"sidflikslista"},{"$i":"accessibility-canvasAbbr","$v":"arbetsyta"},{"$i":"accessibility-checkmenuitemAbbr","$v":"kryssruta som menyobjekt"},{"$i":"accessibility-labelAbbr","$v":"etikett"},{"$i":"accessibility-passwordtextAbbr","$v":"lösenordstxt"},{"$i":"accessibility-radiomenuitemAbbr","$v":"alternativknapp som menyobjekt"},{"$i":"accessibility-textcontainerAbbr","$v":"textbehållare"},{"$i":"accessibility-togglebuttonAbbr","$v":"växlingsknapp"},{"$i":"accessibility-treetableAbbr","$v":"trädtabell"},{"$i":"accessibility-headerAbbr","$v":"sidhuvud"},{"$i":"accessibility-footerAbbr","$v":"sidfot"},{"$i":"accessibility-paragraphAbbr","$v":"paragraf"},{"$i":"accessibility-entryAbbr","$v":"post"},{"$i":"accessibility-captionAbbr","$v":"bildtext"},{"$i":"accessibility-headingAbbr","$v":"rubrik"},{"$i":"accessibility-sectionAbbr","$v":"sektion"},{"$i":"accessibility-formAbbr","$v":"formulär"},{"$i":"accessibility-comboboxlistAbbr","$v":"kombinationsrutelista"},{"$i":"accessibility-comboboxoptionAbbr","$v":"kombinationsrutealternativ"},{"$i":"accessibility-imagemapAbbr","$v":"bild"},{"$i":"accessibility-listboxoptionAbbr","$v":"listrutealternativ"},{"$i":"accessibility-listboxAbbr","$v":"listruta"},{"$i":"accessibility-flatequationAbbr","$v":"enkel ekvation"},{"$i":"accessibility-gridcellAbbr","$v":"rutnätscell"},{"$i":"accessibility-noteAbbr","$v":"anteckning"},{"$i":"accessibility-figureAbbr","$v":"fig"},{"$i":"accessibility-definitionlistAbbr","$v":"definitionslista"},{"$i":"accessibility-termAbbr","$v":"term"},{"$i":"accessibility-definitionAbbr","$v":"definition"},{"$i":"accessibility-textareaAbbr","$v":"txtomr"},{"$i":"accessibility-tblColumnInfoAbbr","$v":{"one":[{"t":"idOrVar","v":"count"},"k"],"two":[{"t":"idOrVar","v":"count"},"k"],"few":[{"t":"idOrVar","v":"count"},"k"],"many":[{"t":"idOrVar","v":"count"},"k"],"other":[{"t":"idOrVar","v":"count"},"k"]},"$x":[{"t":"idOrVar","v":"plural"},"count"]},{"$i":"accessibility-tblRowInfoAbbr","$v":{"one":[{"t":"idOrVar","v":"count"},"r"],"two":[{"t":"idOrVar","v":"count"},"r"],"few":[{"t":"idOrVar","v":"count"},"r"],"many":[{"t":"idOrVar","v":"count"},"r"],"other":[{"t":"idOrVar","v":"count"},"r"]},"$x":[{"t":"idOrVar","v":"plural"},"count"]},{"$i":"accessibility-cellInfoAbbr","$v":["k",{"t":"idOrVar","v":"0"},"r",{"t":"idOrVar","v":"1"}]},{"$i":"accessibility-stateCheckedAbbr","$v":"(x)"},{"$i":"accessibility-stateUncheckedAbbr","$v":"( )"},{"$i":"accessibility-statePressedAbbr","$v":"(x)"},{"$i":"accessibility-stateUnpressedAbbr","$v":"( )"},{"$i":"accessibility-pushbutton-hint","$v":"Dubbeltryck för att aktivera"},{"$i":"accessibility-checkbutton-hint","$v":"Dubbeltryck för att aktivera"},{"$i":"accessibility-combobox-hint","$v":"Dubbeltryck för att aktivera"},{"$i":"accessibility-key-hint","$v":"Tryck och håll för att aktivera"},{"$i":"accessibility-link-hint","$v":"Dubbeltryck för att aktivera"},{"$i":"accessibility-menuitem-hint","$v":"Dubbeltryck för att aktivera"},{"$i":"accessibility-option-hint","$v":"Dubbeltryck för att aktivera"},{"$i":"accessibility-radiobutton-hint","$v":"Dubbeltryck för att aktivera"},{"$i":"accessibility-slider-hint","$v":"Svep uppåt för att öka eller nedåt för att minska"},{"$i":"accessibility-spinbutton-hint","$v":"Svep uppåt för att öka eller nedåt för att minska"},{"$i":"accessibility-pagetab-hint","$v":"Dubbeltryck för att aktivera"},{"$i":"accessibility-entry-hint","$v":"Dubbeltryck för att aktivera"},{"$i":"accessibility-outlineitem-hint","$v":"Dubbeltryck för att aktivera"},{"$i":"weekday-0-long","$v":"Söndag"},{"$i":"weekday-1-long","$v":"Måndag"},{"$i":"weekday-2-long","$v":"Tisdag"},{"$i":"weekday-3-long","$v":"Onsdag"},{"$i":"weekday-4-long","$v":"Torsdag"},{"$i":"weekday-5-long","$v":"Fredag"},{"$i":"weekday-6-long","$v":"Lördag"},{"$i":"weekday-0-short","$v":"Sön"},{"$i":"weekday-1-short","$v":"Mån"},{"$i":"weekday-2-short","$v":"Tis"},{"$i":"weekday-3-short","$v":"Ons"},{"$i":"weekday-4-short","$v":"Tor"},{"$i":"weekday-5-short","$v":"Fre"},{"$i":"weekday-6-short","$v":"Lör"},{"$i":"month-0-long","$v":"Januari"},{"$i":"month-1-long","$v":"Februari"},{"$i":"month-2-long","$v":"Mars"},{"$i":"month-3-long","$v":"April"},{"$i":"month-4-long","$v":"Maj"},{"$i":"month-5-long","$v":"Juni"},{"$i":"month-6-long","$v":"Juli"},{"$i":"month-7-long","$v":"Augusti"},{"$i":"month-8-long","$v":"September"},{"$i":"month-9-long","$v":"Oktober"},{"$i":"month-10-long","$v":"November"},{"$i":"month-11-long","$v":"December"},{"$i":"month-0-genitive","$v":"Januari"},{"$i":"month-1-genitive","$v":"Februari"},{"$i":"month-2-genitive","$v":"Mars"},{"$i":"month-3-genitive","$v":"April"},{"$i":"month-4-genitive","$v":"Maj"},{"$i":"month-5-genitive","$v":"Juni"},{"$i":"month-6-genitive","$v":"Juli"},{"$i":"month-7-genitive","$v":"Augusti"},{"$i":"month-8-genitive","$v":"September"},{"$i":"month-9-genitive","$v":"Oktober"},{"$i":"month-10-genitive","$v":"November"},{"$i":"month-11-genitive","$v":"December"},{"$i":"month-0-short","$v":"Jan"},{"$i":"month-1-short","$v":"Feb"},{"$i":"month-2-short","$v":"Mar"},{"$i":"month-3-short","$v":"Apr"},{"$i":"month-4-short","$v":"Maj"},{"$i":"month-5-short","$v":"Jun"},{"$i":"month-6-short","$v":"Jul"},{"$i":"month-7-short","$v":"Aug"},{"$i":"month-8-short","$v":"Sep"},{"$i":"month-9-short","$v":"Okt"},{"$i":"month-10-short","$v":"Nov"},{"$i":"month-11-short","$v":"Dec"},{"$i":"minutes-ago-long","$v":{"zero":"nyss","one":"en minut sen","two":[{"t":"idOrVar","v":"value"}," minuter sen"],"few":[{"t":"idOrVar","v":"value"}," minuter sen"],"many":[{"t":"idOrVar","v":"value"}," minuter sen"],"other":[{"t":"idOrVar","v":"value"}," minuter sen"]},"$x":[{"t":"idOrVar","v":"plural"},"value"]},{"$i":"hours-ago-long","$v":{"zero":"nyss","one":"en timme sen","two":[{"t":"idOrVar","v":"value"}," timmar sen"],"few":[{"t":"idOrVar","v":"value"}," timmar sen"],"many":[{"t":"idOrVar","v":"value"}," timmar sen"],"other":[{"t":"idOrVar","v":"value"}," timmar sen"]},"$x":[{"t":"idOrVar","v":"plural"},"value"]},{"$i":"days-ago-long","$v":{"zero":"idag","one":"igår","two":[{"t":"idOrVar","v":"value"}," dagar sen"],"few":[{"t":"idOrVar","v":"value"}," dagar sen"],"many":[{"t":"idOrVar","v":"value"}," dagar sen"],"other":[{"t":"idOrVar","v":"value"}," dagar sen"]},"$x":[{"t":"idOrVar","v":"plural"},"value"]},{"$i":"weeks-ago-long","$v":{"zero":"denna vecka","one":"förra veckan","two":[{"t":"idOrVar","v":"value"}," veckor sen"],"few":[{"t":"idOrVar","v":"value"}," veckor sen"],"many":[{"t":"idOrVar","v":"value"}," veckor sen"],"other":[{"t":"idOrVar","v":"value"}," veckor sen"]},"$x":[{"t":"idOrVar","v":"plural"},"value"]},{"$i":"months-ago-long","$v":{"zero":"denna månad","one":"förra månaden","two":[{"t":"idOrVar","v":"value"}," månader sen"],"few":[{"t":"idOrVar","v":"value"}," månader sen"],"many":[{"t":"idOrVar","v":"value"}," månader sen"],"other":[{"t":"idOrVar","v":"value"}," månader sen"]},"$x":[{"t":"idOrVar","v":"plural"},"value"]},{"$i":"years-ago-long","$v":{"zero":"detta år","one":"förra året","two":[{"t":"idOrVar","v":"value"}," år sen"],"few":[{"t":"idOrVar","v":"value"}," år sen"],"many":[{"t":"idOrVar","v":"value"}," år sen"],"other":[{"t":"idOrVar","v":"value"}," år sen"]},"$x":[{"t":"idOrVar","v":"plural"},"value"]},{"$i":"minutes-until-long","$v":{"zero":"nu","one":"om en minut","two":["om ",{"t":"idOrVar","v":"value"}," minuter"],"few":["om ",{"t":"idOrVar","v":"value"}," minuter"],"many":["om ",{"t":"idOrVar","v":"value"}," minuter"],"other":["om ",{"t":"idOrVar","v":"value"}," minuter"]},"$x":[{"t":"idOrVar","v":"plural"},"value"]},{"$i":"hours-until-long","$v":{"zero":"nu","one":"om en timme","two":["om ",{"t":"idOrVar","v":"value"}," timmar"],"few":["om ",{"t":"idOrVar","v":"value"}," timmar"],"many":["om ",{"t":"idOrVar","v":"value"}," timmar"],"other":["om ",{"t":"idOrVar","v":"value"}," timmar"]},"$x":[{"t":"idOrVar","v":"plural"},"value"]},{"$i":"days-until-long","$v":{"zero":"idag","one":"imorgon","two":["om ",{"t":"idOrVar","v":"value"}," dagar"],"few":["om ",{"t":"idOrVar","v":"value"}," dagar"],"many":["om ",{"t":"idOrVar","v":"value"}," dagar"],"other":["om ",{"t":"idOrVar","v":"value"}," dagar"]},"$x":[{"t":"idOrVar","v":"plural"},"value"]},{"$i":"weeks-until-long","$v":{"zero":"denna vecka","one":"nästa vecka","two":["om ",{"t":"idOrVar","v":"value"}," veckor"],"few":["om ",{"t":"idOrVar","v":"value"}," veckor"],"many":["om ",{"t":"idOrVar","v":"value"}," veckor"],"other":["om ",{"t":"idOrVar","v":"value"}," veckor"]},"$x":[{"t":"idOrVar","v":"plural"},"value"]},{"$i":"months-until-long","$v":{"zero":"denna månad","one":"nästa månad","two":["om ",{"t":"idOrVar","v":"value"}," månader"],"few":["om ",{"t":"idOrVar","v":"value"}," månader"],"many":["om ",{"t":"idOrVar","v":"value"}," månader"],"other":["om ",{"t":"idOrVar","v":"value"}," månader"]},"$x":[{"t":"idOrVar","v":"plural"},"value"]},{"$i":"years-until-long","$v":{"zero":"detta år","one":"nästa år","two":["om ",{"t":"idOrVar","v":"value"}," år"],"few":["om ",{"t":"idOrVar","v":"value"}," år"],"many":["om ",{"t":"idOrVar","v":"value"}," år"],"other":["om ",{"t":"idOrVar","v":"value"}," år"]},"$x":[{"t":"idOrVar","v":"plural"},"value"]},{"$i":"minutes-ago-short","$v":{"zero":"nyss","other":[{"t":"idOrVar","v":"value"}," min sen"]},"$x":[{"t":"idOrVar","v":"plural"},"value"]},{"$i":"hours-ago-short","$v":{"zero":"nyss","other":[{"t":"idOrVar","v":"value"}," tim. sen"]},"$x":[{"t":"idOrVar","v":"plural"},"value"]},{"$i":"days-ago-short","$v":{"zero":"idag","other":[{"t":"idOrVar","v":"value"}," dygn sen"]},"$x":[{"t":"idOrVar","v":"plural"},"value"]},{"$i":"minutes-until-short","$v":{"zero":"nu","other":["om ",{"t":"idOrVar","v":"value"}," min"]},"$x":[{"t":"idOrVar","v":"plural"},"value"]},{"$i":"hours-until-short","$v":{"zero":"nu","other":["om ",{"t":"idOrVar","v":"value"}," tim."]},"$x":[{"t":"idOrVar","v":"plural"},"value"]},{"$i":"days-until-short","$v":{"zero":"idag","other":["om ",{"t":"idOrVar","v":"value"}," dygn"]},"$x":[{"t":"idOrVar","v":"plural"},"value"]},{"$i":"incorrectDate","$v":"(felaktigt datum)"},{"$i":"dateTimeFormat_%c","$v":"%a %e %b %Y %H:%M:%S"},{"$i":"dateTimeFormat_%x","$v":"%d/%m/%Y"},{"$i":"dateTimeFormat_%X","$v":"%H:%M:%S"},{"$i":"shortTimeFormat","$v":"%H:%M"},{"$i":"shortTimeFormat12","$v":"%I:%M %p"},{"$i":"shortTimeFormat24","$v":"%H:%M"},{"$i":"shortDateTimeFormat","$v":"%x %H:%M"},{"$i":"weekStartsOnMonday","$v":"1"},{"$i":"firstDayOfTheWeek","$v":"1"},{"$i":"time_am","$v":"AM"},{"$i":"time_pm","$v":"PM"},{"$i":"title-app","$v":"App-rättigheter"},{"$i":"title-web","$v":"Webbplatsrättigheter"},{"$i":"title-cam","$v":"Välj kamera"},{"$i":"perm-alarms","$v":"Schemalägga alarm"},{"$i":"perm-audio-capture","$v":"Mikrofon"},{"$i":"perm-audio-capture-appRequest","$v":["Vill du dela din mikrofon med ",{"t":"idOrVar","v":"app"},"?"]},{"$i":"perm-audio-capture-webRequest","$v":["Vill du dela din mikrofon med ",{"t":"idOrVar","v":"site"},"?"]},{"$i":"perm-audio-channel-content","$v":"Spela ljud"},{"$i":"perm-audio-channel-notification","$v":"Spela aviseringsljud"},{"$i":"perm-audio-channel-ringer","$v":"Spela ringsignalsljud"},{"$i":"perm-background-sensors","$v":"Åtkomst till sensordata"},{"$i":"perm-bluetooth","$v":"Bluetooth"},{"$i":"perm-browser","$v":"Inspektera Webbsidor"},{"$i":"perm-camera","$v":"Kameror"},{"$i":"perm-camera-selector-appRequest","$v":["Välj en kamera för ",{"t":"idOrVar","v":"app"},"."]},{"$i":"perm-camera-selector-webRequest","$v":["Välj en kamera för ",{"t":"idOrVar","v":"site"},"."]},{"$i":"perm-camera-appRequest","$v":[{"t":"idOrVar","v":"app"}," vill använda kameran."]},{"$i":"perm-camera-webRequest","$v":[{"t":"idOrVar","v":"site"}," vill använda kameran."]},{"$i":"perm-cellbroadcast","$v":"Operatörsinfo"},{"$i":"perm-contacts","$v":"Kontakter"},{"$i":"perm-contacts-appRequest","$v":[{"t":"idOrVar","v":"app"}," vill komma åt din kontaktlista."]},{"$i":"perm-contacts-webRequest","$v":[{"t":"idOrVar","v":"site"}," vill komma åt din kontaktlista."]},{"$i":"perm-desktop-notification","$v":"Aviseringar"},{"$i":"perm-desktop-notification-appRequest","$v":[{"t":"idOrVar","v":"app"}," vill visa aviseringar."]},{"$i":"perm-desktop-notification-webRequest","$v":[{"t":"idOrVar","v":"site"}," vill visa aviseringar."]},{"$i":"perm-device-storage-apps","$v":"Appar"},{"$i":"perm-device-storage-music","$v":"Musik"},{"$i":"perm-device-storage-music-appRequest","$v":[{"t":"idOrVar","v":"app"}," vill komma åt din musik."]},{"$i":"perm-device-storage-music-webRequest","$v":[{"t":"idOrVar","v":"site"}," vill komma åt din musik."]},{"$i":"perm-device-storage-pictures","$v":"Bilder"},{"$i":"perm-device-storage-pictures-appRequest","$v":[{"t":"idOrVar","v":"app"}," vill komma åt dina bilder."]},{"$i":"perm-device-storage-pictures-webRequest","$v":[{"t":"idOrVar","v":"site"}," vill komma åt dina bilder."]},{"$i":"perm-device-storage-sdcard","$v":"Minneskort"},{"$i":"perm-device-storage-sdcard-appRequest","$v":[{"t":"idOrVar","v":"app"}," vill komma åt minneskortet."]},{"$i":"perm-device-storage-sdcard-webRequest","$v":[{"t":"idOrVar","v":"site"}," vill komma åt minneskortet."]},{"$i":"perm-device-storage-videos","$v":"Videor"},{"$i":"perm-device-storage-videos-appRequest","$v":[{"t":"idOrVar","v":"app"}," vill komma åt dina videor."]},{"$i":"perm-device-storage-videos-webRequest","$v":[{"t":"idOrVar","v":"site"}," vill komma åt dina videor."]},{"$i":"perm-embed-apps","$v":"Inbäddade appar"},{"$i":"perm-fmradio","$v":"FM-radio"},{"$i":"perm-fmradio-appRequest","$v":[{"t":"idOrVar","v":"app"}," vill använda FM-radio."]},{"$i":"perm-fmradio-webRequest","$v":[{"t":"idOrVar","v":"site"}," vill använda FM-radio."]},{"$i":"perm-geolocation","$v":"Geolokalisering"},{"$i":"perm-geolocation-appRequest","$v":[{"t":"idOrVar","v":"app"}," vill veta din position."]},{"$i":"perm-geolocation-more-info","$v":[{"t":"idOrVar","v":"brandShortName"}," använder data såsom GPS, Wi-Fi och mobila nätverk för att avgöra din ungefärliga position. Data skickas till Mozilla och andra tjänsteleverantörer och kommer att användas för att förbättra dessa databaser. Data kan lagras på enheten och datainsamling kan förekomma även om inga appar körs."]},{"$i":"perm-geolocation-webRequest","$v":[{"t":"idOrVar","v":"site"}," vill veta din position."]},{"$i":"perm-idle","$v":"Se viloläge"},{"$i":"perm-indexedDB-chrome-settings","$v":"Privilegierad IndexedDB"},{"$i":"perm-indexedDB-unlimited","$v":"Obegränsad IndexedDB-lagring"},{"$i":"perm-input-manage","$v":"Hantera tangentbord"},{"$i":"perm-input","$v":"Fungera som ett tangentbord"},{"$i":"perm-media-capture","$v":"Kamera och mikrofon"},{"$i":"perm-media-capture-appRequest","$v":["Vill du dela din kamera och mikrofon med ",{"t":"idOrVar","v":"app"},"?"]},{"$i":"perm-media-capture-webRequest","$v":["Vill du dela din kamera och mikrofon med ",{"t":"idOrVar","v":"site"},"?"]},{"$i":"perm-mobileconnection","$v":"Mobil anslutning"},{"$i":"perm-mobileid","$v":"Mobil identitet"},{"$i":"perm-network-events","$v":"Nätverkshändelser"},{"$i":"perm-open-remote-window","$v":"Starta en app"},{"$i":"perm-permissions","$v":"Ändra App-rättigheter"},{"$i":"perm-power","$v":"Ströminställningar"},{"$i":"perm-settings","$v":"Ändra inställningar"},{"$i":"perm-systemXHR","$v":"Cross-Origin förfrågningar"},{"$i":"perm-telephony","$v":"Telefoni"},{"$i":"perm-video-capture","$v":"Kamera"},{"$i":"perm-video-capture-appRequest","$v":["Vill du dela din kamera med ",{"t":"idOrVar","v":"app"},"?"]},{"$i":"perm-video-capture-webRequest","$v":["Vill du dela din kamera med ",{"t":"idOrVar","v":"site"},"?"]},{"$i":"perm-voicemail","$v":"Styr röstbrevlåda"},{"$i":"perm-webapps-manage","$v":"Installera Webbappar"},{"$i":"perm-wifi-manage","$v":"Hantera Wi-Fi"},{"$i":"perm-attention","$v":"Öppna överlagringspopuper"},{"$i":"perm-audio-channel-alarm","$v":"Spela alarmljud"},{"$i":"perm-audio-channel-normal","$v":"Spela ljud"},{"$i":"perm-audio-channel-publicnotification","$v":"Spela publika aviseringsljud"},{"$i":"perm-audio-channel-telephony","$v":"Spela Telefoniljud"},{"$i":"perm-backgroundservice","$v":"Fungera som en bakgrundstjänst"},{"$i":"perm-device-storage-crashes","$v":"Kraschar datalagring"},{"$i":"perm-downloads","$v":"Nedladdningsåtkomst"},{"$i":"perm-embed-widgets","$v":"Inbäddade widgetar"},{"$i":"perm-feature-detection","$v":"Funktionsdetektering"},{"$i":"perm-firefox-accounts","$v":"Firefox-konton"},{"$i":"perm-mobilenetwork","$v":"Mobilnät"},{"$i":"perm-moz-attention","$v":"Öppna överlagringspopuper (moz)"},{"$i":"perm-moz-audio-channel-ringer","$v":"Spela ringsignalsljud (moz)"},{"$i":"perm-moz-audio-channel-telephony","$v":"Spela telefoniljud (moz)"},{"$i":"perm-moz-firefox-accounts","$v":"Firefox-konton (moz)"},{"$i":"perm-networkstats-manage","$v":"Kontrollera användningsstatistik"},{"$i":"perm-nfc","$v":"NFC"},{"$i":"perm-nfc-hci-events","$v":"NFC HCI händelser"},{"$i":"perm-nfc-manager","$v":"Hantera NFC"},{"$i":"perm-phonenumberservice","$v":"Telefonnummerservice"},{"$i":"perm-push","$v":"Push API"},{"$i":"perm-resourcestats-manage","$v":"Resursstatistik"},{"$i":"perm-sms","$v":"Skicka och läsa SMS"},{"$i":"perm-speaker-control","$v":"Kontrollera volym"},{"$i":"perm-storage","$v":"Lagringsåtkomst"},{"$i":"perm-tcp-socket","$v":"TCP Sockets"},{"$i":"perm-test-permission","$v":"Testa rättigheter"},{"$i":"perm-time","$v":"Ange datum och tid"},{"$i":"perm-udp-socket","$v":"UDP Sockets"},{"$i":"perm-wappush","$v":"WAP Push"},{"$i":"stopped_download_title","$v":"Nedladdning stoppad"},{"$i":"stopped_download_message","$v":"Nedladdning stoppades. Försök att ladda ner igen?"},{"$i":"stopped_download_left_button","$v":"Avbryt"},{"$i":"stopped_download_right_button","$v":"Försök igen"},{"$i":"failed_download_title","$v":"Nerladdning misslyckades"},{"$i":"failed_download_message","$v":[{"t":"idOrVar","v":"name"}," misslyckades att laddas ner. Försök att ladda ner igen?"]},{"$i":"failed_download_left_button","$v":"Avbryt"},{"$i":"failed_download_right_button","$v":"Försök igen"},{"$i":"stop_download_title","$v":"Avbryt nedladdning"},{"$i":"stop_download_message","$v":"Är du säker på att du vill avbryta nedladdning?"},{"$i":"stop_download_left_button","$v":"Nej"},{"$i":"stop_download_right_button","$v":"Ja"},{"$i":"delete_download_title","$v":"Ta bort"},{"$i":"delete_download_message","$v":["Ta bort ",{"t":"idOrVar","v":"name"},"?"]},{"$i":"delete_download_left_button","$v":"Avbryt"},{"$i":"delete_download_right_button","$v":"Ta bort"},{"$i":"delete_all_download_title","$v":"Ta bort"},{"$i":"delete_all_download_left_button","$v":"Avbryt"},{"$i":"delete_all_download_right_button","$v":"Ta bort"},{"$i":"delete_all_download_message","$v":{"zero":"Ta bort inga filer?","one":"Ta bort en fil?","two":["Ta bort ",{"t":"idOrVar","v":"number"}," filer?"],"few":["Ta bort ",{"t":"idOrVar","v":"number"}," filer?"],"many":["Ta bort ",{"t":"idOrVar","v":"number"}," filer?"],"other":["Ta bort ",{"t":"idOrVar","v":"number"}," filer?"]},"$x":[{"t":"idOrVar","v":"plural"},"number"]},{"$i":"unsupported_file_type_download_title","$v":"Kan inte öppna"},{"$i":"unsupported_file_type_download_message","$v":["Det finns ingen app som kan öppna ",{"t":"idOrVar","v":"name"},". Vill du spara eller ta bort den?"]},{"$i":"unsupported_file_type_download_left_button","$v":"Behåll fil"},{"$i":"unsupported_file_type_download_right_button","$v":"Ta bort"},{"$i":"file_not_found_download_title","$v":"Filen hittades inte"},{"$i":"file_not_found_download_message","$v":"Filen hittades inte på enheten"},{"$i":"file_not_found_download_right_button","$v":"OK"},{"$i":"unmounted_sdcard_2_download_title","$v":"Minneskortet används"},{"$i":"unmounted_sdcard_2_download_message","$v":"Koppla ur telefonen"},{"$i":"unmounted_sdcard_2_download_right_button","$v":"OK"},{"$i":"no_provider_download_title","$v":"Kan inte dela"},{"$i":"no_provider_download_message","$v":"Ingen leverantör hittades"},{"$i":"no_provider_download_right_button","$v":"OK"},{"$i":"no_memory_download_title","$v":"Minneskortet är fullt"},{"$i":"no_memory_download_message","$v":"Det finns ingen mer plats på minneskortet för att spara din nedladdning. Ta bort några filer innan du startar om nedladdningen."},{"$i":"no_memory_download_right_button","$v":"OK"},{"$i":"no_sdcard_found_2_download_title","$v":"Inget minneskort hittades"},{"$i":"no_sdcard_found_2_download_message","$v":"Sätt i ett minneskort eller välj en annan standardplats för media i inställningar"},{"$i":"no_sdcard_found_2_download_right_button","$v":"OK"},{"$i":"file_open_error_download_title","$v":"Kan inte öppna"},{"$i":"file_open_error_download_message","$v":["Det uppstod ett problem med att öppna ",{"t":"idOrVar","v":"name"},". Vill du spara filen eller ta bort den?"]},{"$i":"file_open_error_download_left_button","$v":"Behåll fil"},{"$i":"file_open_error_download_right_button","$v":"Ta bort"},{"$i":"restart_download_error","$v":"Det uppstod ett fel när du startade om nedladdningen. Försök att ladda ner igen."},{"$i":"no-downloads","$v":"Inga nedladdningar"},{"$i":"percentage","$v":[{"t":"idOrVar","v":"percentage"}," %"]},{"$i":"partialResult","$v":[{"t":"idOrVar","v":"partial"}," av ",{"t":"idOrVar","v":"total"}]},{"$i":"summary","$v":[{"t":"idOrVar","v":"date"}," - ",{"t":"idOrVar","v":"status"}]},{"$i":"download-stopped","$v":"Stoppad"},{"$i":"download-failed","$v":"Nedladdning misslyckades"},{"$i":"open_downloaded_file","$v":"Öppna"},{"$i":"share_downloaded_file","$v":"Dela"},{"$i":"wallpaper_downloaded_file","$v":"Sätt som bakgrundsbild"},{"$i":"ringtone_downloaded_file","$v":"Sätt som ringsignal"},{"$i":"cancel_downloaded_file","$v":"Avbryt"},{"$i":"voicemailNoNumberTitle","$v":"Röstbrevlådan är inte tillgänglig"},{"$i":"voicemailNoNumberText","$v":"Kan inte ringa till röstbrevlådan. Konfigurera röstbrevlådan för att ringa samtalet."},{"$i":"voicemailNoNumberSettings","$v":"Inställningar"},{"$i":"voicemailNoNumberCancel","$v":"Avbryt"},{"$i":"airplaneMode","$v":"Flygplansläge"},{"$i":"searching","$v":"Söker…"},{"$i":"noNetwork","$v":"Inget nätverk"},{"$i":"roaming","$v":[{"t":"idOrVar","v":"operator"}," (Roaming)"]},{"$i":"operator-info","$v":[{"t":"idOrVar","v":"carrier"}," ",{"t":"idOrVar","v":"region"}]},{"$i":"emergencyCallsOnly","$v":"Endast nödsamtal"},{"$i":"emergencyCallsOnly-unknownSIMState","$v":"(okänt SIM-kortstillstånd)"},{"$i":"emergencyCallsOnly-noSIM","$v":"(inget SIM-kort)"},{"$i":"emergencyCallsOnly-pinRequired","$v":"(SIM-kortets PIN-kod krävs)"},{"$i":"emergencyCallsOnly-pukRequired","$v":"(SIM-kortets PUK-kod krävs)"},{"$i":"emergencyCallsOnly-networkLocked","$v":"(nätverkslåst)"},{"$i":"emergencyCallsOnly-serviceProviderLocked","$v":"(operatörslåst)"},{"$i":"emergencyCallsOnly-corporateLocked","$v":"(företagslåst)"},{"$i":"emergencyCallsOnly-network1Locked","$v":"(nätverk1 låst)"},{"$i":"emergencyCallsOnly-network2Locked","$v":"(nätverk2 låst)"},{"$i":"emergencyCallsOnly-hrpdNetworkLocked","$v":"(hrpd nätverkslåst)"},{"$i":"emergencyCallsOnly-ruimCorporateLocked","$v":"(ruim företagslåst)"},{"$i":"emergencyCallsOnly-ruimServiceProviderLocked","$v":"(ruim operatörslåst)"},{"$i":"lockscreen-sim-id","$v":["SIM ",{"t":"idOrVar","v":"n"}]},{"$i":"charging-no-time","$v":[{"t":"idOrVar","v":"level"},"% laddad"]},{"$i":"charging-minutes","$v":{"zero":[{"t":"idOrVar","v":"level"},"% laddad (",{"t":"idOrVar","v":"minutes"}," min kvar)"],"one":[{"t":"idOrVar","v":"level"},"% laddad (",{"t":"idOrVar","v":"minutes"}," min kvar)"],"two":[{"t":"idOrVar","v":"level"},"% laddad (",{"t":"idOrVar","v":"minutes"}," min kvar)"],"few":[{"t":"idOrVar","v":"level"},"% laddad (",{"t":"idOrVar","v":"minutes"}," min kvar)"],"many":[{"t":"idOrVar","v":"level"},"% laddad (",{"t":"idOrVar","v":"minutes"}," min kvar)"],"other":[{"t":"idOrVar","v":"level"},"% laddad (",{"t":"idOrVar","v":"minutes"}," min kvar)"]},"$x":[{"t":"idOrVar","v":"plural"},"minutes"]},{"$i":"charging-hours","$v":{"zero":[{"t":"idOrVar","v":"level"},"% laddad (",{"t":"idOrVar","v":"hours"},"h ",{"t":"idOrVar","v":"minutes"}," min kvar)"],"one":[{"t":"idOrVar","v":"level"},"% laddad (",{"t":"idOrVar","v":"hours"},"h ",{"t":"idOrVar","v":"minutes"}," min kvar)"],"two":[{"t":"idOrVar","v":"level"},"% laddad (",{"t":"idOrVar","v":"hours"},"h ",{"t":"idOrVar","v":"minutes"}," min kvar)"],"few":[{"t":"idOrVar","v":"level"},"% laddad (",{"t":"idOrVar","v":"hours"},"h ",{"t":"idOrVar","v":"minutes"}," min kvar)"],"many":[{"t":"idOrVar","v":"level"},"% laddad (",{"t":"idOrVar","v":"hours"},"h ",{"t":"idOrVar","v":"minutes"}," min kvar)"],"other":[{"t":"idOrVar","v":"level"},"% laddad (",{"t":"idOrVar","v":"hours"},"h ",{"t":"idOrVar","v":"minutes"}," min kvar)"]},"$x":[{"t":"idOrVar","v":"plural"},"minutes"]},{"$i":"gaia-menu-cancel","$v":"Avbryt"},{"$i":"resend","$v":"Skicka igen"},{"$i":"connecting","$v":"Ansluter"},{"$i":"verify","$v":"Verifiera"},{"$i":"verifying","$v":"Verifierar"},{"$i":"verified","$v":"Verifierad"},{"$i":"mobileIDExplanation","$v":[{"t":"idOrVar","v":"app_name"}," vill veta och verifiera ditt telefonnummer. Välj vilken du vill dela eller ange ett nytt."]},{"$i":"verificationCodeExplanation","$v":["Vi har skickat en kod till ",{"t":"idOrVar","v":"phone_number"},". Vi ska försöka hämta det automatiskt, men du måste skriva in det manuellt om det inte används i den här enheten."]},{"$i":"successMessage","$v":["Toppen! Ditt nummer ",{"t":"idOrVar","v":"phone_number"}," har nu verifierats och är tillgängligt för ",{"t":"idOrVar","v":"app_name"},"."]},{"$i":"serverErrorMessage","$v":"Verifieringsservern är inte tillgänglig för närvarande. Kontrollera din internetanslutning, försök igen eller vänta ett par minuter."},{"$i":"timeoutErrorMessage","$v":"Det verkar finnas ett problem med verifieringskoden. Låt oss försöka igen!"},{"$i":"errorTitle","$v":"Mobil identitet"},{"$i":"addPhoneNumber","$v":"Eller lägg till ditt telefonnummer"},{"$i":"selectPhoneNumber","$v":"Eller välj ett telefonnummer från listan"},{"$i":"network-error-in-app","$v":"Ingen åtkomst till internet för tillfället."},{"$i":"network-error-launching","$v":[{"t":"idOrVar","v":"name"}," kräver en internetanslutning."]},{"$i":"server-not-found","$v":"Servern hittades inte"},{"$i":"server-not-found-error","$v":["Kan inte hitta servern på ",{"t":"idOrVar","v":"name"},"."]},{"$i":"file-not-found","$v":"Filen hittades inte"},{"$i":"file-not-found-error","$v":"Enheten kan inte visa sidan eftersom filen inte kan hittas."},{"$i":"connection-failed","$v":"Kan inte ansluta"},{"$i":"connection-failed-error","$v":"Ett nätverksfel uppstod vid försök att nå sidan."},{"$i":"invalid-connection","$v":"Kan inte ansluta"},{"$i":"invalid-connection-error","$v":"Ett nätverksfel uppstod vid försök att nå sidan."},{"$i":"malformed-uri","$v":"Ogiltig URL"},{"$i":"malformed-uri-error","$v":"Adressen är ogiltig och kan inte laddas."},{"$i":"redirect-loop","$v":"Kan inte visa sidan"},{"$i":"redirect-loop-error","$v":"Enheten kan inte visa sidan eftersom sidan inte omdirigerar korrekt. Besök sidan igen vid ett senare tillfälle."},{"$i":"not-cached","$v":"Sidan har upphört"},{"$i":"not-cached-error","$v":"Som en säkerhetsåtgärd, denna sida kan inte visas av enheten eftersom sidan har upphört."},{"$i":"is-printing-error","$v":"Dokumentet kan inte ändras under utskrift eller förhandsgranskning."},{"$i":"denied-port-access","$v":"Adressen är begränsad"},{"$i":"denied-port-access-error","$v":"Adressen använder en nätverksport som normalt används för andra ändamål än surfning. Enheten har avbrutit begäran för att skydda dig."},{"$i":"proxy-resolve-failure","$v":"Proxy serverfel"},{"$i":"proxy-resolve-failure-error","$v":"Enheten är konfigurerad för att använda en proxyserver som inte kan hittas."},{"$i":"proxy-connect-failure","$v":"Proxy serverfel"},{"$i":"proxy-connect-failure-error","$v":"Enheten är konfigurerad för att använda en proxyserver som vägrar anslutningar."},{"$i":"content-encoding","$v":"Kan inte visa sidan"},{"$i":"content-encoding-error","$v":"Enheten kan inte visa sidan eftersom ett innehållskodningsfel uppstod."},{"$i":"remote-xul","$v":"Sidan stöds ej"},{"$i":"remote-xul-error","$v":"Sidan kan inte visas eftersom den använder en teknik som inte stöds av enheten."},{"$i":"phishing-blocked","$v":"Varning"},{"$i":"phishing-blocked-error","$v":"Webbplatsen har rapporterats som en förfalskning avsedd att lura användare att avslöja personlig eller ekonomisk information."},{"$i":"malware-blocked","$v":"Skadlig sida blockerad"},{"$i":"malware-blocked-error","$v":"Webbplatsen har rapporterats som skadlig och har blockerats."},{"$i":"unsafe-content-type","$v":"Osäkert innehåll"},{"$i":"unsafe-content-type-error","$v":"Sidan kan inte visas eftersom den kanske inte är säker att öppna."},{"$i":"corrupted-content","$v":"Kan inte visa sidan"},{"$i":"corrupted-content-error","$v":"Sidan kan inte visas på grund av ett fel upptäcktes i dataöverföringen."},{"$i":"try-again","$v":"Försök igen"},{"$i":"check-settings","$v":"Kontrollera inställningar"}]