[{"$i":"nospace2","$v":"‮Noʇ‬ ‮ǝuonƃɥ‬ ‮sdɐɔǝ‬ ‮ou‬ ‮ɯǝɯoɹʎ‬ ‮ɔɐɹp‬. ‮⊥ɹʎ‬ ‮ɟɹǝǝıuƃ‬ ‮nd‬ ‮sdɐɔǝ‬ ‮qʎ‬ ‮pǝʅǝʇıuƃ‬ ‮ɯǝpıɐ‬."},{"$i":"nospace2-title","$v":"‮Noʇ‬ ‮ǝuonƃɥ‬ ‮sdɐɔǝ‬ ‮ou‬ ‮ɯǝɯoɹʎ‬ ‮ɔɐɹp‬"},{"$i":"nospace2-text","$v":"‮⊥ɹʎ‬ ‮ɟɹǝǝıuƃ‬ ‮nd‬ ‮sdɐɔǝ‬ ‮qʎ‬ ‮pǝʅǝʇıuƃ‬ ‮ɯǝpıɐ‬."},{"$i":"error-saving","$v":"‮Ԁıɔʇnɹǝ‬ ‮uoʇ‬ ‮sɐʌǝp‬. ‮∀u‬ ‮ǝɹɹoɹ‬ ‮dɹǝʌǝuʇǝp‬ ‮Ↄɐɯǝɹɐ‬ ‮ɟɹoɯ‬ ‮sɐʌıuƃ‬ ‮ʇɥǝ‬ ‮dıɔʇnɹǝ‬."},{"$i":"error-video-file-path","$v":"‮Ʌıpǝo‬ ‮uoʇ‬ ‮ɹǝɔoɹpǝp‬. ‮Ǝɹɹoɹ‬ ‮ɔɹǝɐʇıuƃ‬ ‮ʌıpǝo‬ ‮ɟıʅǝ‬ ‮dɐʇɥ‬."},{"$i":"nocard2-title","$v":"‮No‬ ‮ɯǝɯoɹʎ‬ ‮ɔɐɹp‬ ‮ɟonup‬"},{"$i":"nocard3-text","$v":"‮Iusǝɹʇ‬ ‮ɐ‬ ‮ɯǝɯoɹʎ‬ ‮ɔɐɹp‬ ‮ʇo‬ ‮ʇɐʞǝ‬ ‮dıɔʇnɹǝs‬."},{"$i":"pluggedin2-title","$v":"‮Ↄɐɯǝɹɐ‬ ‮ɔɐu‬ ‮uoʇ‬ ‮qǝ‬ ‮nsǝp‬ ‮ʍɥıʅǝ‬ ‮dɥouǝ‬ ‮ıs‬ ‮dʅnƃƃǝp‬ ‮ıu‬"},{"$i":"pluggedin2-text","$v":"‮∩udʅnƃ‬ ‮ʇɥǝ‬ ‮dɥouǝ‬ ‮ʇo‬ ‮ɔɐdʇnɹǝ‬ ‮dɥoʇos‬ ‮ɐup‬ ‮ʌıpǝos‬"},{"$i":"storage-size-limit-reached","$v":"‮ʎon‬ ‮ɥɐʌǝ‬ ‮ɹnu‬ ‮onʇ‬ ‮oɟ‬ ‮ɯǝpıɐ‬ ‮sʇoɹɐƃǝ‬ ‮sdɐɔǝ‬."},{"$i":"activity-size-limit-reached","$v":"‮ʎon‬ ‮ɥɐʌǝ‬ ‮ɹǝɐɔɥǝp‬ ‮ʇɥǝ‬ ‮ɯɐxıɯnɯ‬ ‮ɟıʅǝ‬ ‮sızǝ‬ ‮ɟoɹ‬ ‮ʇɥıs‬ ‮ɐʇʇɐɔɥɯǝuʇ‬."},{"$i":"retake-button","$v":"‮ᴚǝʇɐʞǝ‬"},{"$i":"select-button","$v":"‮Sǝʅǝɔʇ‬"},{"$i":"close-button","$v":"‮Ↄʅosǝ‬"},{"$i":"delete-photo?","$v":"‮pǝʅǝʇǝ‬ ‮dɥoʇo‬?"},{"$i":"delete-video?","$v":"‮pǝʅǝʇǝ‬ ‮ʌıpǝo‬?"},{"$i":"cancel","$v":"‮Ↄɐuɔǝʅ‬"},{"$i":"delete","$v":"‮pǝʅǝʇǝ‬"},{"$i":"mp","$v":"‮WԀ‬"},{"$i":"camera-resolution","$v":"‮Ↄɐɯǝɹɐ‬ ‮ᴚǝsoʅnʇıou‬"},{"$i":"camera-resolution-header","$v":[{"t":"idOrVar","v":"camera-resolution"}]},{"$i":"video-resolution","$v":"‮Ʌıpǝo‬ ‮ᴚǝsoʅnʇıou‬"},{"$i":"video-resolution-header","$v":[{"t":"idOrVar","v":"video-resolution"}]},{"$i":"scene-mode","$v":"‮Sɔǝuǝ‬ ‮Wopǝ‬"},{"$i":"scene-mode-header","$v":[{"t":"idOrVar","v":"scene-mode"}]},{"$i":"self-timer","$v":"‮Sǝʅɟ‬-‮⊥ıɯǝɹ‬"},{"$i":"self-timer-header","$v":[{"t":"idOrVar","v":"self-timer"}]},{"$i":"self-timer-off","$v":"‮Oɟɟ‬"},{"$i":"self-timer-2-seconds","$v":"2 ‮sǝɔoups‬"},{"$i":"self-timer-5-seconds","$v":"5 ‮sǝɔoups‬"},{"$i":"self-timer-10-seconds","$v":"10 ‮sǝɔoups‬"},{"$i":"battery-shutdown-title","$v":"‮˥oʍ‬ ‮Ԑɐʇʇǝɹʎ‬"},{"$i":"battery-shutdown-text","$v":"‮⊥ɥǝ‬ ‮qɐʇʇǝɹʎ‬ ‮ıs‬ ‮ʇoo‬ ‮ʅoʍ‬ ‮ʇo‬ ‮nsǝ‬ ‮ʇɥǝ‬ ‮ɔɐɯǝɹɐ‬."},{"$i":"battery-critical-text","$v":"‮Ↄɹıʇıɔɐʅʅʎ‬ ‮ʅoʍ‬ ‮qɐʇʇǝɹʎ‬","ariaLabel":"‮Ↄɹıʇıɔɐʅʅʎ‬ ‮ʅoʍ‬ ‮qɐʇʇǝɹʎ‬"},{"$i":"battery-verylow-text","$v":"10% ‮qɐʇʇǝɹʎ‬ ‮ɹǝɯɐıuıuƃ‬","ariaLabel":"10% ‮qɐʇʇǝɹʎ‬ ‮ɹǝɯɐıuıuƃ‬"},{"$i":"battery-low-text","$v":"15% ‮qɐʇʇǝɹʎ‬ ‮ɹǝɯɐıuıuƃ‬","ariaLabel":"15% ‮qɐʇʇǝɹʎ‬ ‮ɹǝɯɐıuıuƃ‬"},{"$i":"camera-unavailable-title","$v":"‮Ↄɐɯǝɹɐ‬ ‮∩uɐʌɐıʅɐqʅǝ‬"},{"$i":"camera-unavailable-text","$v":"‮⊥ɥǝ‬ ‮ɔɐɯǝɹɐ‬ ‮ıs‬ ‮ıu‬ ‮nsǝ‬ ‮qʎ‬ ‮ɐuoʇɥǝɹ‬ ‮ɐdd‬."},{"$i":"hdr","$v":"‮Hpᴚ‬"},{"$i":"hdr-header","$v":[{"t":"idOrVar","v":"hdr"}]},{"$i":"hdr-on","$v":"‮Ou‬"},{"$i":"hdr-off","$v":"‮Oɟɟ‬"},{"$i":"hdr-deactivated","$v":"(‮Hpᴚ‬ ‮pǝɐɔʇıʌɐʇǝp‬)"},{"$i":"grid","$v":"‮פɹıp‬ ‮˥ıuǝs‬"},{"$i":"grid-header","$v":[{"t":"idOrVar","v":"grid"}]},{"$i":"grid-on","$v":"‮Ou‬"},{"$i":"grid-off","$v":"‮Oɟɟ‬"},{"$i":"flash","$v":"‮ɟʅɐsɥ‬"},{"$i":"flash-on","$v":"‮Ou‬"},{"$i":"flash-off","$v":"‮Oɟɟ‬"},{"$i":"flash-auto","$v":"‮∀nʇo‬"},{"$i":"flash-deactivated","$v":"(‮ɟʅɐsɥ‬ ‮pǝɐɔʇıʌɐʇǝp‬)"},{"$i":"Photo-Mode","$v":"‮Ԁɥoʇo‬ ‮Wopǝ‬"},{"$i":"Video-Mode","$v":"‮Ʌıpǝo‬ ‮Wopǝ‬"},{"$i":"options","$v":"‮Odʇıous‬"},{"$i":"open-gallery","$v":"‮Odǝu‬ ‮פɐʅʅǝɹʎ‬"},{"$i":"preview","$v":"‮Ԁɹǝʌıǝʍ‬"},{"$i":"close-menu-button","ariaLabel":"‮Ↄʅosǝ‬ ‮ɯǝun‬"},{"$i":"back-button","ariaLabel":"‮Ԑɐɔʞ‬"},{"$i":"setting-option","ariaLabel":{"$v":[{"t":"idOrVar","v":"value"}]}},{"$i":"setting-option-hdr","ariaLabel":{"$v":["‮Hpᴚ‬ ",{"t":"idOrVar","v":"value"}]}},{"$i":"setting-option-self-timer","ariaLabel":{"$v":["‮Sǝʅɟ‬-‮⊥ıɯǝɹ‬ ",{"t":"idOrVar","v":"value"}]}},{"$i":"setting-option-grid","ariaLabel":{"$v":["‮פɹıp‬ ‮˥ıuǝs‬ ",{"t":"idOrVar","v":"value"}]}},{"$i":"setting-option-camera-resolution","ariaLabel":{"$v":["‮Ԁıɔʇnɹǝ‬ ‮ᴚǝsoʅnʇıou‬ ",{"t":"idOrVar","v":"value"}]}},{"$i":"setting-option-video-resolution","ariaLabel":{"$v":["‮Ʌıpǝo‬ ‮ᴚǝsoʅnʇıou‬ ",{"t":"idOrVar","v":"value"}]}},{"$i":"flash-on-button","ariaLabel":"‮ɟʅɐsɥ‬ ‮Ou‬"},{"$i":"flash-off-button","ariaLabel":"‮ɟʅɐsɥ‬ ‮Oɟɟ‬"},{"$i":"flash-auto-button","ariaLabel":"‮ɟʅɐsɥ‬ ‮∀nʇo‬"},{"$i":"toggle-camera-rear-button","ariaLabel":"‮ᴚǝɐɹ‬ ‮ɔɐɯǝɹɐ‬"},{"$i":"toggle-camera-front-button","ariaLabel":"‮ɟɹouʇ‬ ‮ɔɐɯǝɹɐ‬"},{"$i":"menu-button","ariaLabel":"‮Wǝun‬"},{"$i":"preview-button","ariaLabel":"‮Ԁɹǝʌıǝʍ‬"},{"$i":"controls-button-close","ariaLabel":"‮Ↄʅosǝ‬"},{"$i":"share-button","ariaLabel":"‮Sɥɐɹǝ‬"},{"$i":"more-button","ariaLabel":"‮Woɹǝ‬"},{"$i":"media-frame","ariaLabel":{"$v":["‮ɟɹɐɯǝ‬ ",{"t":"idOrVar","v":"current"}," ‮oɟ‬ ",{"t":"idOrVar","v":"total"}]},"ariaMozHint":"‮Sʍıdǝ‬ ‮ʅǝɟʇ‬ ‮ʍıʇɥ‬ 2 ‮ɟıuƃǝɹs‬ ‮ʇo‬ ‮ɾnɯd‬ ‮ʇo‬ ‮uǝxʇ‬, ‮oɹ‬ ‮sʍıdǝ‬ ‮ɹıƃɥʇ‬ ‮ʇo‬ ‮ɾnɯd‬ ‮ʇo‬ ‮dɹǝʌıons‬"},{"$i":"capture-button","ariaLabel":"‮Ↄɐdʇnɹǝ‬"},{"$i":"stop-capture-button","ariaLabel":"‮Sʇod‬ ‮ɔɐdʇnɹǝ‬"},{"$i":"picture-mode-button","ariaLabel":"‮Sǝʇ‬ ‮Ʌıpǝo‬ ‮Wopǝ‬"},{"$i":"video-mode-button","ariaLabel":"‮Sǝʇ‬ ‮Ԁɥoʇo‬ ‮Wopǝ‬"},{"$i":"self-timer-indicator","ariaLabel":"‮Sǝʅɟ‬-‮⊥ıɯǝɹ‬ ‮ǝuɐqʅǝp‬"},{"$i":"hdr-indicator","ariaLabel":"‮Hpᴚ‬ ‮ǝuɐqʅǝp‬"},{"$i":"location-indicator","ariaLabel":"‮פǝoʅoɔɐʇıou‬ ‮ǝuɐqʅǝp‬"},{"$i":"battery-low-indicator","ariaLabel":"15% ‮qɐʇʇǝɹʎ‬ ‮ɹǝɯɐıuıuƃ‬"},{"$i":"battery-verylow-indicator","ariaLabel":"10% ‮qɐʇʇǝɹʎ‬ ‮ɹǝɯɐıuıuƃ‬"},{"$i":"battery-critical-indicator","ariaLabel":"‮Ↄɹıʇıɔɐʅʅʎ‬ ‮ʅoʍ‬ ‮qɐʇʇǝɹʎ‬"},{"$i":"weekday-0-long","$v":"‮Snupɐʎ‬"},{"$i":"weekday-1-long","$v":"‮Woupɐʎ‬"},{"$i":"weekday-2-long","$v":"‮⊥nǝspɐʎ‬"},{"$i":"weekday-3-long","$v":"‮Ｍǝpuǝspɐʎ‬"},{"$i":"weekday-4-long","$v":"‮⊥ɥnɹspɐʎ‬"},{"$i":"weekday-5-long","$v":"‮ɟɹıpɐʎ‬"},{"$i":"weekday-6-long","$v":"‮Sɐʇnɹpɐʎ‬"},{"$i":"weekday-0-short","$v":"‮Snu‬"},{"$i":"weekday-1-short","$v":"‮Wou‬"},{"$i":"weekday-2-short","$v":"‮⊥nǝ‬"},{"$i":"weekday-3-short","$v":"‮Ｍǝp‬"},{"$i":"weekday-4-short","$v":"‮⊥ɥn‬"},{"$i":"weekday-5-short","$v":"‮ɟɹı‬"},{"$i":"weekday-6-short","$v":"‮Sɐʇ‬"},{"$i":"month-0-long","$v":"‮ſɐunɐɹʎ‬"},{"$i":"month-1-long","$v":"‮ɟǝqɹnɐɹʎ‬"},{"$i":"month-2-long","$v":"‮Wɐɹɔɥ‬"},{"$i":"month-3-long","$v":"‮∀dɹıʅ‬"},{"$i":"month-4-long","$v":"‮Wɐʎ‬"},{"$i":"month-5-long","$v":"‮ſnuǝ‬"},{"$i":"month-6-long","$v":"‮ſnʅʎ‬"},{"$i":"month-7-long","$v":"‮∀nƃnsʇ‬"},{"$i":"month-8-long","$v":"‮Sǝdʇǝɯqǝɹ‬"},{"$i":"month-9-long","$v":"‮Oɔʇoqǝɹ‬"},{"$i":"month-10-long","$v":"‮Noʌǝɯqǝɹ‬"},{"$i":"month-11-long","$v":"‮pǝɔǝɯqǝɹ‬"},{"$i":"month-0-genitive","$v":"‮ſɐunɐɹʎ‬"},{"$i":"month-1-genitive","$v":"‮ɟǝqɹnɐɹʎ‬"},{"$i":"month-2-genitive","$v":"‮Wɐɹɔɥ‬"},{"$i":"month-3-genitive","$v":"‮∀dɹıʅ‬"},{"$i":"month-4-genitive","$v":"‮Wɐʎ‬"},{"$i":"month-5-genitive","$v":"‮ſnuǝ‬"},{"$i":"month-6-genitive","$v":"‮ſnʅʎ‬"},{"$i":"month-7-genitive","$v":"‮∀nƃnsʇ‬"},{"$i":"month-8-genitive","$v":"‮Sǝdʇǝɯqǝɹ‬"},{"$i":"month-9-genitive","$v":"‮Oɔʇoqǝɹ‬"},{"$i":"month-10-genitive","$v":"‮Noʌǝɯqǝɹ‬"},{"$i":"month-11-genitive","$v":"‮pǝɔǝɯqǝɹ‬"},{"$i":"month-0-short","$v":"‮ſɐu‬"},{"$i":"month-1-short","$v":"‮ɟǝq‬"},{"$i":"month-2-short","$v":"‮Wɐɹ‬"},{"$i":"month-3-short","$v":"‮∀dɹ‬"},{"$i":"month-4-short","$v":"‮Wɐʎ‬"},{"$i":"month-5-short","$v":"‮ſnu‬"},{"$i":"month-6-short","$v":"‮ſnʅ‬"},{"$i":"month-7-short","$v":"‮∀nƃ‬"},{"$i":"month-8-short","$v":"‮Sǝd‬"},{"$i":"month-9-short","$v":"‮Oɔʇ‬"},{"$i":"month-10-short","$v":"‮Noʌ‬"},{"$i":"month-11-short","$v":"‮pǝɔ‬"},{"$i":"minutes-ago-long","$v":{"zero":"‮ɾnsʇ‬ ‮uoʍ‬","one":"‮ɐ‬ ‮ɯıunʇǝ‬ ‮ɐƃo‬","two":[{"t":"idOrVar","v":"value"}," ‮ɯıunʇǝs‬ ‮ɐƃo‬"],"few":[{"t":"idOrVar","v":"value"}," ‮ɯıunʇǝs‬ ‮ɐƃo‬"],"many":[{"t":"idOrVar","v":"value"}," ‮ɯıunʇǝs‬ ‮ɐƃo‬"],"other":[{"t":"idOrVar","v":"value"}," ‮ɯıunʇǝs‬ ‮ɐƃo‬"]},"$x":[{"t":"idOrVar","v":"plural"},"value"]},{"$i":"hours-ago-long","$v":{"zero":"‮ɾnsʇ‬ ‮uoʍ‬","one":"‮ɐu‬ ‮ɥonɹ‬ ‮ɐƃo‬","two":[{"t":"idOrVar","v":"value"}," ‮ɥonɹs‬ ‮ɐƃo‬"],"few":[{"t":"idOrVar","v":"value"}," ‮ɥonɹs‬ ‮ɐƃo‬"],"many":[{"t":"idOrVar","v":"value"}," ‮ɥonɹs‬ ‮ɐƃo‬"],"other":[{"t":"idOrVar","v":"value"}," ‮ɥonɹs‬ ‮ɐƃo‬"]},"$x":[{"t":"idOrVar","v":"plural"},"value"]},{"$i":"days-ago-long","$v":{"zero":"‮ʇopɐʎ‬","one":"‮ʎǝsʇǝɹpɐʎ‬","two":[{"t":"idOrVar","v":"value"}," ‮pɐʎs‬ ‮ɐƃo‬"],"few":[{"t":"idOrVar","v":"value"}," ‮pɐʎs‬ ‮ɐƃo‬"],"many":[{"t":"idOrVar","v":"value"}," ‮pɐʎs‬ ‮ɐƃo‬"],"other":[{"t":"idOrVar","v":"value"}," ‮pɐʎs‬ ‮ɐƃo‬"]},"$x":[{"t":"idOrVar","v":"plural"},"value"]},{"$i":"weeks-ago-long","$v":{"zero":"‮ʇɥıs‬ ‮ʍǝǝʞ‬","one":"‮ʅɐsʇ‬ ‮ʍǝǝʞ‬","two":[{"t":"idOrVar","v":"value"}," ‮ʍǝǝʞs‬ ‮ɐƃo‬"],"few":[{"t":"idOrVar","v":"value"}," ‮ʍǝǝʞs‬ ‮ɐƃo‬"],"many":[{"t":"idOrVar","v":"value"}," ‮ʍǝǝʞs‬ ‮ɐƃo‬"],"other":[{"t":"idOrVar","v":"value"}," ‮ʍǝǝʞs‬ ‮ɐƃo‬"]},"$x":[{"t":"idOrVar","v":"plural"},"value"]},{"$i":"months-ago-long","$v":{"zero":"‮ʇɥıs‬ ‮ɯouʇɥ‬","one":"‮ʅɐsʇ‬ ‮ɯouʇɥ‬","two":[{"t":"idOrVar","v":"value"}," ‮ɯouʇɥs‬ ‮ɐƃo‬"],"few":[{"t":"idOrVar","v":"value"}," ‮ɯouʇɥs‬ ‮ɐƃo‬"],"many":[{"t":"idOrVar","v":"value"}," ‮ɯouʇɥs‬ ‮ɐƃo‬"],"other":[{"t":"idOrVar","v":"value"}," ‮ɯouʇɥs‬ ‮ɐƃo‬"]},"$x":[{"t":"idOrVar","v":"plural"},"value"]},{"$i":"years-ago-long","$v":{"zero":"‮ʇɥıs‬ ‮ʎǝɐɹ‬","one":"‮ʅɐsʇ‬ ‮ʎǝɐɹ‬","two":[{"t":"idOrVar","v":"value"}," ‮ʎǝɐɹs‬ ‮ɐƃo‬"],"few":[{"t":"idOrVar","v":"value"}," ‮ʎǝɐɹs‬ ‮ɐƃo‬"],"many":[{"t":"idOrVar","v":"value"}," ‮ʎǝɐɹs‬ ‮ɐƃo‬"],"other":[{"t":"idOrVar","v":"value"}," ‮ʎǝɐɹs‬ ‮ɐƃo‬"]},"$x":[{"t":"idOrVar","v":"plural"},"value"]},{"$i":"minutes-until-long","$v":{"zero":"‮uoʍ‬","one":"‮ıu‬ ‮ɐ‬ ‮ɯıunʇǝ‬","two":["‮ıu‬ ",{"t":"idOrVar","v":"value"}," ‮ɯıunʇǝs‬"],"few":["‮ıu‬ ",{"t":"idOrVar","v":"value"}," ‮ɯıunʇǝs‬"],"many":["‮ıu‬ ",{"t":"idOrVar","v":"value"}," ‮ɯıunʇǝs‬"],"other":["‮ıu‬ ",{"t":"idOrVar","v":"value"}," ‮ɯıunʇǝs‬"]},"$x":[{"t":"idOrVar","v":"plural"},"value"]},{"$i":"hours-until-long","$v":{"zero":"‮uoʍ‬","one":"‮ıu‬ ‮ɐu‬ ‮ɥonɹ‬","two":["‮ıu‬ ",{"t":"idOrVar","v":"value"}," ‮ɥonɹs‬"],"few":["‮ıu‬ ",{"t":"idOrVar","v":"value"}," ‮ɥonɹs‬"],"many":["‮ıu‬ ",{"t":"idOrVar","v":"value"}," ‮ɥonɹs‬"],"other":["‮ıu‬ ",{"t":"idOrVar","v":"value"}," ‮ɥonɹs‬"]},"$x":[{"t":"idOrVar","v":"plural"},"value"]},{"$i":"days-until-long","$v":{"zero":"‮ʇopɐʎ‬","one":"‮ʇoɯoɹɹoʍ‬","two":["‮ıu‬ ",{"t":"idOrVar","v":"value"}," ‮pɐʎs‬"],"few":["‮ıu‬ ",{"t":"idOrVar","v":"value"}," ‮pɐʎs‬"],"many":["‮ıu‬ ",{"t":"idOrVar","v":"value"}," ‮pɐʎs‬"],"other":["‮ıu‬ ",{"t":"idOrVar","v":"value"}," ‮pɐʎs‬"]},"$x":[{"t":"idOrVar","v":"plural"},"value"]},{"$i":"weeks-until-long","$v":{"zero":"‮ʇɥıs‬ ‮ʍǝǝʞ‬","one":"‮uǝxʇ‬ ‮ʍǝǝʞ‬","two":["‮ıu‬ ",{"t":"idOrVar","v":"value"}," ‮ʍǝǝʞs‬"],"few":["‮ıu‬ ",{"t":"idOrVar","v":"value"}," ‮ʍǝǝʞs‬"],"many":["‮ıu‬ ",{"t":"idOrVar","v":"value"}," ‮ʍǝǝʞs‬"],"other":["‮ıu‬ ",{"t":"idOrVar","v":"value"}," ‮ʍǝǝʞs‬"]},"$x":[{"t":"idOrVar","v":"plural"},"value"]},{"$i":"months-until-long","$v":{"zero":"‮ʇɥıs‬ ‮ɯouʇɥ‬","one":"‮uǝxʇ‬ ‮ɯouʇɥ‬","two":["‮ıu‬ ",{"t":"idOrVar","v":"value"}," ‮ɯouʇɥs‬"],"few":["‮ıu‬ ",{"t":"idOrVar","v":"value"}," ‮ɯouʇɥs‬"],"many":["‮ıu‬ ",{"t":"idOrVar","v":"value"}," ‮ɯouʇɥs‬"],"other":["‮ıu‬ ",{"t":"idOrVar","v":"value"}," ‮ɯouʇɥs‬"]},"$x":[{"t":"idOrVar","v":"plural"},"value"]},{"$i":"years-until-long","$v":{"zero":"‮ʇɥıs‬ ‮ʎǝɐɹ‬","one":"‮uǝxʇ‬ ‮ʎǝɐɹ‬","two":["‮ıu‬ ",{"t":"idOrVar","v":"value"}," ‮ʎǝɐɹs‬"],"few":["‮ıu‬ ",{"t":"idOrVar","v":"value"}," ‮ʎǝɐɹs‬"],"many":["‮ıu‬ ",{"t":"idOrVar","v":"value"}," ‮ʎǝɐɹs‬"],"other":["‮ıu‬ ",{"t":"idOrVar","v":"value"}," ‮ʎǝɐɹs‬"]},"$x":[{"t":"idOrVar","v":"plural"},"value"]},{"$i":"minutes-ago-short","$v":{"zero":"‮ɾnsʇ‬ ‮uoʍ‬","other":[{"t":"idOrVar","v":"value"},"‮ɯ‬ ‮ɐƃo‬"]},"$x":[{"t":"idOrVar","v":"plural"},"value"]},{"$i":"hours-ago-short","$v":{"zero":"‮ɾnsʇ‬ ‮uoʍ‬","other":[{"t":"idOrVar","v":"value"},"‮ɥ‬ ‮ɐƃo‬"]},"$x":[{"t":"idOrVar","v":"plural"},"value"]},{"$i":"days-ago-short","$v":{"zero":"‮ʇopɐʎ‬","other":[{"t":"idOrVar","v":"value"},"‮p‬ ‮ɐƃo‬"]},"$x":[{"t":"idOrVar","v":"plural"},"value"]},{"$i":"minutes-until-short","$v":{"zero":"‮uoʍ‬","other":["‮ıu‬ ",{"t":"idOrVar","v":"value"},"‮ɯ‬"]},"$x":[{"t":"idOrVar","v":"plural"},"value"]},{"$i":"hours-until-short","$v":{"zero":"‮uoʍ‬","other":["‮ıu‬ ",{"t":"idOrVar","v":"value"},"‮ɥ‬"]},"$x":[{"t":"idOrVar","v":"plural"},"value"]},{"$i":"days-until-short","$v":{"zero":"‮ʇopɐʎ‬","other":["‮ıu‬ ",{"t":"idOrVar","v":"value"},"‮p‬"]},"$x":[{"t":"idOrVar","v":"plural"},"value"]},{"$i":"incorrectDate","$v":"(‮ıuɔoɹɹǝɔʇ‬ ‮pɐʇǝ‬)"},{"$i":"dateTimeFormat_%c","$v":"%a %b %e %Y %I:%M:%S %p"},{"$i":"dateTimeFormat_%x","$v":"%m/%d/%Y"},{"$i":"dateTimeFormat_%X","$v":"%I:%M:%S %p"},{"$i":"shortTimeFormat","$v":"%I:%M %p"},{"$i":"shortTimeFormat12","$v":"%I:%M %p"},{"$i":"shortTimeFormat24","$v":"%H:%M"},{"$i":"shortDateTimeFormat","$v":"%x %I:%M %p"},{"$i":"weekStartsOnMonday","$v":"0"},{"$i":"firstDayOfTheWeek","$v":"0"},{"$i":"timePickerOrder","$v":"‮HWd‬"},{"$i":"datePickerOrder","$v":"‮Wpʎ‬"},{"$i":"hourMinutesSeparator","$v":":"},{"$i":"listSeparator_middle","$v":", "},{"$i":"time_am","$v":"‮∀W‬"},{"$i":"time_pm","$v":"‮ԀW‬"},{"$i":"durationPattern","$v":"‮ɥɥ‬:‮ɯɯ‬:‮ss‬.‮SS‬"},{"$i":"imageDescription","ariaLabel":{"$v":[{"t":"idOrVar","v":"orientation"}," ‮ıɯɐƃǝ‬, ",{"t":"idOrVar","v":"timestamp"}]}},{"$i":"imageDescriptionNoTimestamp","ariaLabel":{"$v":[{"t":"idOrVar","v":"orientation"}," ‮ıɯɐƃǝ‬"]}},{"$i":"videoDescription","ariaLabel":{"$v":[{"t":"idOrVar","v":"orientation"}," ‮ʌıpǝo‬, ",{"t":"idOrVar","v":"timestamp"}]}},{"$i":"videoDescriptionNoTimestamp","ariaLabel":{"$v":[{"t":"idOrVar","v":"orientation"}," ‮ʌıpǝo‬"]}},{"$i":"orientationPortrait","$v":"‮doɹʇɹɐıʇ‬"},{"$i":"orientationLandscape","$v":"‮ʅɐupsɔɐdǝ‬"},{"$i":"playbackPlay","ariaLabel":"‮Ԁʅɐʎ‬"},{"$i":"playbackPause","ariaLabel":"‮Ԁɐnsǝ‬"},{"$i":"playbackNext","ariaLabel":"‮Nǝxʇ‬"},{"$i":"playbackPrevious","ariaLabel":"‮Ԁɹǝʌıons‬"},{"$i":"playbackFullscreen","ariaLabel":"‮ɟnʅʅsɔɹǝǝu‬"},{"$i":"playbackSeekBar","ariaLabel":{"$v":["‮Sǝǝʞ‬ ‮qɐɹ‬, ‮pnɹɐʇıou‬ ",{"t":"idOrVar","v":"duration"}]}}]