[{"$i":"firefox-accounts-title","$v":"„Firefox“ paskyros"},{"$i":"fxa-next","$v":"Toliau"},{"$i":"fxa-back","$v":"Atgal"},{"$i":"fxa-done","$v":"Baigta"},{"$i":"fxa-ok","$v":"Gerai"},{"$i":"fxa-connection-error-title","$v":"Prisijungti nepavyko"},{"$i":"fxa-connection-error-message","$v":"Sukurti paskyrą arba prisijungti galite Nuostatose."},{"$i":"fxa-reset-password-error-title","$v":"Slaptažodžio perkūrimas"},{"$i":"fxa-reset-password-error-message","$v":"Slaptažodį perkurti galite Nuostatose."},{"$i":"fxa-coppa-failure-error-title","$v":"Nepavyko sukurti paskyros"},{"$i":"fxa-coppa-failure-error-message","$v":["„Firefox“ paskyros naudotojams taikomas amžiaus cenzas. ",{"t":"idOrVar","v":"learnmore"}]},{"$i":"fxa-learn-more","$v":"Išsamiau"},{"$i":"fxa-offline-error-title","$v":"Prisijungti nepavyko"},{"$i":"fxa-offline-error-message","$v":"Nuostatose prisijunkite prie tiklo."},{"$i":"fxa-invalid-email-title","$v":"Klaida"},{"$i":"fxa-invalid-email-message","$v":"Įveskite galiojantį el. pašto adresą."},{"$i":"fxa-invalid-password-title","$v":"Neteisingas slaptažodis"},{"$i":"fxa-invalid-password-message","$v":"Patikrinkite įvestą slaptažodį ir bandykite dar kartą."},{"$i":"fxa-unknown-error-title","$v":"Prisijungti nepavyko"},{"$i":"fxa-unknown-error-message","$v":"Serveris nepasiekiamas. Vėliau bandykite dar kartą."},{"$i":"fxa-connecting","$v":"Jungiamasi"},{"$i":"fxa-enter-email-input","placeholder":"Įveskite savo el. pašto adresą"},{"$i":"fxa-use-email-to-sign-in","$v":"Paskyrai susikurti arba prie jos prisijungti pasinaudokite savo el. pašto adresu."},{"$i":"fxa-notice","$v":["Tęsdami, jūs patvirtinate, jog sutinkate su „Firefox“ debesijos ",{"t":"idOrVar","v":"tos"}," ir ",{"t":"idOrVar","v":"pn"},"."]},{"$i":"fxa-tos","$v":"Paslaugų teikimo nuostatais"},{"$i":"fxa-pn","$v":"Privatumo nuostatais"},{"$i":"fxa-create-password-title","$v":"Sugalvokite slaptažodį"},{"$i":"fxa-enter-password-title","$v":"Įveskite savo slaptažodį"},{"$i":"fxa-hello-user","$v":["Sveiki, ",{"t":"idOrVar","v":"email"}]},{"$i":"fxa-password-refresh","$v":"Jei norite tęsti, įveskite savo „Firefox“ paskyros slaptažodį."},{"$i":"fxa-password","placeholder":"Slaptažodis"},{"$i":"fxa-forgot-your-password","$v":"Pamiršote slaptažodį?"},{"$i":"fxa-show-password","$v":"Rodyti slaptažodį"},{"$i":"fxa-password-length-requirement","$v":"Slaptažodį turi sudaryti bent 8 simboliai."},{"$i":"fxa-success","$v":"Puiku!"},{"$i":"fxa-ready-to-go","$v":"Jūs prisijungėte prie savo „Firefox“ paskyros!"},{"$i":"fxa-use-features","$v":"Dabar galite naudotis tokiomis funkcijomis kaip „Find My Device“ tarnyba ir „Firefox“ krautuvės programa."},{"$i":"fxa-access-manage-account-settings","$v":"Ateityje šią paskyrą galite pasiekti ir tvarkyti Nuostatose."},{"$i":"fxa-confirm-account","$v":"Patvirtinkite savo paskyrą"},{"$i":"fxa-will-send-email","$v":["Mes išsiųsime laišką adresu: ",{"t":"idOrVar","v":"email"}]},{"$i":"fxa-signup-click-verification-link-in-email","$v":"„Firefox“ paskyrai patvirtinti, spustelėkite laiške atsiųstą patvirtinimo saitą."},{"$i":"fxa-age-verification","$v":"Amžiaus ribojimas"},{"$i":"fxa-age-earlier","$v":[{"t":"idOrVar","v":"year"}," or earlier"]},{"$i":"fxa-year-of-birth","$v":"Jsūų gimimo metai"},{"$i":"brandShortName","$v":"B2G OS"},{"$i":"browserBrandShortName","$v":"Web Browser"},{"$i":"browserBrandFullName","$v":"Mozilla Web Browser"},{"$i":"ringtoneBrandName","$v":"Default"},{"$i":"ringtoneSectionBrandName","$v":"System"},{"$i":"ok","$v":"Gerai"},{"$i":"back","$v":"Atgal"},{"$i":"help","$v":"Žinynas"},{"$i":"cancel","$v":"Atsisakyti"},{"$i":"close","$v":"Užverti"},{"$i":"skip","$v":"Praleisti"},{"$i":"clear","ariaLabel":"Išvalyti"},{"$i":"enable","$v":"Enable"},{"$i":"turnOn","$v":"Turn On"},{"$i":"undo","ariaLabel":"Atšaukti"},{"$i":"enterPIN","$v":"Įveskite PIN"},{"$i":"mediaPlaybackTrack","ariaLabel":"Track title and artist"},{"$i":"mediaPlaybackControls","ariaLabel":"Atkūrimo valdikliai"},{"$i":"mediaPlaybackPrevious","ariaLabel":"Ankstesnis"},{"$i":"mediaPlaybackPlay","ariaLabel":"Play"},{"$i":"mediaPlaybackPause","ariaLabel":"Pause"},{"$i":"mediaPlaybackNext","ariaLabel":"Kitas"},{"$i":"UnknownTrack","$v":"Nežinomas įrašas"},{"$i":"wifiButton-on","$v":"Belaidis tinklas įjungtas"},{"$i":"wifiButton-on-initializing","$v":"Belaidis tinklas įjungtas (šiuo metu inicijuojamas)"},{"$i":"wifiButton-off","$v":"Belaidis tinklas išjungtas"},{"$i":"dataButton-on","$v":["Duomenų ryšys (",{"t":"idOrVar","v":"type"},") įjungtas"]},{"$i":"dataButton-off","$v":["Duomenų ryšys (",{"t":"idOrVar","v":"type"},") išjungtas"]},{"$i":"bluetoothButton-on","$v":"„Bluetooth“ ryšys įjungtas"},{"$i":"bluetoothButton-on-initializing","$v":"„Bluetooth“ ryšys įjungtas (šiuo metu inicijuojamas)"},{"$i":"bluetoothButton-off","$v":"„Bluetooth“ ryšys išjungtas"},{"$i":"airplaneMode-on","$v":"Skrydžio veiksena įgalinta"},{"$i":"airplaneMode-off","$v":"Skrydžio veiksena išjungta"},{"$i":"settingsButton","ariaLabel":"Nuostatos"},{"$i":"utilityTray","ariaLabel":"Įrankinė"},{"$i":"simLabel","$v":["SIM ",{"t":"idOrVar","v":"id"}]},{"$i":"statusbarLabel","$v":[{"t":"idOrVar","v":"date"},", ",{"t":"idOrVar","v":"operator"}]},{"$i":"statusbarDateFormat","$v":"%b %e"},{"$i":"statusbar","ariaLabel":"Būsenos juosta"},{"$i":"statusbarBattery","ariaLabel":["Battery ",{"t":"idOrVar","v":"level"}," percent"]},{"$i":"statusbarBatteryCharging","ariaLabel":["Battery ",{"t":"idOrVar","v":"level"}," percent, charging"]},{"$i":"statusbarFlightMode","ariaLabel":"Įgalinta skrydžio veiksena"},{"$i":"statusbarWiFiConnecting","$v":"Belaidis tinklas: jungiamasi"},{"$i":"statusbarWiFiConnected","$v":["Belaidis tinklas: ",{"t":"idOrVar","v":"level"}," iš keturių padalų"]},{"$i":"statusbarSignal","$v":["Tinklas: „",{"t":"idOrVar","v":"operator"},"“, ",{"t":"idOrVar","v":"level"}," iš penkių padalų"]},{"$i":"statusbarSignalRoaming","$v":["Tinklas: „",{"t":"idOrVar","v":"operator"},"“ (naudojamas tarptinklinis ryšys), ",{"t":"idOrVar","v":"level"}," iš penkių padalų"]},{"$i":"statusbarSignalNoneSearching","$v":"Ieškoma… Tik pagalbos skambučiai"},{"$i":"statusbarHeadphones","ariaLabel":"Prijungtos ausinės"},{"$i":"statusbarBluetoothHeadphones","ariaLabel":"Prijungtos „Bluetooth“ ausinės"},{"$i":"statusbarBluetoothTransferring","ariaLabel":"Vykdomas „Bluetooth“ failo perdavimas"},{"$i":"statusbarIconOn-tethering","$v":"Internetas bendrinamas"},{"$i":"statusbarIconOnActive-tethering","$v":"Internetas bendrinamas, ryšys aktyvus"},{"$i":"statusbarAlarm","ariaLabel":"Suplanuotas signalas"},{"$i":"statusbarIconOn-bluetooth","$v":"Įjungtas „Bluetooth“ ryšys"},{"$i":"statusbarIconOnActive-bluetooth","$v":"Įjungtas ir naudojamas „Bluetooth“ ryšys"},{"$i":"statusbarIconOn-mute","$v":"Garsas išjungtas"},{"$i":"statusbarIconOn-vibration","$v":"Vibravimas įjungtas"},{"$i":"statusbarRecording","ariaLabel":"Įrašomas garsas"},{"$i":"statusbarGeolocation","ariaLabel":"Įjungtas geolokavimas"},{"$i":"statusbarUsb","ariaLabel":"Įjungtas USB"},{"$i":"statusbarForwarding","$v":"Įgalintas skambučių nukreipimas"},{"$i":"statusbarPlaying","ariaLabel":"Atkuriamas vaizdo arba garso įrašas"},{"$i":"statusbarNfc","ariaLabel":"NFC ryšys įjungtas"},{"$i":"statusbarDownloads","ariaLabel":"Parsiunčiama…"},{"$i":"statusbarNetworkActivity","ariaLabel":"Naudojamas tinklas"},{"$i":"statusbarEmergencyCBNotification","ariaLabel":"Įgalinta grįžtamojo pagalbos skambučio veiksena"},{"$i":"statusbarNotifications","$v":{"one":[{"t":"idOrVar","v":"n"}," pranešimas"],"two":[{"t":"idOrVar","v":"n"}," pranešimai"],"few":[{"t":"idOrVar","v":"n"}," pranešimai"],"many":[{"t":"idOrVar","v":"n"}," pranešimų"],"other":[{"t":"idOrVar","v":"n"}," pranešimų"]},"$x":[{"t":"idOrVar","v":"plural"},"n"]},{"$i":"statusbarNotifications-unread","ariaLabel":{"$x":[{"t":"idOrVar","v":"plural"},"n"],"$v":{"one":[{"t":"idOrVar","v":"n"}," unread notification"],"two":[{"t":"idOrVar","v":"n"}," unread notifications"],"few":[{"t":"idOrVar","v":"n"}," unread notifications"],"many":[{"t":"idOrVar","v":"n"}," unread notifications"],"other":[{"t":"idOrVar","v":"n"}," unread notifications"]}}},{"$i":"notifications","$v":"Pranešimai"},{"$i":"clear-all","$v":"Išvalyti"},{"$i":"attentionScreen-tapToShow","$v":"Bakstelėkite pamatyti"},{"$i":"newVoicemails","$v":{"zero":"Balso pranešimų nėra","one":[{"t":"idOrVar","v":"n"}," balso pranešimas"],"two":[{"t":"idOrVar","v":"n"}," balso pranešimai"],"few":[{"t":"idOrVar","v":"n"}," pašto pranešimai"],"many":[{"t":"idOrVar","v":"n"}," balso pranešimų"],"other":[{"t":"idOrVar","v":"n"}," balso pranešimų"]},"$x":[{"t":"idOrVar","v":"plural"},"n"]},{"$i":"newVoicemailsUnknown","$v":"Yra balso pranešimų"},{"$i":"dialNumber","$v":["Skambinti ",{"t":"idOrVar","v":"number"}]},{"$i":"voicemailNotificationMultiSim","$v":["(SIM ",{"t":"idOrVar","v":"n"},") ",{"t":"idOrVar","v":"title"}]},{"$i":"euRoamingNotificationTitle","$v":"Aptiktas ES internetas"},{"$i":"euRoamingNotificationMsg","$v":"Bakstelėkite keisti prieigos taškui."},{"$i":"confirmNFCConnectBTenabledNameUnknown","$v":"Ar prisijungti prie įrenginio?"},{"$i":"confirmNFCConnectBTdisabledNameUnknown","$v":"Ar įjungti „Bluetooth“ ir prisijungti prie įrenginio?"},{"$i":"confirmNFCConnectBTenabledNameKnown","$v":["Ar prisijungti prir įrenginio „",{"t":"idOrVar","v":"deviceName"},"“?"]},{"$i":"confirmNFCConnectBTdisabledNameKnown","$v":["Ar įjungti „Bluetooth“ ir prisijungti prie įrenginio „",{"t":"idOrVar","v":"deviceName"},"“?"]},{"$i":"confirmNFCConnectBTdisabled","$v":"Įjungti"},{"$i":"dismissNFCConnectBTdisabled","$v":"Atsisakyti"},{"$i":"confirmation","$v":"Patvirtinimas"},{"$i":"deviceMenu","$v":"Telefonas"},{"$i":"airplane","$v":"Įgalinti skrydžio veikseną"},{"$i":"airplaneOff","$v":"Išjungti skrydžio veikseną"},{"$i":"silent","$v":"Nutildyti skambučius"},{"$i":"normal","$v":"Grąžinti skambėjimo garsą"},{"$i":"restart","$v":"Perleisti"},{"$i":"power","$v":"Išjungti"},{"$i":"no-recent-app-windows","$v":"Čia matysite paskiausius programų langus"},{"$i":"no-recent-browser-windows","$v":"Čia matysite paskiausius naršyklės langus"},{"$i":"closeCard","ariaLabel":"Užverti"},{"$i":"openCard","ariaLabel":"Atverti"},{"$i":"yes","$v":"Taip"},{"$i":"no","$v":"Ne"},{"$i":"dontallow","$v":"Neleisti"},{"$i":"allow","$v":"Leisti"},{"$i":"dontshare-geolocation","$v":"Neatskleisti"},{"$i":"share-geolocation","$v":"Atskleisti"},{"$i":"dontshare-audio-capture","$v":"Neleisti"},{"$i":"share-audio-capture","$v":"Leisti"},{"$i":"dontshare-video-capture","$v":"Neleisti"},{"$i":"share-video-capture","$v":"Leisti"},{"$i":"dontshare-media-capture","$v":"Neleisti"},{"$i":"share-media-capture","$v":"Leisti"},{"$i":"device-front","$v":"Kamera priekyje"},{"$i":"device-back","$v":"Kamera nugarėlėje"},{"$i":"remember-my-choice","$v":"Įsiminti pasirinkimą"},{"$i":"more-info","$v":"Išsamiau…"},{"$i":"hide-info","$v":"Glausčiau"},{"$i":"install-app","$v":["Įdiegti „",{"t":"idOrVar","v":"name"},"“?"]},{"$i":"size","$v":"Dydis"},{"$i":"author","$v":"Autorius"},{"$i":"size-unknown","$v":"nežinomas"},{"$i":"author-unknown","$v":"nežinomas"},{"$i":"install","$v":"Įdiegti"},{"$i":"bytes","$v":"B"},{"$i":"kB","$v":"KB"},{"$i":"MB","$v":"MB"},{"$i":"GB","$v":"GB"},{"$i":"TB","$v":"TB"},{"$i":"PB","$v":"PB"},{"$i":"app-install-generic-error","$v":["„",{"t":"idOrVar","v":"appName"},"“ siuntimas sustojo"]},{"$i":"app-install-download-failed","$v":["Parsiųsti „",{"t":"idOrVar","v":"appName"},"“ nepavyko"]},{"$i":"app-install-install-failed","$v":["Įdiegti „",{"t":"idOrVar","v":"appName"},"“ nepavyko"]},{"$i":"cancelling-will-not-refund","$v":"Nutraukus diegimą, už programą sumokėta suma nebus grąžinta. Grąžinimus už mokamą turinį vykdo pirminiai pardavėjai."},{"$i":"apps-can-be-installed-later","$v":"Programas iš pirminio šaltinio galima įdiegti ir vėliau."},{"$i":"are-you-sure-you-want-to-cancel","$v":"Ar tikrai norite nutraukti šį diegimą?"},{"$i":"cancel-install","$v":"Nutraukti diegimą"},{"$i":"cancel-install-button","$v":"Nutraukti diegimą"},{"$i":"resume","$v":"Tęsti"},{"$i":"continue","$v":"Tęsti"},{"$i":"stopDownloading","$v":["Nutraukti „",{"t":"idOrVar","v":"app"},"“ parsiuntimą?"]},{"$i":"app-download-can-be-restarted","$v":"Parsiuntimą galima pradėti iš naujo vėliau."},{"$i":"app-download-stop-button","$v":"Nutraukti parsiuntimą"},{"$i":"not-enough-space","$v":"Nepakanka vietos"},{"$i":"not-enough-space-message","$v":"Šiai programai įdiegti nepakanka vietos. Atlaisvinkite vietos, pašalindami nebenaudojamas programas, garso, ar vaizdo įrašus, ir iš naujo bandykite įdiegti programą iš pirminio šaltinio."},{"$i":"app-install-success","$v":["Programa „",{"t":"idOrVar","v":"appName"},"“ įdiegta"]},{"$i":"langpack-install-success2","$v":[{"t":"idOrVar","v":"appName"}," installed. Go to Settings > Language to enable it."]},{"$i":"setup","$v":"Diegimas"},{"$i":"ime-addkeyboards","$v":"Pridėti klaviatūrų"},{"$i":"later","$v":"Vėliau"},{"$i":"download","$v":"Parsiųsti"},{"$i":"wantToDownload","$v":"Parsiųsti atnaujinimą dabar?"},{"$i":"wantToInstallNow","$v":"Ar įdiegti atnaujinimą dabar? Diegimo metu kelias minutes negalėsite naudotis šiuo įrenginiu."},{"$i":"installNow","$v":"Įdiegti"},{"$i":"notNow","$v":"Ne dabar"},{"$i":"downloadingUpdateMessage","innerHTML":["Parsiunčiami naujinimai… <span>Parsiųsta ",{"t":"idOrVar","v":"progress"},".</span>"]},{"$i":"downloadingAppMessage","$v":["Parsiunčiama „",{"t":"idOrVar","v":"appName"},"“"]},{"$i":"downloadingAppProgressNoMax","$v":["Parsiųsta ",{"t":"idOrVar","v":"progress"}]},{"$i":"downloadingAppProgressIndeterminate","$v":"Parsiunčiama"},{"$i":"downloadingAppProgress","$v":["Parsiųsta ",{"t":"idOrVar","v":"progress"}," iš ",{"t":"idOrVar","v":"max"}]},{"$i":"cancelAllDownloads","$v":"Nutraukti visus parsiuntimus"},{"$i":"wantToCancelAll","$v":"Ar tikrai norite nutraukti visus parsiuntimus?"},{"$i":"downloadError","$v":"Parsiunčiant naujinimus, įvyko klaida."},{"$i":"updateAvailableInfo","innerHTML":{"$x":[{"t":"idOrVar","v":"plural"},"n"],"$v":{"one":["Yra ",{"t":"idOrVar","v":"n"}," naujinimas. <span>Bakstelėkite išsamesnei informacijai.</span>"],"two":["Yra ",{"t":"idOrVar","v":"n"}," naujinimai. <span>Bakstelėkite išsamesnei informacijai.</span>"],"few":["Yra ",{"t":"idOrVar","v":"n"}," naujinimai. <span>Bakstelėkite išsamesnei informacijai.</span>"],"many":["Yra ",{"t":"idOrVar","v":"n"}," naujinimų. <span>Bakstelėkite išsamesnei informacijai.</span>"],"other":["Yra ",{"t":"idOrVar","v":"n"}," naujinimų. <span>Bakstelėkite išsamesnei informacijai.</span>"]}}},{"$i":"numberOfUpdates","$v":{"one":["Yra ",{"t":"idOrVar","v":"n"}," naujinimas"],"two":["Yra ",{"t":"idOrVar","v":"n"}," naujinimai"],"few":["Yra ",{"t":"idOrVar","v":"n"}," naujinimai"],"many":["Yra ",{"t":"idOrVar","v":"n"}," naujinimų"],"other":["Yra ",{"t":"idOrVar","v":"n"}," naujinimų"]},"$x":[{"t":"idOrVar","v":"plural"},"n"]},{"$i":"systemUpdate","$v":"Sistemos naujinimas"},{"$i":"systemUpdateReady","$v":"Parengtas sistemos naujinimas"},{"$i":"systemUpdateLowBatteryThreshold","$v":["Sistemos naujinimui įdiegti akumuliatoriaus įkrova turi siekti bent ",{"t":"idOrVar","v":"threshold"},"%."]},{"$i":"required","$v":"Būtinas"},{"$i":"uncompressingMessage","innerHTML":"Išskleidžiama… <span>Tai gali trukti keletą minučių.</span>"},{"$i":"downloadWifiPrioritizedUsing2G","$v":"Updates are downloaded via data connection when Wi-Fi is not available. When using data connection, phone calls may be blocked and additional charges may also apply."},{"$i":"downloadWifiPrioritized3","$v":"Updates are downloaded via data connection when Wi-Fi is not available. When using data connection, additional charges may apply."},{"$i":"downloadNoWifiWarning","$v":"Belaidis tinklas nepasiekiamas. Parsiunčiant naujinimus esamu ryšiu, gali būti taikomi papildomi mokesčiai."},{"$i":"downloadOfflineWarning2","$v":"Connect to a network to download updates."},{"$i":"downloadUpdatesViaDataConnection","$v":"Ar siųsti naujinimus mobiliuoju ryšiu?"},{"$i":"downloadUpdatesVia2GForbidden3","$v":"Downloading updates is not possible on slow connections (2G). Please connect via Wi-Fi or 3G (if available) and try again."},{"$i":"downloadUpdatesViaDataConnectionMessage3","$v":"When using a data connection, additional costs may apply. Do you want to continue?"},{"$i":"downloadUpdatesViaDataRoamingConnection","$v":"Siųstis naujinimus svečiame tinkle?"},{"$i":"downloadUpdatesViaDataRoamingConnectionMessage","$v":"Šiuo metu jūs naudojatės tarptinkliniu ryšiu, todėl gali būti taikomi papildomi mokesčiai. Ar norite tęsti?"},{"$i":"screenshotSaved","$v":"Ekrano nuotrauka įrašyta"},{"$i":"screenshotFailed","$v":"Ekr. nuotrauka neįrašyta"},{"$i":"screenshotNoSDCard","$v":"Atminties kortelė neaptikta"},{"$i":"screenshotSDCardInUse","$v":"Atminties kortelė naudojama"},{"$i":"screenshotSDCardLow","$v":"Atminties kortelėje nepakanka vietos"},{"$i":"logsSaved","$v":"Žurnalai įrašyti atmintinėn"},{"$i":"logsSaveError","$v":"Error while saving logs"},{"$i":"logsSaving","$v":"Capturing logs…"},{"$i":"logsOperationFailed","$v":["Operation ",{"t":"idOrVar","v":"operation"}," failed."]},{"$i":"logsGenericError","$v":"Unexpected error occurred."},{"$i":"logsSDCardMaybeShared","$v":"Make sure your SD card is not shared with your computer."},{"$i":"emergency-call-button","$v":"Pagalbos skambutis"},{"$i":"emergency-call","$v":"Pagalbos skambutis"},{"$i":"unlock-a11y-button","ariaLabel":"Atrakinti"},{"$i":"camera-a11y-button","ariaLabel":"Kamera"},{"$i":"longDateFormat","$v":"%A, %Eb %e d."},{"$i":"panel-passcode","ariaLabel":"Saugos kodo skydelis"},{"$i":"open-notification","$v":"atverti"},{"$i":"softwareHomeButton","ariaLabel":"Pradžia"},{"$i":"login","$v":"Prisijungti"},{"$i":"sign-in-to-website","$v":"Prisijungti prie svetainės"},{"$i":"username","$v":"Abonento vardas"},{"$i":"password","$v":"Slaptažodis"},{"$i":"http-authentication-message2","$v":["Serveris ",{"t":"idOrVar","v":"host"}," reikalauja prisijungti."]},{"$i":"error-message","$v":["Nepavyksta įkelti ",{"t":"idOrVar","v":"name"}]},{"$i":"error-title","$v":["Problema su ",{"t":"idOrVar","v":"name"}]},{"$i":"unable-to-connect","$v":"Nepavyko prisijungti"},{"$i":"tap-to-check-settings","$v":"Bakstelėkite nuostatoms patikrinti"},{"$i":"delete-title","$v":["„",{"t":"idOrVar","v":"name"},"“ šalinimas"]},{"$i":"delete-body","$v":["Ar pašalinti „",{"t":"idOrVar","v":"name"},"“ ir visus susijusius duomenis?"]},{"$i":"delete","$v":"Šalinti"},{"$i":"unrecoverable-error-title","$v":"Programos šalinimas"},{"$i":"unrecoverable-error-body","$v":"Programos įdiegti nepavyko dėl kritinės klaidos. Pabandykite ją parsiųsti iš naujo. Programa bus pašalinta."},{"$i":"unrecoverable-error-action","$v":"Gerai"},{"$i":"data-roaming-enabled-title","$v":"Turn on data roaming?"},{"$i":"data-roaming-enabled-warning2","$v":"In order to access the Internet, you need to turn on data roaming. Depending on your service agreement, extra charges may apply. Do you want to turn data on?"},{"$i":"select-time","$v":"Pasirinkite laiką"},{"$i":"choose-option","$v":"Pasirinkite"},{"$i":"choose-options","$v":"Pasirinkite"},{"$i":"select-day","$v":"Pasirinkite dieną"},{"$i":"battery-almost-empty3","$v":"Akumuliatorius beveik išsikrovė."},{"$i":"plug-in-your-charger","$v":"Prijunkite įrenginį prie įkroviklio."},{"$i":"new-window","$v":"Naujas langas"},{"$i":"new-private-window","$v":"New private window"},{"$i":"show-windows","$v":"Rodyti langus"},{"$i":"add-to-home-screen","$v":"Įtraukti į pradžios ekraną"},{"$i":"share","$v":"Dalintis"},{"$i":"crash-dialog2-os","$v":["„",{"t":"idOrVar","v":"brandShortName"},"“ ką tik buvo strigusi"]},{"$i":"crash-dialog-app","$v":["Programa „",{"t":"idOrVar","v":"name"},"“ ką tik strigo"]},{"$i":"crash-dialog-app-noname","$v":"Something"},{"$i":"crash-dialog-message","$v":"Ar norėtumėte išsiųsti „Mozillai“ pranešimą apie šią strigtį ir padėti pašalinti šią problemą? Strigčių pranešimai siunčiami tik belaidžiu ryšiu."},{"$i":"crash-info-link","$v":"Kas patenka į strigties pranešimą?"},{"$i":"crash-always-report","$v":"Visada siųsti strigčių pranešimus „Mozillai“."},{"$i":"crash-dont-send","$v":"Nesiųsti"},{"$i":"crash-end","$v":"Siųsti pranešimą"},{"$i":"crashReports","$v":"Strigčių pranešimai"},{"$i":"done","$v":"Baigta"},{"$i":"crash-reports-description-1","$v":"Strigties pranešimą sudaro tam tikri duomenys apie įvykusią strigtį ir jūsų įrenginį, o taip pat įrenginio būsenos strigties akimirką atvaizdis."},{"$i":"crash-reports-description-2","$v":"Ši informacija gali aprėpti tokius dalykus kaip atverti tinklalapiai ir programos, į formų laukus įvestas tekstas, atvertų pranešimų turinys, paskiausia naršymo istorija ir atvertos programos naudoti duomenys apie gepgrafinę vietą."},{"$i":"crash-reports-description-3-start","$v":"Strigčių pranešimais mes naudojamės aptikdami ir taisydami klaidas, pasitaikančias mūsų produktuose. Kaip mes elgiamės su jūsų pateikta informacija, aprašyta mūsų "},{"$i":"crash-reports-description-3-privacy","$v":"privatumo nuostatuose"},{"$i":"crash-reports-description-3-end","$v":"."},{"$i":"crash-banner-os2","$v":["„",{"t":"idOrVar","v":"brandShortName"},"“ ką tik buvo strigusi."]},{"$i":"crash-banner-app","$v":["Programa „",{"t":"idOrVar","v":"name"},"“ ką tik strigo."]},{"$i":"crash-banner-report","$v":"Pranešti"},{"$i":"bluetooth-sending-progress","$v":"Per „Bluetooth“ siunčiamas failas…"},{"$i":"bluetooth-receiving-progress","$v":"Per „Bluetooth“ priimamas failas…"},{"$i":"acceptFileTransfer","$v":"Priimti failą per „Bluetooth“?"},{"$i":"wantToReceiveFile","$v":["Įrenginys „",{"t":"idOrVar","v":"deviceName"},"“ bando perduoti failą ",{"t":"idOrVar","v":"fileName"}," (",{"t":"idOrVar","v":"fileSize"},")."]},{"$i":"transfer-confirmation-title","$v":[{"t":"idOrVar","v":"deviceName"}]},{"$i":"transfer-confirmation-description","$v":"Peržiūrėti siuntimo užklausą."},{"$i":"byteUnit-B","$v":"B"},{"$i":"byteUnit-KB","$v":"KB"},{"$i":"byteUnit-MB","$v":"MB"},{"$i":"byteUnit-GB","$v":"GB"},{"$i":"byteUnit-TB","$v":"TB"},{"$i":"byteUnit-PB","$v":"PB"},{"$i":"byteUnit-EB","$v":"EB"},{"$i":"byteUnit-ZB","$v":"ZB"},{"$i":"byteUnit-YB","$v":"YB"},{"$i":"fileSize","$v":[{"t":"idOrVar","v":"size"}," ",{"t":"idOrVar","v":"unit"}]},{"$i":"deny","$v":"Nepriimti"},{"$i":"transfer","$v":"Priimti"},{"$i":"cancelFileTransfer","$v":"Nutraukti failo siuntimą per „Bluetooth“?"},{"$i":"continueFileTransfer","$v":"Tęsti"},{"$i":"transfer-has-started-title","$v":"Siuntimas pradėtas"},{"$i":"transfer-has-started-description","$v":"Jo eigą galite stebėti Pranešimų centre"},{"$i":"transferFinished-sentSuccessful-title","$v":"Failas išsiųstas"},{"$i":"transferFinished-receivedSuccessful-title","$v":"Failas priimtas"},{"$i":"transferFinished-sentFailed-title","$v":"Failo išsiųsti nepavyko"},{"$i":"transferFinished-receivedFailed-title","$v":"Failo priimti nepavyko"},{"$i":"transferFinished-try-again-description","$v":"Cannot send file right now. Please try again later."},{"$i":"transferReport-title","$v":"Siuntimų ataskaita:"},{"$i":"transferReport-description","$v":[{"t":"idOrVar","v":"numSuccessful"}," f. pavyko, ",{"t":"idOrVar","v":"numUnsuccessful"}," f. nepavyko"]},{"$i":"unknown-file","$v":"Nežinomas failas"},{"$i":"unknown-device","$v":"Nežinomas įrenginys"},{"$i":"cannotOpenFile","$v":"Nepavyko atverti priimtojo failo"},{"$i":"unknownMediaTypeToOpenFile","$v":["Can not open unknown media type: ",{"t":"idOrVar","v":"fileName"}]},{"$i":"cannotReceiveFile","$v":"Nepavyksta priimti failo"},{"$i":"cannotGetStorageState","$v":"Nepavyksta sužinoti įrenginio atmintinės būklės."},{"$i":"sdcard-not-exist2","$v":"Nerasta atminties kortelė. Įdėkite atminties kortelę."},{"$i":"sdcard-in-use","$v":"Kol šis įrenginys prijungtas prie kito, „Bluetooth“ ryšiu priimti failų negalima. Jeigu norite priimti failą (-us), atjunkite šį įrenginį nuo kitų."},{"$i":"sdcard-no-space2","$v":"Nepavyko priimti failo – atminties kortelė pilna."},{"$i":"unknown-error","$v":"Nežinoma klaida"},{"$i":"confirm","$v":"Patvirtinkite"},{"$i":"sdcard-detected-title","$v":"Aptikta atminties kortelė"},{"$i":"sdcard-total-size-body","$v":["Talpa: ",{"t":"idOrVar","v":"size"}," ",{"t":"idOrVar","v":"unit"}]},{"$i":"sdcard-unknown-size-then-tap-to-format-body","$v":"Talpa nežinoma, bakstelėkite ženklinimui"},{"$i":"sdcard-removed-title","$v":"Atminties kortelė pašalinta"},{"$i":"sdcard-removed-ejected-successfully","$v":"Kortelė išstumta sėkmingai"},{"$i":"sdcard-removed-not-ejected-properly","$v":"Kortelės išstumti nepavyko"},{"$i":"microphone-is-on","$v":"Mikrofonas įjungtas"},{"$i":"camera-is-on","$v":"Kamera įjungta"},{"$i":"media-is-on","$v":"Kamera ir mikrofonas įjungti"},{"$i":"noSimCard","$v":"Nėra SIM kortelės"},{"$i":"simPin","$v":"SIM PIN kodas"},{"$i":"pukCode","$v":"PUK kodas"},{"$i":"nckCode","$v":"NCK kodas"},{"$i":"cckCode","$v":"CCK kodas"},{"$i":"spckCode","$v":"SPCK kodas"},{"$i":"nck1code","$v":"NCK1 kodas"},{"$i":"nck2code","$v":"NCK2 kodas"},{"$i":"hnckcode","$v":"HNCK kodas"},{"$i":"rcckcode","$v":"RCCK kodas"},{"$i":"rspckcode","$v":"RSPCK kodas"},{"$i":"whatIsSimPin","$v":"Kas yra SIM PIN kodas?"},{"$i":"simPinIntro1","$v":"SIM PIN kodas apsaugo SIM kortelę nuo nesankcionuoto panaudojimo. Kai šio kodo reikalavimas įjungtas, bet kuris įrenginys, į kurį įdėsite SIM kortelę, įjungimo metu reikalaus įvesti PIN kodą."},{"$i":"simPinIntro2","$v":"SIM PIN kodas yra ne tas pats, kas įrenginio atrakinimo kodas."},{"$i":"changeSimPin","$v":"Keisti PIN kodą"},{"$i":"pinTitle","$v":"Įveskite SIM PIN kodą"},{"$i":"multiSIMpinTitle","$v":["Įveskite SIM ",{"t":"idOrVar","v":"n"}," PIN kodą"]},{"$i":"pukTitle","$v":"Įveskite PUK kodą"},{"$i":"nckTitle","$v":"Įveskite NCK kodą"},{"$i":"cckTitle","$v":"Įveskite CCK kodą"},{"$i":"spckTitle","$v":"Įveskite SPCK kodą"},{"$i":"nck1Title","$v":"Įveskite NCK1 kodą"},{"$i":"nck2Title","$v":"Įveskite NCK2 kodą"},{"$i":"hnckTitle","$v":"Įveskite HNCK kodą"},{"$i":"rcckTitle","$v":"Įveskite RCCK kodą"},{"$i":"rspckTitle","$v":"Įveskite RSPCK kodą"},{"$i":"newpinTitle","$v":"Naujas PIN kodas"},{"$i":"inputCodeRetriesLeft","$v":{"one":"Paskutinis bandymas.","two":["Liko ",{"t":"idOrVar","v":"n"}," bandymai."],"few":["Liko ",{"t":"idOrVar","v":"n"}," bandymai."],"many":["Liko ",{"t":"idOrVar","v":"n"}," bandymų."],"other":["Liko ",{"t":"idOrVar","v":"n"}," bandymų."]},"$x":[{"t":"idOrVar","v":"plural"},"n"]},{"$i":"pinErrorMsg","$v":"Įvestas neteisingas PIN kodas."},{"$i":"pinAttemptMsg2","$v":{"one":["Jums liko ",{"t":"idOrVar","v":"n"}," bandymas įvesti teisingą PIN kodą. Jeigu suklysite, SIM kortelė užsirakins."],"two":["Jums liko ",{"t":"idOrVar","v":"n"}," bandymai įvesti teisingą PIN kodą. Jeigu jie bus nesėkmingi, SIM kortelė užsirakins."],"few":["Jums liko ",{"t":"idOrVar","v":"n"}," bandymai įvesti teisingą PIN kodą. Jeigu jie bus nesėkmingi, SIM kortelė užsirakins."],"many":["Jums liko ",{"t":"idOrVar","v":"n"}," bandymų įvesti teisingą PIN kodą. Jeigu jie bus nesėkmingi, SIM kortelė užsirakins"],"other":["Jums liko ",{"t":"idOrVar","v":"n"}," bandymų įvesti teisingą PIN kodą. Jeigu jie bus nesėkmingi, SIM kortelė užsirakins."]},"$x":[{"t":"idOrVar","v":"plural"},"n"]},{"$i":"pinLastChanceMsg","$v":"Tai – paskutinė galimybė įvesti teisingą PIN kodą. Jeigu dabar suklysite, norėdami toliau naudotis šia SIM kortele, turėsite įvesti jos PUK kodą."},{"$i":"simCardLockedMsg","$v":"SIM kortelė užrakinta."},{"$i":"enterPukMsg","$v":"Privalote įvesti šios SIM kortelės PUK kodą. Išsamesnės informacijos apie jį ieškokite kortelės dokumentacijoje arba susisiekę su savo mobiliojo ryšio operatoriumi."},{"$i":"pukErrorMsg","$v":"PUK kodas neteisingas."},{"$i":"pukAttemptMsg2","$v":{"one":["Jums liko ",{"t":"idOrVar","v":"n"}," bandymas įvesti teisingą PUK kodą. Jeigu suklysite, SIM kortelė užsiblokuos visam laikui. Daugiau informacijos apie PUK kodą ieškokite kortelės dokumentacijoje arba susisiekę su savo mobiliojo ryšio operatoriumi."],"two":["Jums liko ",{"t":"idOrVar","v":"n"}," bandymai įvesti teisingą PUK kodą. Jeigu jie bus nesėkmingi, SIM kortelė užsiblokuos visam laikui. Daugiau informacijos apie PUK kodą ieškokite kortelės dokumentacijoje arba susisiekę su savo mobiliojo ryšio operatoriumi."],"few":["Jums liko ",{"t":"idOrVar","v":"n"}," bandymai įvesti teisingą PUK kodą. Jeigu jie bus nesėkmingi, SIM kortelė užsiblokuos visam laikui. Daugiau informacijos apie PUK kodą ieškokite kortelės dokumentacijoje arba susisiekę su savo mobiliojo ryšio operatoriumi."],"many":["Jums liko ",{"t":"idOrVar","v":"n"}," bandymų įvesti teisingą PUK kodą. Jeigu jie bus nesėkmingi, SIM kortelė užsiblokuos visam laikui. Daugiau informacijos apie PUK kodą ieškokite kortelės dokumentacijoje arba susisiekę su savo mobiliojo ryšio operatoriumi."],"other":["Jums liko ",{"t":"idOrVar","v":"n"}," bandymų įvesti teisingą PUK kodą. Jeigu jie bus nesėkmingi, SIM kortelė užsiblokuos visam laikui. Daugiau informacijos apie PUK kodą ieškokite kortelės dokumentacijoje arba susisiekę su savo mobiliojo ryšio operatoriumi."]},"$x":[{"t":"idOrVar","v":"plural"},"n"]},{"$i":"pukLastChanceMsg","$v":"Tai – paskutinė galimybė įvesti teisingą PUK kodą. Jeigu dabar suklysite, jūsų SIM kortelė negrįžtamai užsiblokuos. Daugiau informacijos apie PUK kodą ieškokite kortelės dokumentacijoje arba susisiekę su savo mobiliojo ryšio operatoriumi."},{"$i":"newSimPinMsg","$v":"Įveskite naująjį PIN kodą (4–8 skaitmenis)"},{"$i":"confirmNewSimPinMsg","$v":"Patvirtinkite naująjį PIN kodą"},{"$i":"newPinErrorMsg","$v":"Įvesti PIN kodai nesutampa"},{"$i":"nckErrorMsg","$v":"NCK kodas neteisingas."},{"$i":"nckAttemptMsg2","$v":{"one":["Įrenginio „atrišti“ nuo tinklo nepavyko. Jums liko ",{"t":"idOrVar","v":"n"}," bandymas įvesti teisingą NCK kodą. Daugiau informacijos apie šį kodą ieškokite įrenginio dokumentacijoje arba susisiekę su savo mobiliojo ryšio operatoriumi."],"two":["Įrenginio „atrišti“ nuo tinklo nepavyko. Jums liko ",{"t":"idOrVar","v":"n"}," bandymai įvesti teisingą NCK kodą. Daugiau informacijos apie šį kodą ieškokite įrenginio dokumentacijoje arba susisiekę su savo mobiliojo ryšio operatoriumi."],"few":["Įrenginio „atrišti“ nuo tinklo nepavyko. Jums liko ",{"t":"idOrVar","v":"n"}," bandymai įvesti teisingą NCK kodą. Daugiau informacijos apie šį kodą ieškokite įrenginio dokumentacijoje arba susisiekę su savo mobiliojo ryšio operatoriumi."],"many":["Įrenginio „atrišti“ nuo tinklo nepavyko. Jums liko ",{"t":"idOrVar","v":"n"}," bandymų įvesti teisingą NCK kodą. Daugiau informacijos apie šį kodą ieškokite įrenginio dokumentacijoje arba susisiekę su savo mobiliojo ryšio operatoriumi."],"other":["Įrenginio „atrišti“ nuo tinklo nepavyko. Jums liko ",{"t":"idOrVar","v":"n"}," bandymų įvesti teisingą NCK kodą. Daugiau informacijos apie šį kodą ieškokite įrenginio dokumentacijoje arba susisiekę su savo mobiliojo ryšio operatoriumi."]},"$x":[{"t":"idOrVar","v":"plural"},"n"]},{"$i":"nckLastChanceMsg","$v":"Įrenginio „atrišti“ nuo tinklo nepavyko. Jums liko paskutinis bandymas įvesti teisingą NCK kodą. Daugiau informacijos apie šį kodą ieškokite įrenginio dokumentacijoje arba susisiekę su savo mobiliojo ryšio operatoriumi."},{"$i":"activity-pick","$v":"Pasirinkite iš:"},{"$i":"activity-view","$v":"Peržiūrėti naudojant:"},{"$i":"activity-test","$v":"Išbandyti naudojant:"},{"$i":"activity-share","$v":"Dalintis naudojant:"},{"$i":"activity-new","$v":"Kurti naudojant:"},{"$i":"activity-open","$v":"Atverti naudojant:"},{"$i":"activity-save-bookmark","$v":"Pridėti žymę į:"},{"$i":"activity-record","$v":"Įrašyti iš:"},{"$i":"activity-browse","$v":"Naršyti naudojant:"},{"$i":"activity-configure","$v":"Konfigūruoti naudojant:"},{"$i":"activity-dial","$v":"Skambinti naudojant:"},{"$i":"persona-signin","$v":"Prisijungti"},{"$i":"payment-flow","$v":"Pirkti"},{"$i":"remoteDebuggerMessage","$v":"Gauta užklausa leisti nuotolinį derinimą. Ar leisti užmegzti šį ryšį?"},{"$i":"fullscreen-request","$v":[{"t":"idOrVar","v":"origin"}," rodoma visame ekrane."]},{"$i":"captive-wifi-available","$v":["Aptiktas tinklas „",{"t":"idOrVar","v":"networkName"},"“. Ar jungtis prie jo?"]},{"$i":"ceWarningtitle","$v":"Įspėjimas apie garsį"},{"$i":"ceWarningcontent","$v":"Kad išvengtumėte galimų klausos sutrikimų, neklausykite muzikos dideliu garsu ilgai."},{"$i":"notification-powersaving-mode-on-title","$v":"Energijos taupymo veiksena"},{"$i":"notification-powersaving-mode-on-description","$v":"Energijos taupymo veiksena įgalinta."},{"$i":"low-device-storage","$v":"Įrenginyje liko mažai laisvos vietos.\\n"},{"$i":"free-space","$v":{"zero":"Neliko laisvos vietos.","one":["Liko mažiau nei ",{"t":"idOrVar","v":"value"}," ",{"t":"idOrVar","v":"unit"}," laisvos vietos."],"two":["Liko mažiau nei ",{"t":"idOrVar","v":"value"}," ",{"t":"idOrVar","v":"unit"}," laisvos vietos."],"few":["Liko mažiau nei ",{"t":"idOrVar","v":"value"}," ",{"t":"idOrVar","v":"unit"}," laisvos vietos."],"many":["Liko mažiau nei ",{"t":"idOrVar","v":"value"}," ",{"t":"idOrVar","v":"unit"}," laisvos vietos."],"other":["Liko mažiau nei ",{"t":"idOrVar","v":"value"}," ",{"t":"idOrVar","v":"unit"}," laisvos vietos."]},"$x":[{"t":"idOrVar","v":"plural"},"value"]},{"$i":"unknown-free-space","$v":"Likusios laisvos vietos kiekis nežinomas."},{"$i":"system-alert","$v":"Tinklo pranešimas"},{"$i":"cb-channel","$v":["Kanalas Nr. ",{"t":"idOrVar","v":"channel"}]},{"$i":"cb-etws-warningType-earthquake","$v":"Perspėjimas apie žemės drebėjimą!"},{"$i":"cb-etws-warningType-tsunami","$v":"Perspėjimas apie cunamį!"},{"$i":"cb-etws-warningType-earthquake-tsunami","$v":"Perspėjimas apie žemės drebėjimą ir cunamį!"},{"$i":"cb-etws-warningType-test","$v":"Tikrinama perspėjimų sistema."},{"$i":"cb-etws-warningType-other","$v":"Perspėjimas apie grėsmę!"},{"$i":"icc-message-maintitle","$v":"Operatoriaus pranešimas"},{"$i":"icc-message-subtitle","$v":["SIM Nr. ",{"t":"idOrVar","v":"id"}]},{"$i":"icc-confirmCall-defaultmessage","$v":["Skambinti ",{"t":"idOrVar","v":"number"},"?"]},{"$i":"icc-alertMessage-defaultmessage","$v":"Siunčiamas pranešimas"},{"$i":"icc-confirmMessage-defaultmessage","$v":"Siųsti pranešimą?"},{"$i":"icc-notification-title","$v":["SIM ",{"t":"idOrVar","v":"id"}," STK"]},{"$i":"icc-inputbox-maintitle","$v":"STK užklausa"},{"$i":"icc-inputbox-subtitle","$v":["SIM Nr. ",{"t":"idOrVar","v":"id"}]},{"$i":"emergency-callback-mode","$v":"Grįžtamojo pagalbos skambučio veiksena"},{"$i":"emergency-callback-message","$v":"Skambinti, siųsti žinučių ar jungtis prie interneto šiuo metu negalite, nes įgalinta grįžtamojo pagalbos skambučio veiksena. Ar norite šią veikseną išjungti?"},{"$i":"cdma-record-info","$v":"CDMA įrašų informacija"},{"$i":"ime-switching-title","$v":[{"t":"idOrVar","v":"appName"},": ",{"t":"idOrVar","v":"name"}]},{"$i":"ime-switching-tip","$v":"Bakstelėkite įvesties metodui pakeisti"},{"$i":"shrinking-tip","$v":"Perbraukite dalijimuisi"},{"$i":"download_started","$v":"Parsiuntimas pradėtas"},{"$i":"download_stopped","$v":"Parsiuntimas sustabdytas"},{"$i":"download_downloading","$v":"Parsiunčiama…"},{"$i":"download_succeeded","$v":"Parsiuntimas baigtas"},{"$i":"download_failed","$v":"Parsiuntimas nepavyko"},{"$i":"download_text_by_default","$v":[{"t":"idOrVar","v":"name"}]},{"$i":"download_downloading_text_2","$v":[{"t":"idOrVar","v":"percentage"},"% – ",{"t":"idOrVar","v":"name"}]},{"$i":"search-the-web","$v":"Ieškoti saityne"},{"$i":"search-or-enter-address","$v":"Ieškokite arba įveskite adresą","placeholder":"Ieškokite arba įveskite adresą"},{"$i":"back-button","ariaLabel":"Back"},{"$i":"forward-button","ariaLabel":"Forward"},{"$i":"reload-button","ariaLabel":"Reload"},{"$i":"stop-button","ariaLabel":"Stop"},{"$i":"windows-button","ariaLabel":"Show windows"},{"$i":"noHotspotWhenAPMisOnWifiHotspot","$v":"Turn off airplane mode to use Wi-Fi hotspot."},{"$i":"apmActivated","$v":"Įgalinta skrydžio veiksena"},{"$i":"open-in-new-window","$v":"Open in new window"},{"$i":"open-in-new-private-window","$v":"Open in new private window"},{"$i":"add-link-to-home-screen","$v":"Pridėti saitą į pradžios ekraną"},{"$i":"share-link","$v":"Dalintis saitu"},{"$i":"save-image","$v":"Įrašyti paveikslą"},{"$i":"save-video","$v":"Įrašyti vaizdą"},{"$i":"save-audio","$v":"Įrašyti garsą"},{"$i":"save-link","$v":"Įrašyti saistomą failą"},{"$i":"share-image","$v":"Dalintis paveikslu"},{"$i":"share-video","$v":"Dalintis vaizdo įrašu"},{"$i":"share-audio","$v":"Dalintis garsu"},{"$i":"private-window","$v":"Private Window"},{"$i":"private-window-detail1","$v":"The browser won’t keep any browser history, cookies, or temporary Internet files."},{"$i":"private-window-detail2","$v":"While this device won’t have a record of your browsing history, your Internet service provider can still track the pages you visit."},{"$i":"okCharsLeft","$v":["OK (",{"t":"idOrVar","v":"n"},")"]},{"$i":"accessibility-enableScreenReaderSteps","$v":"Jeigu norite įjungti ekrano skaitytuvą, spustelėkite pagarsinimo mygtuką, o tada nutildymo mygtuką dar tris kartus"},{"$i":"accessibility-disableScreenReaderSteps","$v":"Jeigu norite išjungti ekrano skaityvuą, spustelėkite pagarsinimo mygtuką, o tada nutildymo mygtuką dar tris kartus"},{"$i":"accessibility-screenReaderStarted","$v":"Ekrano skaitytuvas įjungtas"},{"$i":"accessibility-screenReaderStopped","$v":"Ekrano skaitytuvas išjungtas"},{"$i":"accessibility-menubar","$v":"meniu juosta"},{"$i":"accessibility-scrollbar","$v":"slankjuostė"},{"$i":"accessibility-grip","$v":"rankenėlė"},{"$i":"accessibility-alert","$v":"pranešimas"},{"$i":"accessibility-menupopup","$v":"meniu grupė"},{"$i":"accessibility-document","$v":"dokumentas"},{"$i":"accessibility-pane","$v":"polangis"},{"$i":"accessibility-dialog","$v":"dialogo langas"},{"$i":"accessibility-separator","$v":"skyriklis"},{"$i":"accessibility-toolbar","$v":"priemonių juosta"},{"$i":"accessibility-statusbar","$v":"būsenos juosta"},{"$i":"accessibility-table","$v":"lentelė"},{"$i":"accessibility-columnheader","$v":"stulpelio antraštė"},{"$i":"accessibility-rowheader","$v":"eilutės antraštė"},{"$i":"accessibility-column","$v":"stulpelis"},{"$i":"accessibility-row","$v":"eilutė"},{"$i":"accessibility-cell","$v":"langelis"},{"$i":"accessibility-link","$v":"saitas"},{"$i":"accessibility-list","$v":"sąrašas"},{"$i":"accessibility-listitem","$v":"sąrašo elementas"},{"$i":"accessibility-outline","$v":"medis"},{"$i":"accessibility-outlineitem","$v":"medžio elementas"},{"$i":"accessibility-pagetab","$v":"kortelė"},{"$i":"accessibility-propertypage","$v":"savybių lapas"},{"$i":"accessibility-graphic","$v":"paveikslas"},{"$i":"accessibility-pushbutton","$v":"mygtukas"},{"$i":"accessibility-checkbutton","$v":"žymimasis langelis"},{"$i":"accessibility-radiobutton","$v":"akutė"},{"$i":"accessibility-combobox","$v":"jungtinis langelis"},{"$i":"accessibility-progressbar","$v":"eigos juosta"},{"$i":"accessibility-slider","$v":"šliaužiklis"},{"$i":"accessibility-spinbutton","$v":"suktukas"},{"$i":"accessibility-diagram","$v":"diagrama"},{"$i":"accessibility-animation","$v":"animacija"},{"$i":"accessibility-equation","$v":"lygtis"},{"$i":"accessibility-buttonmenu","$v":"mygtuko meniu"},{"$i":"accessibility-whitespace","$v":"tuščia vieta"},{"$i":"accessibility-pagetablist","$v":"kortelių sąrašas"},{"$i":"accessibility-canvas","$v":"drobė"},{"$i":"accessibility-checkmenuitem","$v":"žymimasis meniu elementas"},{"$i":"accessibility-label","$v":"etiketė"},{"$i":"accessibility-passwordtext","$v":"slaptažodžio tekstas"},{"$i":"accessibility-radiomenuitem","$v":"meniu elementas su akute"},{"$i":"accessibility-textcontainer","$v":"teksto blokas"},{"$i":"accessibility-togglebutton","$v":"perjungimo mygtukas"},{"$i":"accessibility-treetable","$v":"lentelė–medis"},{"$i":"accessibility-header","$v":"puslapinė antraštė"},{"$i":"accessibility-footer","$v":"puslapinė poraštė"},{"$i":"accessibility-paragraph","$v":"pastraipa"},{"$i":"accessibility-entry","$v":"įvesties laukas"},{"$i":"accessibility-caption","$v":"pavadinimas"},{"$i":"accessibility-heading","$v":"antraštė"},{"$i":"accessibility-section","$v":"skyrius"},{"$i":"accessibility-form","$v":"forma"},{"$i":"accessibility-comboboxlist","$v":"jungtinio langelio sąrašas"},{"$i":"accessibility-comboboxoption","$v":"jungtinio langelio parinktis"},{"$i":"accessibility-imagemap","$v":"paveikslo planas"},{"$i":"accessibility-listboxoption","$v":"sąrašo langelio parinktis"},{"$i":"accessibility-listbox","$v":"sąrašo langelis"},{"$i":"accessibility-flatequation","$v":"lygtis"},{"$i":"accessibility-gridcell","$v":"tinklelio langelis"},{"$i":"accessibility-note","$v":"pastaba"},{"$i":"accessibility-figure","$v":"iliustracija"},{"$i":"accessibility-definitionlist","$v":"apibrėžčių sąrašas"},{"$i":"accessibility-term","$v":"terminas"},{"$i":"accessibility-definition","$v":"apibrėžtis"},{"$i":"accessibility-textarea","$v":"teksto laukas"},{"$i":"accessibility-textInputType_date","$v":"datos laukas"},{"$i":"accessibility-textInputType_email","$v":"el. pašto adreso laukas"},{"$i":"accessibility-textInputType_search","$v":"paieškos laukas"},{"$i":"accessibility-textInputType_tel","$v":"telefono numerio laukas"},{"$i":"accessibility-textInputType_url","$v":"URL adreso laukas"},{"$i":"accessibility-headingLevel","$v":[{"t":"idOrVar","v":"0"},"-o lygio antraštė"]},{"$i":"accessibility-listStart","$v":"Pirmasis elementas"},{"$i":"accessibility-listEnd","$v":"Paskutinis elementas"},{"$i":"accessibility-listItemsCount","$v":{"zero":[{"t":"idOrVar","v":"count"}," elementų"],"one":[{"t":"idOrVar","v":"count"}," elementas"],"two":[{"t":"idOrVar","v":"count"}," elementai"],"few":[{"t":"idOrVar","v":"count"}," elementai"],"many":[{"t":"idOrVar","v":"count"}," elementų"],"other":[{"t":"idOrVar","v":"count"}," elementų"]},"$x":[{"t":"idOrVar","v":"plural"},"count"]},{"$i":"accessibility-objItemOfN","$v":[{"t":"idOrVar","v":"0"}," iš ",{"t":"idOrVar","v":"1"}]},{"$i":"accessibility-banner","$v":"reklamjuostė"},{"$i":"accessibility-complementary","$v":"papildoma informacija"},{"$i":"accessibility-contentinfo","$v":"informacija apie turinį"},{"$i":"accessibility-main","$v":"pagrindinis turinys"},{"$i":"accessibility-navigation","$v":"navigacija"},{"$i":"accessibility-search","$v":"paieška"},{"$i":"accessibility-tblColumnInfo","$v":{"zero":["iš ",{"t":"idOrVar","v":"count"}," stulpelių"],"one":["iš ",{"t":"idOrVar","v":"count"}," stulpelio"],"two":["iš ",{"t":"idOrVar","v":"count"}," stulpelių"],"few":["iš ",{"t":"idOrVar","v":"count"}," stulpelių"],"many":["iš ",{"t":"idOrVar","v":"count"}," stulpelių"],"other":["iš ",{"t":"idOrVar","v":"count"}," stulpelių"]},"$x":[{"t":"idOrVar","v":"plural"},"count"]},{"$i":"accessibility-tblRowInfo","$v":{"zero":["ir ",{"t":"idOrVar","v":"count"}," eilučių"],"one":["ir ",{"t":"idOrVar","v":"count"}," eilutės"],"two":["ir ",{"t":"idOrVar","v":"count"}," eilučių"],"few":["ir ",{"t":"idOrVar","v":"count"}," eilučių"],"many":["ir ",{"t":"idOrVar","v":"count"}," eilučių"],"other":["ir ",{"t":"idOrVar","v":"count"}," eilučių"]},"$x":[{"t":"idOrVar","v":"plural"},"count"]},{"$i":"accessibility-columnInfo","$v":[{"t":"idOrVar","v":"0"},"-asis stulpelis"]},{"$i":"accessibility-rowInfo","$v":[{"t":"idOrVar","v":"0"},"-oji eilutė"]},{"$i":"accessibility-spansColumns","$v":{"zero":["apima ",{"t":"idOrVar","v":"0"}," stulpelių"],"one":["apima ",{"t":"idOrVar","v":"0"}," stulpelį"],"two":["apima ",{"t":"idOrVar","v":"0"}," stulpelius"],"few":["apima ",{"t":"idOrVar","v":"0"}," stulpelius"],"many":["apima ",{"t":"idOrVar","v":"0"}," stulpelių"],"other":["apima ",{"t":"idOrVar","v":"0"}," stulpelių"]},"$x":[{"t":"idOrVar","v":"plural"},"0"]},{"$i":"accessibility-spansRows","$v":{"zero":["apima ",{"t":"idOrVar","v":"0"}," eilučių"],"one":["apima ",{"t":"idOrVar","v":"0"}," eilutę"],"two":["apima ",{"t":"idOrVar","v":"0"}," eilutes"],"few":["apima ",{"t":"idOrVar","v":"0"}," eilutes"],"many":["apima ",{"t":"idOrVar","v":"0"}," eilučių"],"other":["apima ",{"t":"idOrVar","v":"0"}," eilučių"]},"$x":[{"t":"idOrVar","v":"plural"},"0"]},{"$i":"accessibility-jumpAction","$v":"pereita"},{"$i":"accessibility-pressAction","$v":"nuspausta"},{"$i":"accessibility-checkAction","$v":"pažymėta"},{"$i":"accessibility-uncheckAction","$v":"nužymėta"},{"$i":"accessibility-selectAction","$v":"pasirinkta"},{"$i":"accessibility-unselectAction","$v":"pasirinkimas pašalintas"},{"$i":"accessibility-openAction","$v":"atverta"},{"$i":"accessibility-closeAction","$v":"užverta"},{"$i":"accessibility-switchAction","$v":"perjungta"},{"$i":"accessibility-clickAction","$v":"spustelėta"},{"$i":"accessibility-collapseAction","$v":"suskleista"},{"$i":"accessibility-expandAction","$v":"išskleista"},{"$i":"accessibility-activateAction","$v":"aktyvinta"},{"$i":"accessibility-cycleAction","$v":"perjungta"},{"$i":"accessibility-hidden","$v":"paslėpta"},{"$i":"accessibility-tabLoading","$v":"įkeliama"},{"$i":"accessibility-tabLoaded","$v":"įkelta"},{"$i":"accessibility-tabNew","$v":"nauja kortelė"},{"$i":"accessibility-tabLoadStopped","$v":"įkėlimas nutrauktas"},{"$i":"accessibility-tabReload","$v":"įkeliama iš naujo"},{"$i":"accessibility-stateChecked","$v":"pažymėtas (-a)"},{"$i":"accessibility-stateNotChecked","$v":"nepažymėtas (-a)"},{"$i":"accessibility-statePressed","$v":"nuspaustas"},{"$i":"accessibility-stateExpanded","$v":"išskleistas (-a)"},{"$i":"accessibility-stateCollapsed","$v":"suskleistas (-a)"},{"$i":"accessibility-stateUnavailable","$v":"nepasiekiamas (-a)"},{"$i":"accessibility-stateRequired","$v":"privalomas (-a)"},{"$i":"accessibility-stateTraversed","$v":"aplankytas (-a)"},{"$i":"accessibility-stateHasPopup","$v":"turi iškylantįjį langą"},{"$i":"accessibility-stateSelected","$v":"pasirinktas (-a)"},{"$i":"accessibility-editingMode","$v":"taisymas"},{"$i":"accessibility-navigationMode","$v":"navigavimas"},{"$i":"accessibility-quicknav_Simple","$v":"Numatytai"},{"$i":"accessibility-quicknav_Anchor","$v":"Žymės"},{"$i":"accessibility-quicknav_Button","$v":"Mygtukai"},{"$i":"accessibility-quicknav_Combobox","$v":"Jungtiniai langeliai"},{"$i":"accessibility-quicknav_Landmark","$v":"Žymenys"},{"$i":"accessibility-quicknav_Entry","$v":"Įvesties laukai"},{"$i":"accessibility-quicknav_FormElement","$v":"Formų elementai"},{"$i":"accessibility-quicknav_Graphic","$v":"Paveikslai"},{"$i":"accessibility-quicknav_Heading","$v":"Antraštės"},{"$i":"accessibility-quicknav_ListItem","$v":"Sąrašų elementai"},{"$i":"accessibility-quicknav_Link","$v":"Saitai"},{"$i":"accessibility-quicknav_List","$v":"Sąrašai"},{"$i":"accessibility-quicknav_PageTab","$v":"Kortelės"},{"$i":"accessibility-quicknav_RadioButton","$v":"Akutės"},{"$i":"accessibility-quicknav_Separator","$v":"Skyrikliai"},{"$i":"accessibility-quicknav_Table","$v":"Lentelės"},{"$i":"accessibility-quicknav_Checkbox","$v":"Žymimieji langeliai"},{"$i":"accessibility-menubarAbbr","$v":"meniu juosta"},{"$i":"accessibility-scrollbarAbbr","$v":"slankjuostė"},{"$i":"accessibility-gripAbbr","$v":"rankenėlė"},{"$i":"accessibility-alertAbbr","$v":"pranešimas"},{"$i":"accessibility-menupopupAbbr","$v":"meniu grupė"},{"$i":"accessibility-documentAbbr","$v":"dokumentas"},{"$i":"accessibility-paneAbbr","$v":"polangis"},{"$i":"accessibility-dialogAbbr","$v":"dialogo langas"},{"$i":"accessibility-separatorAbbr","$v":"skyriklis"},{"$i":"accessibility-toolbarAbbr","$v":"priemonių juosta"},{"$i":"accessibility-statusbarAbbr","$v":"būsenos juosta"},{"$i":"accessibility-tableAbbr","$v":"lnt"},{"$i":"accessibility-columnheaderAbbr","$v":"stulpelio antraštė"},{"$i":"accessibility-rowheaderAbbr","$v":"eilutės antraštė"},{"$i":"accessibility-columnAbbr","$v":"stulpelis"},{"$i":"accessibility-rowAbbr","$v":"eilutė"},{"$i":"accessibility-cellAbbr","$v":"langelis"},{"$i":"accessibility-linkAbbr","$v":"st"},{"$i":"accessibility-listAbbr","$v":"sąrašas"},{"$i":"accessibility-listitemAbbr","$v":"sąrašo elementas"},{"$i":"accessibility-outlineAbbr","$v":"medis"},{"$i":"accessibility-outlineitemAbbr","$v":"medžio elementas"},{"$i":"accessibility-pagetabAbbr","$v":"kortelė"},{"$i":"accessibility-propertypageAbbr","$v":"savybių lapas"},{"$i":"accessibility-graphicAbbr","$v":"paveikslas"},{"$i":"accessibility-pushbuttonAbbr","$v":"mgt"},{"$i":"accessibility-checkbuttonAbbr","$v":"žymimasis langelis"},{"$i":"accessibility-radiobuttonAbbr","$v":"akutė"},{"$i":"accessibility-comboboxAbbr","$v":"jungtinis langelis"},{"$i":"accessibility-progressbarAbbr","$v":"eigos juosta"},{"$i":"accessibility-sliderAbbr","$v":"šliaužiklis"},{"$i":"accessibility-spinbuttonAbbr","$v":"suktukas"},{"$i":"accessibility-diagramAbbr","$v":"diagrama"},{"$i":"accessibility-animationAbbr","$v":"animacija"},{"$i":"accessibility-equationAbbr","$v":"lygtis"},{"$i":"accessibility-buttonmenuAbbr","$v":"mygtuko meniu"},{"$i":"accessibility-whitespaceAbbr","$v":"tuščia vieta"},{"$i":"accessibility-pagetablistAbbr","$v":"kortelių sąrašas"},{"$i":"accessibility-canvasAbbr","$v":"drobė"},{"$i":"accessibility-checkmenuitemAbbr","$v":"žymimasis meniu elementas"},{"$i":"accessibility-labelAbbr","$v":"etiketė"},{"$i":"accessibility-passwordtextAbbr","$v":"slpt.tkst"},{"$i":"accessibility-radiomenuitemAbbr","$v":"meniu elementas su akute"},{"$i":"accessibility-textcontainerAbbr","$v":"teksto blokas"},{"$i":"accessibility-togglebuttonAbbr","$v":"perjungimo mygtukas"},{"$i":"accessibility-treetableAbbr","$v":"lentelė–medis"},{"$i":"accessibility-headerAbbr","$v":"puslapinė antraštė"},{"$i":"accessibility-footerAbbr","$v":"puslapinė poraštė"},{"$i":"accessibility-paragraphAbbr","$v":"pastraipa"},{"$i":"accessibility-entryAbbr","$v":"įvesties laukas"},{"$i":"accessibility-captionAbbr","$v":"pavadinimas"},{"$i":"accessibility-headingAbbr","$v":"antraštė"},{"$i":"accessibility-sectionAbbr","$v":"skyrius"},{"$i":"accessibility-formAbbr","$v":"forma"},{"$i":"accessibility-comboboxlistAbbr","$v":"jungtinio langelio sąrašas"},{"$i":"accessibility-comboboxoptionAbbr","$v":"jungtinio langelio parinktis"},{"$i":"accessibility-imagemapAbbr","$v":"pav.pl"},{"$i":"accessibility-listboxoptionAbbr","$v":"sąrašo langelio parinktis"},{"$i":"accessibility-listboxAbbr","$v":"sąrašo langelis"},{"$i":"accessibility-flatequationAbbr","$v":"lygtis"},{"$i":"accessibility-gridcellAbbr","$v":"tinklelio langelis"},{"$i":"accessibility-noteAbbr","$v":"pastaba"},{"$i":"accessibility-figureAbbr","$v":"il"},{"$i":"accessibility-definitionlistAbbr","$v":"apibrėžčių sąrašas"},{"$i":"accessibility-termAbbr","$v":"terminas"},{"$i":"accessibility-definitionAbbr","$v":"apibrėžtis"},{"$i":"accessibility-textareaAbbr","$v":"tkst.lk"},{"$i":"accessibility-tblColumnInfoAbbr","$v":{"one":[{"t":"idOrVar","v":"count"},"s"],"two":[{"t":"idOrVar","v":"count"},"s"],"few":[{"t":"idOrVar","v":"count"},"s"],"many":[{"t":"idOrVar","v":"count"},"s"],"other":[{"t":"idOrVar","v":"count"},"s"]},"$x":[{"t":"idOrVar","v":"plural"},"count"]},{"$i":"accessibility-tblRowInfoAbbr","$v":{"one":[{"t":"idOrVar","v":"count"},"e"],"two":[{"t":"idOrVar","v":"count"},"e"],"few":[{"t":"idOrVar","v":"count"},"e"],"many":[{"t":"idOrVar","v":"count"},"e"],"other":[{"t":"idOrVar","v":"count"},"e"]},"$x":[{"t":"idOrVar","v":"plural"},"count"]},{"$i":"accessibility-cellInfoAbbr","$v":[{"t":"idOrVar","v":"0"},"s",{"t":"idOrVar","v":"1"},"e"]},{"$i":"accessibility-stateCheckedAbbr","$v":"(x)"},{"$i":"accessibility-stateUncheckedAbbr","$v":"( )"},{"$i":"accessibility-statePressedAbbr","$v":"(x)"},{"$i":"accessibility-stateUnpressedAbbr","$v":"( )"},{"$i":"accessibility-pushbutton-hint","$v":"Double tap to activate"},{"$i":"accessibility-checkbutton-hint","$v":"Double tap to activate"},{"$i":"accessibility-combobox-hint","$v":"Double tap to activate"},{"$i":"accessibility-key-hint","$v":"Tap and hold to activate"},{"$i":"accessibility-link-hint","$v":"Double tap to activate"},{"$i":"accessibility-menuitem-hint","$v":"Double tap to activate"},{"$i":"accessibility-option-hint","$v":"Double tap to activate"},{"$i":"accessibility-radiobutton-hint","$v":"Double tap to activate"},{"$i":"accessibility-slider-hint","$v":"Swipe up to increase or down to decrease"},{"$i":"accessibility-spinbutton-hint","$v":"Swipe up to increase or down to decrease"},{"$i":"accessibility-pagetab-hint","$v":"Double tap to activate"},{"$i":"accessibility-entry-hint","$v":"Double tap to activate"},{"$i":"accessibility-outlineitem-hint","$v":"Double tap to activate"},{"$i":"weekday-0-long","$v":"Sekmadienis"},{"$i":"weekday-1-long","$v":"Pirmadienis"},{"$i":"weekday-2-long","$v":"Antradienis"},{"$i":"weekday-3-long","$v":"Trečiadienis"},{"$i":"weekday-4-long","$v":"Ketvirtadienis"},{"$i":"weekday-5-long","$v":"Penktadienis"},{"$i":"weekday-6-long","$v":"Šeštadienis"},{"$i":"weekday-0-short","$v":"Sk"},{"$i":"weekday-1-short","$v":"Pr"},{"$i":"weekday-2-short","$v":"An"},{"$i":"weekday-3-short","$v":"Tr"},{"$i":"weekday-4-short","$v":"Kt"},{"$i":"weekday-5-short","$v":"Pn"},{"$i":"weekday-6-short","$v":"Št"},{"$i":"month-0-long","$v":"sausis"},{"$i":"month-1-long","$v":"vasaris"},{"$i":"month-2-long","$v":"kovas"},{"$i":"month-3-long","$v":"balandis"},{"$i":"month-4-long","$v":"gegužė"},{"$i":"month-5-long","$v":"birželis"},{"$i":"month-6-long","$v":"liepa"},{"$i":"month-7-long","$v":"rugpjūtis"},{"$i":"month-8-long","$v":"rugsėjis"},{"$i":"month-9-long","$v":"spalis"},{"$i":"month-10-long","$v":"lapkritis"},{"$i":"month-11-long","$v":"gruodis"},{"$i":"month-0-genitive","$v":"sausio"},{"$i":"month-1-genitive","$v":"vasario"},{"$i":"month-2-genitive","$v":"kovo"},{"$i":"month-3-genitive","$v":"balandžio"},{"$i":"month-4-genitive","$v":"gegužės"},{"$i":"month-5-genitive","$v":"birželio"},{"$i":"month-6-genitive","$v":"liepos"},{"$i":"month-7-genitive","$v":"rugpjūčio"},{"$i":"month-8-genitive","$v":"rugsėjo"},{"$i":"month-9-genitive","$v":"spalio"},{"$i":"month-10-genitive","$v":"lapkričio"},{"$i":"month-11-genitive","$v":"gruodžio"},{"$i":"month-0-short","$v":"Sau"},{"$i":"month-1-short","$v":"Vas"},{"$i":"month-2-short","$v":"Kov"},{"$i":"month-3-short","$v":"Bal"},{"$i":"month-4-short","$v":"Geg"},{"$i":"month-5-short","$v":"Bir"},{"$i":"month-6-short","$v":"Lie"},{"$i":"month-7-short","$v":"Rgp"},{"$i":"month-8-short","$v":"Rgs"},{"$i":"month-9-short","$v":"Spa"},{"$i":"month-10-short","$v":"Lap"},{"$i":"month-11-short","$v":"Grd"},{"$i":"minutes-ago-long","$v":{"zero":"ką tik","one":["prieš ",{"t":"idOrVar","v":"value"}," minutę"],"two":["prieš ",{"t":"idOrVar","v":"value"}," minutes"],"few":["prieš ",{"t":"idOrVar","v":"value"}," minutes"],"many":["prieš ",{"t":"idOrVar","v":"value"}," minučių"],"other":["prieš ",{"t":"idOrVar","v":"value"}," minučių"]},"$x":[{"t":"idOrVar","v":"plural"},"value"]},{"$i":"hours-ago-long","$v":{"zero":"ką tik","one":["prieš ",{"t":"idOrVar","v":"value"}," valandą"],"two":["prieš ",{"t":"idOrVar","v":"value"}," valandas"],"few":["prieš ",{"t":"idOrVar","v":"value"}," valandas"],"many":["prieš ",{"t":"idOrVar","v":"value"}," valandų"],"other":["prieš ",{"t":"idOrVar","v":"value"}," valandų"]},"$x":[{"t":"idOrVar","v":"plural"},"value"]},{"$i":"days-ago-long","$v":{"zero":"šiandien","one":"vakar","two":["prieš ",{"t":"idOrVar","v":"value"}," dienas"],"few":["prieš ",{"t":"idOrVar","v":"value"}," dienas"],"many":["prieš ",{"t":"idOrVar","v":"value"}," dienų"],"other":["prieš ",{"t":"idOrVar","v":"value"}," dienų"]},"$x":[{"t":"idOrVar","v":"plural"},"value"]},{"$i":"weeks-ago-long","$v":{"zero":"šią savaitę","one":"praėjusią savaitę","two":["prieš ",{"t":"idOrVar","v":"value"}," savaites"],"few":["prieš ",{"t":"idOrVar","v":"value"}," savaites"],"many":["prieš ",{"t":"idOrVar","v":"value"}," savaičių"],"other":["prieš ",{"t":"idOrVar","v":"value"}," savaičių"]},"$x":[{"t":"idOrVar","v":"plural"},"value"]},{"$i":"months-ago-long","$v":{"zero":"šį mėnesį","one":"praėjusį mėnesį","two":["prieš ",{"t":"idOrVar","v":"value"}," mėnesius"],"few":["prieš ",{"t":"idOrVar","v":"value"}," mėnesius"],"many":["prieš ",{"t":"idOrVar","v":"value"}," mėnesių"],"other":["prieš ",{"t":"idOrVar","v":"value"}," mėnesių"]},"$x":[{"t":"idOrVar","v":"plural"},"value"]},{"$i":"years-ago-long","$v":{"zero":"šiemet","one":["prieš ",{"t":"idOrVar","v":"value"}," metus"],"two":["prieš ",{"t":"idOrVar","v":"value"}," metus"],"few":["prieš ",{"t":"idOrVar","v":"value"}," metus"],"many":["prieš ",{"t":"idOrVar","v":"value"}," metų"],"other":["prieš ",{"t":"idOrVar","v":"value"}," metų"]},"$x":[{"t":"idOrVar","v":"plural"},"value"]},{"$i":"minutes-until-long","$v":{"zero":"dabar","one":["už ",{"t":"idOrVar","v":"value"}," minutės"],"two":["už ",{"t":"idOrVar","v":"value"}," minučių"],"few":["už ",{"t":"idOrVar","v":"value"}," minučių"],"many":["už ",{"t":"idOrVar","v":"value"}," minučių"],"other":["už ",{"t":"idOrVar","v":"value"}," minučių"]},"$x":[{"t":"idOrVar","v":"plural"},"value"]},{"$i":"hours-until-long","$v":{"zero":"dabar","one":["už ",{"t":"idOrVar","v":"value"}," valandos"],"two":["už ",{"t":"idOrVar","v":"value"}," valandų"],"few":["už ",{"t":"idOrVar","v":"value"}," valandų"],"many":["už ",{"t":"idOrVar","v":"value"}," valandų"],"other":["už ",{"t":"idOrVar","v":"value"}," valandų"]},"$x":[{"t":"idOrVar","v":"plural"},"value"]},{"$i":"days-until-long","$v":{"zero":"šiandien","one":"rytoj","two":["už ",{"t":"idOrVar","v":"value"}," dienų"],"few":["už ",{"t":"idOrVar","v":"value"}," dienų"],"many":["už ",{"t":"idOrVar","v":"value"}," dienų"],"other":["už ",{"t":"idOrVar","v":"value"}," dienų"]},"$x":[{"t":"idOrVar","v":"plural"},"value"]},{"$i":"weeks-until-long","$v":{"zero":"šią savaitę","one":"kitą savaitę","two":["už ",{"t":"idOrVar","v":"value"}," savaičių"],"few":["už ",{"t":"idOrVar","v":"value"}," savaičių"],"many":["už ",{"t":"idOrVar","v":"value"}," savaičių"],"other":["už ",{"t":"idOrVar","v":"value"}," savaičių"]},"$x":[{"t":"idOrVar","v":"plural"},"value"]},{"$i":"months-until-long","$v":{"zero":"šį mėnesį","one":"kitą mėnesį","two":["už ",{"t":"idOrVar","v":"value"}," mėnesių"],"few":["už ",{"t":"idOrVar","v":"value"}," mėnesių"],"many":["už ",{"t":"idOrVar","v":"value"}," mėnesių"],"other":["už ",{"t":"idOrVar","v":"value"}," mėnesių"]},"$x":[{"t":"idOrVar","v":"plural"},"value"]},{"$i":"years-until-long","$v":{"zero":"šiemet","one":"kitais metais","two":["už ",{"t":"idOrVar","v":"value"}," metų"],"few":["už ",{"t":"idOrVar","v":"value"}," metų"],"many":["už ",{"t":"idOrVar","v":"value"}," metų"],"other":["už ",{"t":"idOrVar","v":"value"}," metų"]},"$x":[{"t":"idOrVar","v":"plural"},"value"]},{"$i":"minutes-ago-short","$v":{"zero":"ką tik","other":["prieš ",{"t":"idOrVar","v":"value"}," min."]},"$x":[{"t":"idOrVar","v":"plural"},"value"]},{"$i":"hours-ago-short","$v":{"zero":"ką tik","other":["prieš ",{"t":"idOrVar","v":"value"}," val."]},"$x":[{"t":"idOrVar","v":"plural"},"value"]},{"$i":"days-ago-short","$v":{"zero":"šiandien","other":["prieš ",{"t":"idOrVar","v":"value"}," d."]},"$x":[{"t":"idOrVar","v":"plural"},"value"]},{"$i":"minutes-until-short","$v":{"zero":"dabar","other":["už ",{"t":"idOrVar","v":"value"}," min."]},"$x":[{"t":"idOrVar","v":"plural"},"value"]},{"$i":"hours-until-short","$v":{"zero":"dabar","other":["už ",{"t":"idOrVar","v":"value"}," val."]},"$x":[{"t":"idOrVar","v":"plural"},"value"]},{"$i":"days-until-short","$v":{"zero":"šiandien","other":["už ",{"t":"idOrVar","v":"value"}," d."]},"$x":[{"t":"idOrVar","v":"plural"},"value"]},{"$i":"incorrectDate","$v":"(negalima data)"},{"$i":"dateTimeFormat_%c","$v":"%Y m. %Eb %e d. %H:%M:%S"},{"$i":"dateTimeFormat_%x","$v":"%Y-%m-%d"},{"$i":"dateTimeFormat_%X","$v":"%H:%M:%S"},{"$i":"shortTimeFormat","$v":"%H:%M"},{"$i":"shortTimeFormat12","$v":"%I:%M %p"},{"$i":"shortTimeFormat24","$v":"%H:%M"},{"$i":"shortDateTimeFormat","$v":"%x %H:%M"},{"$i":"weekStartsOnMonday","$v":"1"},{"$i":"firstDayOfTheWeek","$v":"0"},{"$i":"time_am","$v":"AM"},{"$i":"time_pm","$v":"PM"},{"$i":"title-app","$v":"Programos leidimas"},{"$i":"title-web","$v":"Svetainės leidimas"},{"$i":"title-cam","$v":"Pasirinkite kamerą"},{"$i":"perm-alarms","$v":"Signalų planavimas"},{"$i":"perm-audio-capture","$v":"Mikrofonas"},{"$i":"perm-audio-capture-appRequest","$v":["Ar suteiksite programai „",{"t":"idOrVar","v":"app"},"“ prieigą prie jūsų mikforono?"]},{"$i":"perm-audio-capture-webRequest","$v":["Ar suteiksite svetainei ",{"t":"idOrVar","v":"site"}," prieigą prie jūsų mikrofono?"]},{"$i":"perm-audio-channel-content","$v":"Garsų atkūrimas"},{"$i":"perm-audio-channel-notification","$v":"Pranešimo garsų atkūrimas"},{"$i":"perm-audio-channel-ringer","$v":"Skambėjimo garsų atkūrimas"},{"$i":"perm-background-sensors","$v":"Prieiga prie jutiklių duomenų"},{"$i":"perm-bluetooth","$v":"„Bluetooth“"},{"$i":"perm-browser","$v":"Saityno tinklalapių tyrimas"},{"$i":"perm-camera","$v":"Kameros"},{"$i":"perm-camera-selector-appRequest","$v":["Pasirinkite kamerą, prie kurios programai „",{"t":"idOrVar","v":"app"},"“ suteiksite prieigą."]},{"$i":"perm-camera-selector-webRequest","$v":["Pasirinkite kamerą, prie kurios svetainei „",{"t":"idOrVar","v":"site"},"“ suteiksite prieigą."]},{"$i":"perm-camera-appRequest","$v":[{"t":"idOrVar","v":"app"}," would like to use your camera."]},{"$i":"perm-camera-webRequest","$v":[{"t":"idOrVar","v":"site"}," would like to use your camera."]},{"$i":"perm-cellbroadcast","$v":"Tinklo pranešimai"},{"$i":"perm-contacts","$v":"Adresatai"},{"$i":"perm-contacts-appRequest","$v":["Programa „",{"t":"idOrVar","v":"app"},"“ prašo prieigos prie jūsų adresatų sąrašo."]},{"$i":"perm-contacts-webRequest","$v":["Svetainė ",{"t":"idOrVar","v":"site"}," prašo prieigos prie jūsų adresatų sąrašo."]},{"$i":"perm-desktop-notification","$v":"Pranešimai"},{"$i":"perm-desktop-notification-appRequest","$v":["Programa „",{"t":"idOrVar","v":"app"},"“ prašo leidimo rodyti pranešimus."]},{"$i":"perm-desktop-notification-webRequest","$v":["Svetainė ",{"t":"idOrVar","v":"site"}," prašo leidimo rodyti pranešimus."]},{"$i":"perm-device-storage-apps","$v":"Programų talpykla"},{"$i":"perm-device-storage-music","$v":"Muzikos talpykla"},{"$i":"perm-device-storage-music-appRequest","$v":["Programa „",{"t":"idOrVar","v":"app"},"“ prašo prieigos prie jūsų muzikos."]},{"$i":"perm-device-storage-music-webRequest","$v":["Svetainė „",{"t":"idOrVar","v":"site"},"“ prašo prieigos prie jūsų muzikos."]},{"$i":"perm-device-storage-pictures","$v":"Paveikslų talpykla"},{"$i":"perm-device-storage-pictures-appRequest","$v":["Programa „",{"t":"idOrVar","v":"app"},"“ prašo prieigos prie jūsų paveikslų."]},{"$i":"perm-device-storage-pictures-webRequest","$v":["Svetainė ",{"t":"idOrVar","v":"site"}," prašo prieigos prie jūsų paveikslų."]},{"$i":"perm-device-storage-sdcard","$v":"Atminties kortelė"},{"$i":"perm-device-storage-sdcard-appRequest","$v":["Programa „",{"t":"idOrVar","v":"app"},"“ prašo prieigos prie jūsų atminties kortelės."]},{"$i":"perm-device-storage-sdcard-webRequest","$v":["Svetainė ",{"t":"idOrVar","v":"site"}," prašo prieigos prie jūsų atminties kortelės."]},{"$i":"perm-device-storage-videos","$v":"Vaizdo įrašų talpykla"},{"$i":"perm-device-storage-videos-appRequest","$v":["Programa „",{"t":"idOrVar","v":"app"},"“ prašo prieigos prie jūsų vaizdo įrašų."]},{"$i":"perm-device-storage-videos-webRequest","$v":["Svetainė ",{"t":"idOrVar","v":"site"}," prašo prieigos prie jūsų vaizdo įrašų."]},{"$i":"perm-embed-apps","$v":"Programų įterpimas"},{"$i":"perm-fmradio","$v":"FM radijas"},{"$i":"perm-fmradio-appRequest","$v":["Programa „",{"t":"idOrVar","v":"app"},"“ prašo leidimo naudotis FM radijo imtuvu."]},{"$i":"perm-fmradio-webRequest","$v":["Svetainė ",{"t":"idOrVar","v":"site"}," prašo leidimo naudotis FM radijo imtuvu."]},{"$i":"perm-geolocation","$v":"Geografinė vieta"},{"$i":"perm-geolocation-appRequest","$v":["Programa „",{"t":"idOrVar","v":"app"},"“ prašo atskleisti jūsų geografinę vietą."]},{"$i":"perm-geolocation-more-info","$v":["„",{"t":"idOrVar","v":"brandShortName"},"“ jūsų buvimo vietai nustatyti naudoja duomenis, tokius, kaip GPS signalas ir pasiekiamų belaidžių bei mobiliojo ryšio tinklų sąrašas. Šie duomenys siunčiami „Mozillai“ ir jos paslaugų teikėjams ir, agregavus, yra naudojami geografinių vietų duomenų bazėms tobulinti. Šie duomenys gali būti saugomi jūsų įrenginyje ir kaupiami net tada, kai nėra paleistos jokios juos naudojančios programos."]},{"$i":"perm-geolocation-webRequest","$v":["Svetainė ",{"t":"idOrVar","v":"site"}," prašo atskleisti jūsų geografinę vietą."]},{"$i":"perm-idle","$v":"Laukimo būsenos matymas"},{"$i":"perm-indexedDB-chrome-settings","$v":"Privilegijuotoji indeksuotoji DB"},{"$i":"perm-indexedDB-unlimited","$v":"Neribojama indeksuotosios DB apimtis"},{"$i":"perm-input-manage","$v":"Klaviatūrų tvarkymas"},{"$i":"perm-input","$v":"Klaviatūros veiksena"},{"$i":"perm-media-capture","$v":"Kamera ir mikrofonas"},{"$i":"perm-media-capture-appRequest","$v":["Ar suteiksite programai „",{"t":"idOrVar","v":"app"},"“ prieigą prie jūsų kameros ir mikrofono?"]},{"$i":"perm-media-capture-webRequest","$v":["Ar suteiksite svetainei ",{"t":"idOrVar","v":"site"}," prieigą prie jūsų kameros ir mikrofono?"]},{"$i":"perm-mobileconnection","$v":"Mobilusis ryšys"},{"$i":"perm-mobileid","$v":"Mobilioji tapatybė"},{"$i":"perm-network-events","$v":"Tinklo įvykiai"},{"$i":"perm-open-remote-window","$v":"Programos vykdymas"},{"$i":"perm-permissions","$v":"Programų leidimų tvarkymas"},{"$i":"perm-power","$v":"Maitinimo nuostatos"},{"$i":"perm-settings","$v":"Nuostatų keitimas"},{"$i":"perm-systemXHR","$v":"Skirtingos kilmės užklausos"},{"$i":"perm-telephony","$v":"Telefonija"},{"$i":"perm-video-capture","$v":"Kamera"},{"$i":"perm-video-capture-appRequest","$v":["Ar suteiksite programai „",{"t":"idOrVar","v":"app"},"“ prieigą prie jūsų kameros?"]},{"$i":"perm-video-capture-webRequest","$v":["Ar suteiksite svetainei ",{"t":"idOrVar","v":"site"}," prieigą prie jūsų kameros?"]},{"$i":"perm-voicemail","$v":"Balso pašto tvarkymas"},{"$i":"perm-webapps-manage","$v":"Programų diegimas"},{"$i":"perm-wifi-manage","$v":"Belaidžių tinklų tvarkymas"},{"$i":"perm-attention","$v":"Perdangų atvėrimas"},{"$i":"perm-audio-channel-alarm","$v":"Įspėjimo garsų atkūrimas"},{"$i":"perm-audio-channel-normal","$v":"Garsų atkūrimas"},{"$i":"perm-audio-channel-publicnotification","$v":"Viešųjų pranešimo garsų atkūrimas"},{"$i":"perm-audio-channel-telephony","$v":"Telefono pokalbio garso atkūrimas"},{"$i":"perm-backgroundservice","$v":"Foninės tarnybos veiksena"},{"$i":"perm-device-storage-crashes","$v":"Strigčių duomenų talpykla"},{"$i":"perm-downloads","$v":"Prieiga prie parsiuntimų"},{"$i":"perm-embed-widgets","$v":"Valdiklių įterpimas"},{"$i":"perm-feature-detection","$v":"Galimybių aptikimas"},{"$i":"perm-firefox-accounts","$v":"„Firefox“ paskyros"},{"$i":"perm-mobilenetwork","$v":"Mobilusis tinklas"},{"$i":"perm-moz-attention","$v":"Perdangų atvėrimas (moz)"},{"$i":"perm-moz-audio-channel-ringer","$v":"Skambėjimo garsų atkūrimas (moz)"},{"$i":"perm-moz-audio-channel-telephony","$v":"Telefono pokalnio garso atkūrimas (moz)"},{"$i":"perm-moz-firefox-accounts","$v":"„Firefox“ paskyros (moz)"},{"$i":"perm-networkstats-manage","$v":"Naudojimo statistikos valdymas"},{"$i":"perm-nfc","$v":"NFC"},{"$i":"perm-nfc-hci-events","$v":"NFC HCI įvykiai"},{"$i":"perm-nfc-manager","$v":"NFC valdymas"},{"$i":"perm-phonenumberservice","$v":"Telefono numerio tarnyba"},{"$i":"perm-push","$v":"Push API"},{"$i":"perm-resourcestats-manage","$v":"Išteklių statistika"},{"$i":"perm-sms","$v":"SMS siuntimas ir skaitymas"},{"$i":"perm-speaker-control","$v":"Garsio valdymas"},{"$i":"perm-storage","$v":"Prieiga prie atmintinės"},{"$i":"perm-tcp-socket","$v":"TCP lizdai"},{"$i":"perm-test-permission","$v":"Testinis leidimas"},{"$i":"perm-time","$v":"Datos ir laiko keitimas"},{"$i":"perm-udp-socket","$v":"UDP lizdai"},{"$i":"perm-wappush","$v":"WAP Push"},{"$i":"stopped_download_title","$v":"Parsiuntimas sustabdytas"},{"$i":"stopped_download_message","$v":"Parsiuntimas sustabdytas. Ar bandyti siųsti iš naujo?"},{"$i":"stopped_download_left_button","$v":"Atsisakyti"},{"$i":"stopped_download_right_button","$v":"Bandyti iš naujo"},{"$i":"failed_download_title","$v":"Parsiuntimas nepavyko"},{"$i":"failed_download_message","$v":["Failo „",{"t":"idOrVar","v":"name"},"“ parsiųsti nepavyko. Ar bandyti siųsti iš naujo?"]},{"$i":"failed_download_left_button","$v":"Atsisakyti"},{"$i":"failed_download_right_button","$v":"Bandyti iš naujo"},{"$i":"stop_download_title","$v":"Parsiuntimo stabdymas"},{"$i":"stop_download_message","$v":"Ar tikrai norite stabdyti šį parsiuntimą?"},{"$i":"stop_download_left_button","$v":"Ne"},{"$i":"stop_download_right_button","$v":"Taip"},{"$i":"delete_download_title","$v":"Šalinimas"},{"$i":"delete_download_message","$v":["Pašalinti „",{"t":"idOrVar","v":"name"},"“?"]},{"$i":"delete_download_left_button","$v":"Atsisakyti"},{"$i":"delete_download_right_button","$v":"Šalinti"},{"$i":"delete_all_download_title","$v":"Šalinimas"},{"$i":"delete_all_download_left_button","$v":"Atsisakyti"},{"$i":"delete_all_download_right_button","$v":"Šalinti"},{"$i":"delete_all_download_message","$v":{"zero":"Šalinti nulį failų?","one":["Pašalinti ",{"t":"idOrVar","v":"number"}," failą?"],"two":["Pašalinti ",{"t":"idOrVar","v":"number"}," failus?"],"few":["Pašalinti ",{"t":"idOrVar","v":"number"}," failus?"],"many":["Pašalinti ",{"t":"idOrVar","v":"number"}," failų?"],"other":["Pašalinti ",{"t":"idOrVar","v":"number"}," failų?"]},"$x":[{"t":"idOrVar","v":"plural"},"number"]},{"$i":"unsupported_file_type_download_title","$v":"Failo nepavyko atverti"},{"$i":"unsupported_file_type_download_message","$v":["Nerasta programa, galinti atverti failą „",{"t":"idOrVar","v":"name"},"“. Ar norite įrašyti šį failą, ar pašalinti jį?"]},{"$i":"unsupported_file_type_download_left_button","$v":"Įrašyti"},{"$i":"unsupported_file_type_download_right_button","$v":"Šalinti"},{"$i":"file_not_found_download_title","$v":"Failas nerastas"},{"$i":"file_not_found_download_message","$v":"Failas šiame įrenginyje nerastas"},{"$i":"file_not_found_download_right_button","$v":"Gerai"},{"$i":"unmounted_sdcard_2_download_title","$v":"Atminties kortelė naudojama"},{"$i":"unmounted_sdcard_2_download_message","$v":"Atjunkite telefoną nuo kito įrenginio"},{"$i":"unmounted_sdcard_2_download_right_button","$v":"Gerai"},{"$i":"no_provider_download_title","$v":"Pasidalinti nepavyko"},{"$i":"no_provider_download_message","$v":"Neaptikta dalijimosi būdų"},{"$i":"no_provider_download_right_button","$v":"Gerai"},{"$i":"no_memory_download_title","$v":"Atminties kortelė pilna"},{"$i":"no_memory_download_message","$v":"Įdėtoje atminties kortelėje nebėra laisvos vietos šiam siuntiniui įrašyti. Pašalinkite dalį failų iš kortelės, tada bandykite siųstis iš naujo."},{"$i":"no_memory_download_right_button","$v":"Gerai"},{"$i":"no_sdcard_found_2_download_title","$v":"Neaptikta atminties kortelė"},{"$i":"no_sdcard_found_2_download_message","$v":"Įdėkite atminties kortelę arba nuostatose pasirinkite kitą atmintinę kaip pagrindinę medijai."},{"$i":"no_sdcard_found_2_download_right_button","$v":"Gerai"},{"$i":"file_open_error_download_title","$v":"Nepavyko atverti"},{"$i":"file_open_error_download_message","$v":["Iškilo problema, bandant atverti failą „",{"t":"idOrVar","v":"name"},"“. Ar norite įrašyti šį failą, ar pašalinti jį?"]},{"$i":"file_open_error_download_left_button","$v":"Įrašyti"},{"$i":"file_open_error_download_right_button","$v":"Šalinti"},{"$i":"restart_download_error","$v":"Bandant iš naujo pradėti parsiuntimą, įvyko klaida. Bandykite failą parsiųsti iš naujo."},{"$i":"no-downloads","$v":"Parsiuntimų nėra"},{"$i":"percentage","$v":[{"t":"idOrVar","v":"percentage"}," %"]},{"$i":"partialResult","$v":[{"t":"idOrVar","v":"partial"}," iš ",{"t":"idOrVar","v":"total"}]},{"$i":"summary","$v":[{"t":"idOrVar","v":"date"}," – ",{"t":"idOrVar","v":"status"}]},{"$i":"download-stopped","$v":"Sustabdytas"},{"$i":"download-failed","$v":"Nepavyko parsiųsti"},{"$i":"open_downloaded_file","$v":"Atverti"},{"$i":"share_downloaded_file","$v":"Dalintis"},{"$i":"wallpaper_downloaded_file","$v":"Naudoti kaip ekrano foną"},{"$i":"ringtone_downloaded_file","$v":"Naudoti kaip skambėjimo garsą"},{"$i":"cancel_downloaded_file","$v":"Atsisakyti"},{"$i":"voicemailNoNumberTitle","$v":"Nenurodytas balso pašto numeris"},{"$i":"voicemailNoNumberText","$v":"Skambutis į balso paštą neįvyko – pirma turite nurodyti balso pašto numerį."},{"$i":"voicemailNoNumberSettings","$v":"Nuostatos"},{"$i":"voicemailNoNumberCancel","$v":"Atsisakyti"},{"$i":"airplaneMode","$v":"Skrydžio veiksena"},{"$i":"searching","$v":"Ieškoma…"},{"$i":"noNetwork","$v":"Nerastas tinklas"},{"$i":"roaming","$v":[{"t":"idOrVar","v":"operator"}," (tarptinklinis ryšys)"]},{"$i":"operator-info","$v":[{"t":"idOrVar","v":"carrier"}," ",{"t":"idOrVar","v":"region"}]},{"$i":"emergencyCallsOnly","$v":"Tik pagalbos skambučiai"},{"$i":"emergencyCallsOnly-unknownSIMState","$v":"(nežinoma SIM kortelės būsena)"},{"$i":"emergencyCallsOnly-noSIM","$v":"(be SIM kortelės)"},{"$i":"emergencyCallsOnly-pinRequired","$v":"(reikalingas SIM PIN kodas)"},{"$i":"emergencyCallsOnly-pukRequired","$v":"(reikalingas SIM PUK kodas)"},{"$i":"emergencyCallsOnly-networkLocked","$v":"(„pririštas“ prie tinklo)"},{"$i":"emergencyCallsOnly-serviceProviderLocked","$v":"(„pririštas“ prie paslaugos teikėjo)"},{"$i":"emergencyCallsOnly-corporateLocked","$v":"(„pririštas“ prie įmonės)"},{"$i":"emergencyCallsOnly-network1Locked","$v":"(„pririštas“ prie pirmojo tinklo)"},{"$i":"emergencyCallsOnly-network2Locked","$v":"(„pririštas“ prie antrojo tinklo)"},{"$i":"emergencyCallsOnly-hrpdNetworkLocked","$v":"(HRPD „pririštas“ prie tinklo)"},{"$i":"emergencyCallsOnly-ruimCorporateLocked","$v":"(RUIM „pririštas“ prie įmonės)"},{"$i":"emergencyCallsOnly-ruimServiceProviderLocked","$v":"(RUIM „pririštas“ prie paslaugos teikėjo)"},{"$i":"lockscreen-sim-id","$v":["SIM ",{"t":"idOrVar","v":"n"}]},{"$i":"charging-no-time","$v":[{"t":"idOrVar","v":"level"},"% Charged"]},{"$i":"charging-minutes","$v":{"zero":[{"t":"idOrVar","v":"level"},"% Charged (",{"t":"idOrVar","v":"minutes"}," mins remaining)"],"one":[{"t":"idOrVar","v":"level"},"% Charged (",{"t":"idOrVar","v":"minutes"}," min remaining)"],"two":[{"t":"idOrVar","v":"level"},"% Charged (",{"t":"idOrVar","v":"minutes"}," mins remaining)"],"few":[{"t":"idOrVar","v":"level"},"% Charged (",{"t":"idOrVar","v":"minutes"}," mins remaining)"],"many":[{"t":"idOrVar","v":"level"},"% Charged (",{"t":"idOrVar","v":"minutes"}," mins remaining)"],"other":[{"t":"idOrVar","v":"level"},"% Charged (",{"t":"idOrVar","v":"minutes"}," mins remaining)"]},"$x":[{"t":"idOrVar","v":"plural"},"minutes"]},{"$i":"charging-hours","$v":{"zero":[{"t":"idOrVar","v":"level"},"% Charged (",{"t":"idOrVar","v":"hours"},"h ",{"t":"idOrVar","v":"minutes"}," mins remaining)"],"one":[{"t":"idOrVar","v":"level"},"% Charged (",{"t":"idOrVar","v":"hours"},"h ",{"t":"idOrVar","v":"minutes"}," min remaining)"],"two":[{"t":"idOrVar","v":"level"},"% Charged (",{"t":"idOrVar","v":"hours"},"h ",{"t":"idOrVar","v":"minutes"}," mins remaining)"],"few":[{"t":"idOrVar","v":"level"},"% Charged (",{"t":"idOrVar","v":"hours"},"h ",{"t":"idOrVar","v":"minutes"}," mins remaining)"],"many":[{"t":"idOrVar","v":"level"},"% Charged (",{"t":"idOrVar","v":"hours"},"h ",{"t":"idOrVar","v":"minutes"}," mins remaining)"],"other":[{"t":"idOrVar","v":"level"},"% Charged (",{"t":"idOrVar","v":"hours"},"h ",{"t":"idOrVar","v":"minutes"}," mins remaining)"]},"$x":[{"t":"idOrVar","v":"plural"},"minutes"]},{"$i":"gaia-menu-cancel","$v":"Atsisakyti"},{"$i":"resend","$v":"Kartoti"},{"$i":"connecting","$v":"Jungiamasi"},{"$i":"verify","$v":"Patvirtinti"},{"$i":"verifying","$v":"Patvirtinama"},{"$i":"verified","$v":"Patvirtinta"},{"$i":"mobileIDExplanation","$v":["Programa „",{"t":"idOrVar","v":"app_name"},"“ nori sužinoti ir patikrinti jūsų telefono numerį. Pasirinkite, kurį numerį jai pateikti, arba įveskite naują."]},{"$i":"verificationCodeExplanation","$v":["Telefonu ",{"t":"idOrVar","v":"phone_number"}," išsiųstas kodas. Programa bandys jį „sugauti“ automatiškai, tačiau jeigu nurodytas numeris naudojamas ne šiame įrenginyje, gautą kodą turėsite įvesti jūs."]},{"$i":"successMessage","$v":["Puiku! Jūsų numeris ",{"t":"idOrVar","v":"phone_number"}," dabar patvirtintas ir pateiktas programai „",{"t":"idOrVar","v":"app_name"},"“."]},{"$i":"serverErrorMessage","$v":"Šiuo metu patvirtinimo serveris neatsako. Patikrinkite, ar esate prisijungę prie interneto, arba bandykite dar kartą."},{"$i":"timeoutErrorMessage","$v":"Atrodo, kažkas negerai su jūsų patvirtinimo kodu. Pabandykime dar kartą!"},{"$i":"errorTitle","$v":"Mobilioji tapatybė"},{"$i":"addPhoneNumber","$v":"Arba pridėkite telefono numerį"},{"$i":"selectPhoneNumber","$v":"Arba pasirinkite numerį iš sąrašo"},{"$i":"network-error-in-app","$v":"Šiuo metu internetas nepasiekiamas."},{"$i":"network-error-launching","$v":["Programai „",{"t":"idOrVar","v":"name"},"“ būtinas interneto ryšys."]},{"$i":"server-not-found","$v":"Serveris nerastas"},{"$i":"server-not-found-error","$v":["Serverio ",{"t":"idOrVar","v":"name"}," rasti nepavyko."]},{"$i":"file-not-found","$v":"Failas nerastas"},{"$i":"file-not-found-error","$v":"Šio tinklalapio nepavyko atvaizduoti, nes failas nerastas."},{"$i":"connection-failed","$v":"Nepavyko prisijungti"},{"$i":"connection-failed-error","$v":"Bandant užmegzti ryšį su svetaine, iškilo tinklo nesklandumų."},{"$i":"invalid-connection","$v":"Nepavyko prisijungti"},{"$i":"invalid-connection-error","$v":"Bandant užmegzti ryšį su svetaine, iškilo tinklo nesklandumų."},{"$i":"malformed-uri","$v":"Adresas neteisingas"},{"$i":"malformed-uri-error","$v":"Įvestasis URL adresas yra neteisingas ir negali būti atvertas."},{"$i":"redirect-loop","$v":"Tinklalapio atvaizduoti nepavyko"},{"$i":"redirect-loop-error","$v":"Šio tinklalapio nepavyko atvaizduoti, nes jis netinkamai peradresuoja užklausas. Pabandykite prie jo jungtis vėliau."},{"$i":"not-cached","$v":"Tinklalapis nebegalioja"},{"$i":"not-cached-error","$v":"Saugumo sumetimais šis tinklalapis nebebus atvaizduotas, nes jo galiojimas baigėsi."},{"$i":"is-printing-error","$v":"Dokumentas negali būtų keičiamas spausdinimo ar spaudinio peržiūros metu."},{"$i":"denied-port-access","$v":"Šis adresas draudžiamas"},{"$i":"denied-port-access-error","$v":"Šiame adrese nurodytas tinklo prievadas, kuris paprastai naudojamas kitais tikslais, o ne naršymui. Saugumo sumetimais ši užklausa neįvykdyta."},{"$i":"proxy-resolve-failure","$v":"Įgaliotojo serverio klaida"},{"$i":"proxy-resolve-failure-error","$v":"Įrenginys sukonfigūruotas naudoti tarpinį serverį, kurio rasti nepavyko."},{"$i":"proxy-connect-failure","$v":"Įgaliotojo serverio klaida"},{"$i":"proxy-connect-failure-error","$v":"Įrenginys sukonfigūruotas naudoti tarpinį serverį, kuris atmeta bandomus užmegzti ryšius."},{"$i":"content-encoding","$v":"Tinklalapio atvaizduoti nepavyko"},{"$i":"content-encoding-error","$v":"Šis tinklalapis neatvaizduotas dėl glaudinimo klaidos."},{"$i":"remote-xul","$v":"Tinklalapis negalimas"},{"$i":"remote-xul-error","$v":"Šis tinklalapis neatvaizduotas, nes jame naudojama šiame įrenginyje nepalaikoma technologija."},{"$i":"phishing-blocked","$v":"Įspėjimas"},{"$i":"phishing-blocked-error","$v":"Yra pranešta, jog ši svetainė siekia apgaulės būdu iš lankytojų išvilioti jų asmeninius ar finansinius duomenis."},{"$i":"malware-blocked","$v":"Kenkėjiškas tinklalapis užblokuotas"},{"$i":"malware-blocked-error","$v":"Yra pranešta, jog šis tinklalapis yra kenkėjiškas, tad jis užblokuotas."},{"$i":"unsafe-content-type","$v":"Nesaugus turinys"},{"$i":"unsafe-content-type-error","$v":"Šis tinklalapis neatvaizduotas, nes jis gali būti nesaugus."},{"$i":"corrupted-content","$v":"Tinklalapio atvaizduoti nepavyko"},{"$i":"corrupted-content-error","$v":"Šis tinklalapis neatvaizduotas dėl aptiktos duomenų perdavimo klaidos."},{"$i":"try-again","$v":"Bandyti vėl"},{"$i":"check-settings","$v":"Patikrinti nuostatas"}]