[{"$i":"incoming_screen_reader","ariaLabel":"‮Iuɔoɯıuƃ‬"},{"$i":"outgoing_screen_reader","ariaLabel":"‮Onʇƃoıuƃ‬"},{"$i":"addNewNumber","$v":"‮∀pp‬ ‮uǝʍ‬ ‮unɯqǝɹ‬"},{"$i":"contactDetails","$v":"‮Ↄouʇɐɔʇ‬ ‮pǝʇɐıʅs‬"},{"$i":"addToExistingContact","$v":"‮∀pp‬ ‮ʇo‬ ‮ǝxısʇıuƃ‬ ‮ɔouʇɐɔʇ‬"},{"$i":"all","$v":"‮∀ʅʅ‬","ariaLabel":"‮∀ʅʅ‬"},{"$i":"bluetoothOption","ariaLabel":"‮Ԑʅnǝʇooʇɥ‬"},{"$i":"callLog","$v":"‮Ↄɐʅʅ‬ ‮ʅoƃ‬"},{"$i":"callLogEditButton","ariaLabel":"‮Ǝpıʇ‬ ‮ɔɐʅʅ‬ ‮ʅoƃ‬"},{"$i":"callLogEditDialog","ariaLabel":"‮Ǝpıʇ‬ ‮ɔɐʅʅ‬ ‮ʅoƃ‬ ‮pıɐʅoƃ‬"},{"$i":"connecting","$v":"‮Ↄouuǝɔʇıuƃ‬"},{"$i":"connectingEllipsis","$v":"‮Ↄouuǝɔʇıuƃ‬…"},{"$i":"call-forwarding-async","$v":["‮∀sʎuɔɥɹouons‬: ",{"t":"idOrVar","v":"async"}]},{"$i":"call-forwarding-data","$v":["‮pɐʇɐ‬: ",{"t":"idOrVar","v":"data"}]},{"$i":"call-forwarding-error","$v":"‮∀u‬ ‮ǝɹɹoɹ‬ ‮oɔɔnɹɹǝp‬ ‮ʍɥıʅǝ‬ ‮ɹǝʇɹıǝʌıuƃ‬ ‮ɔɐʅʅ‬ ‮ɟoɹʍɐɹpıuƃ‬ ‮sʇɐʇns‬"},{"$i":"call-forwarding-fax","$v":["‮ɟ∀X‬: ",{"t":"idOrVar","v":"fax"}]},{"$i":"call-forwarding-inactive","$v":"‮Iuɐɔʇıʌǝ‬"},{"$i":"call-forwarding-packet","$v":["‮Ԁɐɔʞǝʇ‬: ",{"t":"idOrVar","v":"packet"}]},{"$i":"call-forwarding-pad","$v":["‮Ԁ∀p‬: ",{"t":"idOrVar","v":"pad"}]},{"$i":"call-forwarding-sms","$v":["‮SWS‬: ",{"t":"idOrVar","v":"sms"}]},{"$i":"call-forwarding-status","$v":"‮Ↄɐʅʅ‬ ‮ɟoɹʍɐɹpıuƃ‬ ‮sʇɐʇns‬"},{"$i":"call-forwarding-sync","$v":["‮Sʎuɔɥɹouons‬: ",{"t":"idOrVar","v":"sync"}]},{"$i":"call-forwarding-voice","$v":["‮Ʌoıɔǝ‬: ",{"t":"idOrVar","v":"voice"}]},{"$i":"close","$v":"‮Ↄʅosǝ‬"},{"$i":"confirm-deletion","$v":"‮Ↄʅǝɐɹ‬ ‮sǝʅǝɔʇǝp‬ ‮ɔɐʅʅs‬?"},{"$i":"contacts","ariaLabel":"‮Ↄouʇɐɔʇs‬"},{"$i":"createNewContact","$v":"‮Ↄɹǝɐʇǝ‬ ‮uǝʍ‬ ‮ɔouʇɐɔʇ‬"},{"$i":"delete","$v":"‮pǝʅǝʇǝ‬"},{"$i":"deselectAll","$v":"‮pǝsǝʅǝɔʇ‬ ‮ɐʅʅ‬"},{"$i":"dialerAddContact","ariaLabel":"‮∀pp‬ ‮ɔouʇɐɔʇ‬"},{"$i":"dialerAddContactDialog","ariaLabel":"‮∀pp‬ ‮Ↄouʇɐɔʇ‬ ‮pıɐʅoƃ‬"},{"$i":"callInformation","$v":"‮Ↄɐʅʅ‬ ‮Iuɟoɹɯɐʇıou‬"},{"$i":"edit-selected","$v":{"one":[{"t":"idOrVar","v":"n"}," ‮sǝʅǝɔʇǝp‬"],"two":[{"t":"idOrVar","v":"n"}," ‮sǝʅǝɔʇǝp‬"],"few":[{"t":"idOrVar","v":"n"}," ‮sǝʅǝɔʇǝp‬"],"many":[{"t":"idOrVar","v":"n"}," ‮sǝʅǝɔʇǝp‬"],"other":[{"t":"idOrVar","v":"n"}," ‮sǝʅǝɔʇǝp‬"]},"$x":[{"t":"idOrVar","v":"plural"},"n"]},{"$i":"edit","$v":"‮Ǝpıʇ‬"},{"$i":"hideKeypad","ariaLabel":"‮Hıpǝ‬ ‮ʞǝʎdɐp‬"},{"$i":"ignore","$v":"‮Iƃuoɹǝ‬ ‮Ↄɐʅʅ‬"},{"$i":"incoming","$v":"‮Iuɔoɯıuƃ‬"},{"$i":"keypad","ariaLabel":"‮Ӽǝʎdɐp‬"},{"$i":"makeCall","ariaLabel":"‮Wɐʞǝ‬ ‮ɔɐʅʅ‬"},{"$i":"merge","ariaLabel":"‮Wǝɹƃǝ‬"},{"$i":"info-missed","$v":"‮Wıssǝp‬"},{"$i":"missed","$v":"‮Wıssǝp‬","ariaLabel":"‮Wıssǝp‬"},{"$i":"canceled","$v":"‮Ↄɐuɔǝʅǝp‬"},{"$i":"missedCall","$v":"‮Wıssǝp‬ ‮ɔɐʅʅ‬"},{"$i":"missedCallMultiSims","$v":["(‮SIW‬ ",{"t":"idOrVar","v":"n"},") ‮Wıssǝp‬ ‮ɔɐʅʅ‬"]},{"$i":"mmi-error","$v":"‮∀u‬ ‮ǝɹɹoɹ‬ ‮oɔɔnɹɹǝp‬ ‮ʍɥıʅǝ‬ ‮sǝupıuƃ‬ ‮ʇɥǝ‬ ‮ɯǝssɐƃǝ‬"},{"$i":"mmi-session-expired","$v":"‮Sǝssıou‬ ‮ǝxdıɹǝp‬"},{"$i":"mmi-successfully-sent","$v":"‮Wǝssɐƃǝ‬ ‮snɔɔǝssɟnʅʅʎ‬ ‮sǝuʇ‬"},{"$i":"mmi-notification-title-with-sim","$v":["(",{"t":"idOrVar","v":"sim"},") ",{"t":"idOrVar","v":"title"}]},{"$i":"mute","ariaLabel":"‮Wnʇǝ‬"},{"$i":"newCall","ariaLabel":"‮Nǝʍ‬ ‮ɔɐʅʅ‬"},{"$i":"no-logs-msg-1","$v":"‮No‬ ‮ɔɐʅʅs‬ ‮ɹǝɔoɹpǝp‬"},{"$i":"no-logs-msg-2","$v":"‮Sʇɐɹʇ‬ ‮ɔoɯɯnuıɔɐʇıuƃ‬ ‮uoʍ‬"},{"$i":"no-logs-msg-3","$v":"‮No‬ ‮ɯıssǝp‬ ‮ɔɐʅʅs‬"},{"$i":"onHoldOption","ariaLabel":"‮Ou‬ ‮ɥoʅp‬"},{"$i":"outgoing","$v":"‮Onʇƃoıuƃ‬"},{"$i":"recents","ariaLabel":"‮ᴚǝɔǝuʇ‬ ‮ɔɐʅʅs‬"},{"$i":"reply","$v":"‮ᴚǝdʅʎ‬"},{"$i":"selectAll","$v":"‮Sǝʅǝɔʇ‬ ‮ɐʅʅ‬"},{"$i":"send","$v":"‮Sǝup‬"},{"$i":"switch-calls","$v":"‮Sʍıʇɔɥ‬ ‮ɔɐʅʅs‬"},{"$i":"today","$v":"‮⊥opɐʎ‬"},{"$i":"withheld-number","$v":"‮Ｍıʇɥɥǝʅp‬ ‮unɯqǝɹ‬"},{"$i":"from-contact","$v":["‮ɟɹoɯ‬ ",{"t":"idOrVar","v":"contact"}]},{"$i":"from-number","$v":["‮ɟɹoɯ‬ ",{"t":"idOrVar","v":"number"}]},{"$i":"from-withheld-number","$v":"‮ɟɹoɯ‬ ‮ʍıʇɥɥǝʅp‬ ‮unɯqǝɹ‬"},{"$i":"yesterday","$v":"‮ʎǝsʇǝɹpɐʎ‬"},{"$i":"sending","$v":"‮Sǝupıuƃ‬…"},{"$i":"speakerOption","ariaLabel":"‮Sdǝɐʞǝɹ‬"},{"$i":"ussd-services","$v":[{"t":"idOrVar","v":"operator"}," ‮sǝɹʌıɔǝs‬"]},{"$i":"toggleKeypad","ariaLabel":"‮⊥oƃƃʅǝ‬ ‮ʞǝʎdɐp‬"},{"$i":"type-your-response","placeholder":"‮⊥ʎdǝ‬ ‮ʎonɹ‬ ‮ɹǝsdousǝ‬…"},{"$i":"clear-all-text","$v":"‮Ↄʅǝɐɹ‬ ‮ɐʅʅ‬ ‮ʇǝxʇ‬"},{"$i":"hide","$v":"‮Hıpǝ‬"},{"$i":"call","$v":"‮Ↄɐʅʅ‬"},{"$i":"hold","ariaLabel":"‮Hoʅp‬"},{"$i":"resume","$v":"‮ᴚǝsnɯǝ‬","ariaLabel":"‮ᴚǝsnɯǝ‬"},{"$i":"sendSms","$v":"‮Sǝup‬ ‮Wǝssɐƃǝ‬"},{"$i":"callEnded","$v":"‮Ↄɐʅʅ‬ ‮Ǝupǝp‬"},{"$i":"via-sim","$v":["‮ʌıɐ‬ ‮SIW‬",{"t":"idOrVar","v":"n"}]},{"$i":"sim-number","$v":["‮SIW‬",{"t":"idOrVar","v":"n"}]},{"$i":"unknown","$v":"‮∩uʞuoʍu‬"},{"$i":"cancel","$v":"‮Ↄɐuɔǝʅ‬"},{"$i":"remove","$v":"‮ᴚǝɯoʌǝ‬"},{"$i":"cleanFbConfirmMsg","$v":"‮ᴚǝɯoʌǝ‬ ‮ɐʅʅ‬ ‮ɟɐɔǝqooʞ‬ ‮pɐʇɐ‬?"},{"$i":"deleteConfirmMsg","$v":"‮pǝʅǝʇǝ‬ ‮ɔouʇɐɔʇ‬?"},{"$i":"ContactConfirmDel","$v":{"zero":"‮No‬ ‮Ↄouʇɐɔʇ‬ ‮ʇo‬ ‮pǝʅǝʇǝ‬","one":"‮pǝʅǝʇǝ‬ 1 ‮Ↄouʇɐɔʇ‬? ‮⊥ɥıs‬ ‮ɔɐuuoʇ‬ ‮qǝ‬ ‮nupouǝ‬.","two":["‮pǝʅǝʇǝ‬ ",{"t":"idOrVar","v":"n"}," ‮Ↄouʇɐɔʇs‬? ‮⊥ɥıs‬ ‮ɔɐuuoʇ‬ ‮qǝ‬ ‮nupouǝ‬."],"few":["‮pǝʅǝʇǝ‬ ",{"t":"idOrVar","v":"n"}," ‮Ↄouʇɐɔʇs‬? ‮⊥ɥıs‬ ‮ɔɐuuoʇ‬ ‮qǝ‬ ‮nupouǝ‬."],"many":["‮pǝʅǝʇǝ‬ ",{"t":"idOrVar","v":"n"}," ‮Ↄouʇɐɔʇs‬? ‮⊥ɥıs‬ ‮ɔɐuuoʇ‬ ‮qǝ‬ ‮nupouǝ‬."],"other":["‮pǝʅǝʇǝ‬ ",{"t":"idOrVar","v":"n"}," ‮Ↄouʇɐɔʇs‬? ‮⊥ɥıs‬ ‮ɔɐuuoʇ‬ ‮qǝ‬ ‮nupouǝ‬."]},"$x":[{"t":"idOrVar","v":"plural"},"n"]},{"$i":"retry","$v":"‮ᴚǝʇɹʎ‬"},{"$i":"hangup-a11y-button","ariaLabel":"‮Hɐuƃ‬ ‮∩d‬"},{"$i":"pickup-a11y-button","ariaLabel":"‮Ԁıɔʞ‬ ‮nd‬"},{"$i":"unlock-a11y-button","ariaLabel":"‮Sʅıpǝɹ‬"},{"$i":"settings","$v":"‮Sǝʇʇıuƃs‬"},{"$i":"delete-n-log?","$v":{"zero":"‮Noʇɥıuƃ‬ ‮sǝʅǝɔʇǝp‬","one":"‮pǝʅǝʇǝ‬ ‮sǝʅǝɔʇǝp‬ ‮ʅoƃ‬?","two":["‮pǝʅǝʇǝ‬ ",{"t":"idOrVar","v":"n"}," ‮ʅoƃs‬?"],"few":["‮pǝʅǝʇǝ‬ ",{"t":"idOrVar","v":"n"}," ‮ʅoƃs‬?"],"many":["‮pǝʅǝʇǝ‬ ",{"t":"idOrVar","v":"n"}," ‮ʅoƃs‬?"],"other":["‮pǝʅǝʇǝ‬ ",{"t":"idOrVar","v":"n"}," ‮ʅoƃs‬?"]},"$x":[{"t":"idOrVar","v":"plural"},"n"]},{"$i":"composeEmail","ariaLabel":"‮Ǝɯɐıʅ‬"},{"$i":"emailDetail","ariaLabel":"‮Ǝɯɐıʅ‬"},{"$i":"phoneDetail","ariaLabel":"‮Ԁɥouǝ‬"},{"$i":"send-sms-button","ariaLabel":"‮SWS‬"},{"$i":"separator","$v":","},{"$i":"callDurationMinutes","$v":[{"t":"idOrVar","v":"m"},":",{"t":"idOrVar","v":"s"}]},{"$i":"callDurationHours","$v":[{"t":"idOrVar","v":"h"},":",{"t":"idOrVar","v":"m"},":",{"t":"idOrVar","v":"s"}]},{"$i":"callDurationTextFormatSeconds","$v":[{"t":"idOrVar","v":"s"}," ‮s‬"]},{"$i":"callDurationTextFormatMinutes","$v":[{"t":"idOrVar","v":"m"}," ‮ɯ‬ ",{"t":"idOrVar","v":"s"}," ‮s‬"]},{"$i":"callDurationTextFormatHours","$v":[{"t":"idOrVar","v":"h"}," ‮ɥ‬ ",{"t":"idOrVar","v":"m"}," ‮ɯ‬ ",{"t":"idOrVar","v":"s"}," ‮s‬"]},{"$i":"suggestionMatches","$v":{"one":[{"t":"idOrVar","v":"n"}," ‮ɯɐʇɔɥ‬ ‮ɟoɹ‬ \"",{"t":"idOrVar","v":"matchNumber"},"\""],"two":[{"t":"idOrVar","v":"n"}," ‮ɯɐʇɔɥǝs‬ ‮ɟoɹ‬ \"",{"t":"idOrVar","v":"matchNumber"},"\""],"few":[{"t":"idOrVar","v":"n"}," ‮ɯɐʇɔɥǝs‬ ‮ɟoɹ‬ \"",{"t":"idOrVar","v":"matchNumber"},"\""],"many":[{"t":"idOrVar","v":"n"}," ‮ɯɐʇɔɥǝs‬ ‮ɟoɹ‬ \"",{"t":"idOrVar","v":"matchNumber"},"\""],"other":[{"t":"idOrVar","v":"n"}," ‮ɯɐʇɔɥǝs‬ ‮ɟoɹ‬ \"",{"t":"idOrVar","v":"matchNumber"},"\""]},"$x":[{"t":"idOrVar","v":"plural"},"n"]},{"$i":"scCallBarring","$v":"‮Ↄɐʅʅ‬ ‮qɐɹɹıuƃ‬"},{"$i":"scCallForwarding","$v":"‮Ↄɐʅʅ‬ ‮ɟoɹʍɐɹpıuƃ‬"},{"$i":"scClip","$v":"‮Iuɔoɯıuƃ‬ ‮Ↄɐʅʅǝɹ‬ ‮Ip‬"},{"$i":"scClir","$v":"‮Onʇƃoıuƃ‬ ‮Ↄɐʅʅǝɹ‬ ‮Ip‬"},{"$i":"scPwd","$v":"‮Ԁɐssʍoɹp‬ ‮ɔɥɐuƃǝ‬"},{"$i":"scCallWaiting","$v":"‮Ↄɐʅʅ‬ ‮ʍɐıʇıuƃ‬"},{"$i":"scPin","$v":"‮ԀIN‬ ‮ɔɥɐuƃǝ‬"},{"$i":"scPin2","$v":"‮ԀIN‬2 ‮ɔɥɐuƃǝ‬"},{"$i":"scPuk","$v":"‮∩uqʅoɔʞ‬ ‮ԀIN‬"},{"$i":"scPuk2","$v":"‮∩uqʅoɔʞ‬ ‮ԀIN‬2"},{"$i":"scImei","$v":"‮IWƎI‬"},{"$i":"scUssd","$v":"‮∩SSp‬"},{"$i":"serviceClassVoice","$v":"‮Ʌoıɔǝ‬"},{"$i":"serviceClassData","$v":"‮pɐʇɐ‬"},{"$i":"serviceClassFax","$v":"‮ɟ∀X‬"},{"$i":"serviceClassSms","$v":"‮SWS‬"},{"$i":"serviceClassDataSync","$v":"‮Sʎuɔ‬"},{"$i":"serviceClassDataAsync","$v":"‮∀sʎuɔ‬"},{"$i":"serviceClassPacket","$v":"‮Ԁɐɔʞǝʇ‬"},{"$i":"serviceClassPad","$v":"‮Ԁ∀p‬"},{"$i":"smServiceEnabled","$v":"‮Sǝɹʌıɔǝ‬ ‮ʍɐs‬ ‮ǝuɐqʅǝp‬"},{"$i":"smServiceDisabled","$v":"‮Sǝɹʌıɔǝ‬ ‮ɥɐs‬ ‮qǝǝu‬ ‮pısɐqʅǝp‬"},{"$i":"smServiceRegistered","$v":"‮ᴚǝƃısʇɹɐʇıou‬ ‮ʍɐs‬ ‮snɔɔǝssɟnʅ‬"},{"$i":"smServiceErased","$v":"‮Ǝɹɐsnɹǝ‬ ‮ʍɐs‬ ‮snɔɔǝssɟnʅ‬"},{"$i":"smServiceInterrogated","$v":"‮ᴚǝbnǝsʇ‬ ‮ʍɐs‬ ‮snɔɔǝssɟnʅ‬"},{"$i":"smServiceNotProvisioned","$v":"‮Sǝɹʌıɔǝ‬ ‮uoʇ‬ ‮dɹoʌısıouǝp‬"},{"$i":"smClirPermanent","$v":"‮ʎon‬ ‮ɔɐu‬ ‮uoʇ‬ ‮ɔɥɐuƃǝ‬ ‮ʇɥǝ‬ ‮ɔɐʅʅǝɹ‬ ‮Ip‬ ‮sǝʇʇıuƃ‬"},{"$i":"smClirDefaultOnNextCallOn","$v":"‮Ↄɐʅʅǝɹ‬ ‮Ip‬ ‮pǝɟɐnʅʇs‬ ‮ʇo‬ ‮ɹǝsʇɹıɔʇǝp‬. ‮Nǝxʇ‬ ‮ɔɐʅʅ‬: ‮ᴚǝsʇɹıɔʇǝp‬"},{"$i":"smClirDefaultOnNextCallOff","$v":"‮Ↄɐʅʅǝɹ‬ ‮Ip‬ ‮pǝɟɐnʅʇs‬ ‮ʇo‬ ‮ɹǝsʇɹıɔʇǝp‬. ‮Nǝxʇ‬ ‮ɔɐʅʅ‬: ‮Noʇ‬ ‮ɹǝsʇɹıɔʇǝp‬"},{"$i":"smClirDefaultOffNextCallOn","$v":"‮Ↄɐʅʅǝɹ‬ ‮Ip‬ ‮pǝɟɐnʅʇs‬ ‮ʇo‬ ‮uoʇ‬ ‮ɹǝsʇɹıɔʇǝp‬. ‮Nǝxʇ‬ ‮ɔɐʅʅ‬: ‮ᴚǝsʇɹıɔʇǝp‬"},{"$i":"smClirDefaultOffNextCallOff","$v":"‮Ↄɐʅʅǝɹ‬ ‮Ip‬ ‮pǝɟɐnʅʇs‬ ‮ʇo‬ ‮uoʇ‬ ‮ɹǝsʇɹıɔʇǝp‬. ‮Nǝxʇ‬ ‮ɔɐʅʅ‬: ‮Noʇ‬ ‮ɹǝsʇɹıɔʇǝp‬"},{"$i":"smServiceEnabledFor","$v":"‮Sǝɹʌıɔǝ‬ ‮ʍɐs‬ ‮ǝuɐqʅǝp‬ ‮ɟoɹ‬:"},{"$i":"smPinChanged","$v":"‮ԀIN‬ ‮snɔɔǝssɟnʅʅʎ‬ ‮ɔɥɐuƃǝp‬"},{"$i":"smPinUnblocked","$v":"‮ԀIN‬ ‮snɔɔǝssɟnʅʅʎ‬ ‮nuqʅoɔʞǝp‬"},{"$i":"smPin2Changed","$v":"‮ԀIN‬2 ‮snɔɔǝssɟnʅʅʎ‬ ‮ɔɥɐuƃǝp‬"},{"$i":"smPin2Unblocked","$v":"‮ԀIN‬2 ‮snɔɔǝssɟnʅʅʎ‬ ‮nuqʅoɔʞǝp‬"},{"$i":"ServiceIsEnabled","$v":"‮Sǝɹʌıɔǝ‬ ‮ıs‬ ‮ǝuɐqʅǝp‬"},{"$i":"ServiceIsDisabled","$v":"‮Sǝɹʌıɔǝ‬ ‮ıs‬ ‮pısɐqʅǝp‬"},{"$i":"ServiceIsEnabledFor","$v":"‮Sǝɹʌıɔǝ‬ ‮ıs‬ ‮ǝuɐqʅǝp‬ ‮ɟoɹ‬:"},{"$i":"emMmiError","$v":"‮Ↄouuǝɔʇıou‬ ‮dɹoqʅǝɯ‬ ‮oɹ‬ ‮ıuʌɐʅıp‬ ‮WWI‬ ‮ɔopǝ‬"},{"$i":"emMmiErrorPasswordIncorrect","$v":"‮Iuɔoɹɹǝɔʇ‬ ‮Ԁɐssʍoɹp‬"},{"$i":"emMmiErrorNotSupported","$v":"‮Iuʌɐʅıp‬ ‮oɹ‬ ‮∩usnddoɹʇǝp‬ ‮WWI‬ ‮Ↄopǝ‬"},{"$i":"emMmiErrorInvalidAction","$v":"‮Iuʌɐʅıp‬ ‮ɐɔʇıou‬"},{"$i":"emMmiErrorInvalidScCode","$v":"‮Iuʌɐʅıp‬ ‮sǝɹʌıɔǝ‬ ‮ɔopǝ‬"},{"$i":"emMmiErrorBadPuk","$v":"‮⊥ɥǝ‬ ‮Ԁ∩Ӽ‬ ‮ʎon‬ ‮ʇʎdǝp‬ ‮ıs‬ ‮uoʇ‬ ‮ɔoɹɹǝɔʇ‬"},{"$i":"emMmiErrorBadPin","$v":"‮⊥ɥǝ‬ ‮oʅp‬ ‮ԀIN‬ ‮ʎon‬ ‮ʇʎdǝp‬ ‮ıs‬ ‮uoʇ‬ ‮ɔoɹɹǝɔʇ‬."},{"$i":"emMmiErrorNeedPuk2","$v":"‮⊥ʎdǝ‬ ‮Ԁ∩Ӽ‬2 ‮ʇo‬ ‮nuqʅoɔʞ‬ ‮SIW‬ ‮ɔɐɹp‬"},{"$i":"emMmiErrorMismatchPin","$v":"‮⊥ɥǝ‬ ‮ԀINs‬ ‮ʎon‬ ‮ʇʎdǝp‬ ‮po‬ ‮uoʇ‬ ‮ɯɐʇɔɥ‬"},{"$i":"emMmiErrorInvalidPin","$v":"‮⊥ʎdǝ‬ ‮ɐ‬ ‮ԀIN‬ ‮ʇɥɐʇ‬ ‮ıs‬ 4 ‮ʇo‬ 8 ‮unɯqǝɹs‬"},{"$i":"emMmiErrorNeedsPuk","$v":"‮ʎonɹ‬ ‮SIW‬ ‮ɔɐɹp‬ ‮ıs‬ ‮Ԁ∩Ӽ‬-‮ʅoɔʞǝp‬"},{"$i":"emMmiErrorEnablePin","$v":"‮∩usnɔɔǝssɟnʅ‬. ‮Ǝuɐqʅǝ‬ ‮SIW‬/‮ᴚ∩IW‬ ‮˥OↃӼ‬"},{"$i":"emMmiErrorMmiFdn","$v":"‮Odǝɹɐʇıou‬ ‮ıs‬ ‮ɹǝsʇɹıɔʇǝp‬ ‮ʇo‬ ‮ɟıxǝp‬ ‮pıɐʅıuƃ‬ ‮unɯqǝɹs‬ ‮ouʅʎ‬"},{"$i":"emMmiErrorStkCcUssdDial","$v":"‮∩SSp‬ ‮ɹǝbnǝsʇ‬ ‮ıs‬ ‮ɯopıɟıǝp‬ ‮ʇo‬ ‮pI∀˥‬ ‮ɹǝbnǝsʇ‬"},{"$i":"emMmiErrorStkCcUssdSs","$v":"‮∩SSp‬ ‮ɹǝbnǝsʇ‬ ‮ıs‬ ‮ɯopıɟıǝp‬ ‮ʇo‬ ‮SS‬ ‮ɹǝbnǝsʇ‬"},{"$i":"emMmiErrorStkCcUssdUssd","$v":"‮∩SSp‬ ‮ɹǝbnǝsʇ‬ ‮ıs‬ ‮ɯopıɟıǝp‬ ‮ʇo‬ ‮uǝʍ‬ ‮∩SSp‬ ‮ɹǝbnǝsʇ‬"},{"$i":"emMmiErrorStkCcSsDial","$v":"‮SS‬ ‮ɹǝbnǝsʇ‬ ‮ıs‬ ‮ɯopıɟıǝp‬ ‮ʇo‬ ‮pI∀˥‬ ‮ɹǝbnǝsʇ‬"},{"$i":"emMmiErrorStkCcSsUssd","$v":"‮SS‬ ‮ɹǝbnǝsʇ‬ ‮ıs‬ ‮ɯopıɟıǝp‬ ‮ʇo‬ ‮∩SSp‬ ‮ɹǝbnǝsʇ‬"},{"$i":"emMmiErrorStkCcSsSs","$v":"‮SS‬ ‮ɹǝbnǝsʇ‬ ‮ıs‬ ‮ɯopıɟıǝp‬ ‮ʇo‬ ‮uǝʍ‬ ‮SS‬ ‮ɹǝbnǝsʇ‬"},{"$i":"emMmiErrorPinPukAttempts","$v":{"one":["‮Ouʅʎ‬ ",{"t":"idOrVar","v":"n"}," ‮ɹǝʇɹʎ‬ ‮ʅǝɟʇ‬"],"two":[{"t":"idOrVar","v":"n"}," ‮ɹǝʇɹıǝs‬ ‮ʅǝɟʇ‬"],"few":[{"t":"idOrVar","v":"n"}," ‮ɹǝʇɹıǝs‬ ‮ʅǝɟʇ‬"],"many":[{"t":"idOrVar","v":"n"}," ‮ɹǝʇɹıǝs‬ ‮ʅǝɟʇ‬"],"other":[{"t":"idOrVar","v":"n"}," ‮ɹǝʇɹıǝs‬ ‮ʅǝɟʇ‬"]},"$x":[{"t":"idOrVar","v":"plural"},"n"]},{"$i":"emMmiErrorSimBlocked","$v":"‮Wɐxıɯnɯ‬ ‮unɯqǝɹ‬ ‮oɟ‬ ‮ɹǝʇɹıǝs‬ ‮ǝxɔǝǝpǝp‬. ‮SIW‬ ‮qʅoɔʞǝp‬"},{"$i":"RadioNotAvailable","$v":"‮ᴚɐpıo‬ ‮uoʇ‬ ‮ɐʌɐıʅɐqʅǝ‬"},{"$i":"GenericFailure","$v":"‮פǝuǝɹıɔ‬ ‮ɟɐıʅnɹǝ‬"},{"$i":"PasswordIncorrect","$v":"‮Ԁɐssʍoɹp‬ ‮ıuɔoɹɹǝɔʇ‬"},{"$i":"SimPin2","$v":"‮SIW‬ ‮ԀIN‬2"},{"$i":"SimPuk2","$v":"‮SIW‬ ‮Ԁ∩Ӽ‬2"},{"$i":"RequestNotSupported","$v":"‮ᴚǝbnǝsʇ‬ ‮uoʇ‬ ‮snddoɹʇǝp‬"},{"$i":"OpNotAllowedDuringVoiceCall","$v":"‮Odǝɹɐʇıou‬ ‮uoʇ‬ ‮ɐʅʅoʍǝp‬ ‮pnɹıuƃ‬ ‮ʌoıɔǝ‬ ‮ɔɐʅʅ‬"},{"$i":"SmsSendFailRetry","$v":"‮SWS‬ ‮sǝup‬ ‮ɟɐıʅ‬ ‮ɹǝʇɹʎ‬"},{"$i":"SimAbsent","$v":"‮SIW‬ ‮ɐqsǝuʇ‬"},{"$i":"SubscriptionNotAvailable","$v":"‮Snqsɔɹıdʇıou‬ ‮uoʇ‬ ‮ɐʌɐıʅɐqʅǝ‬"},{"$i":"ModeNotSupported","$v":"‮Wopǝ‬ ‮uoʇ‬ ‮snddoɹʇǝp‬"},{"$i":"FdnCheckFailure","$v":"‮ɟpu‬ ‮ɔɥǝɔʞ‬ ‮ɟɐıʅnɹǝ‬"},{"$i":"IllegalSimOrMe","$v":"‮Iʅʅǝƃɐʅ‬ ‮SIW‬ ‮oɹ‬ ‮WƎ‬"},{"$i":"DialModifiedToUssd","$v":"‮pıɐʅ‬ ‮ɯopıɟıǝp‬ ‮ʇo‬ ‮∩SSp‬"},{"$i":"DialModifiedToSs","$v":"‮pıɐʅ‬ ‮ɯopıɟıǝp‬ ‮ʇo‬ ‮SS‬"},{"$i":"DialModifiedToDial","$v":"‮pıɐʅ‬ ‮ɯopıɟıǝp‬ ‮ʇo‬ ‮pıɐʅ‬"},{"$i":"UssdModifiedToDial","$v":"‮∩SSp‬ ‮ɯopıɟıǝp‬ ‮ʇo‬ ‮pıɐʅ‬"},{"$i":"UssdModifiedToSs","$v":"‮∩SSp‬ ‮ɯopıɟıǝp‬ ‮ʇo‬ ‮SS‬"},{"$i":"UssdModifiedToUssd","$v":"‮∩SSp‬ ‮ɯopıɟıǝp‬ ‮ʇo‬ ‮∩SSp‬"},{"$i":"SsModifiedToDial","$v":"‮SS‬ ‮ɯopıɟıǝp‬ ‮ʇo‬ ‮pıɐʅ‬"},{"$i":"SsModifiedToUssd","$v":"‮SS‬ ‮ɯopıɟıǝp‬ ‮ʇo‬ ‮∩SSp‬"},{"$i":"SsModifiedToSs","$v":"‮SS‬ ‮ɯopıɟıǝp‬ ‮ʇo‬ ‮SS‬"},{"$i":"SubscriptionNotSupported","$v":"‮Snqsɔɹıdʇıou‬ ‮uoʇ‬ ‮snddoɹʇǝp‬"},{"$i":"InvalidParameter","$v":"‮Iuʌɐʅıp‬ ‮dɐɹɐɯǝʇǝɹ‬"},{"$i":"RejectedByRemote","$v":"‮ᴚǝɾǝɔʇǝp‬ ‮qʎ‬ ‮ɹǝɯoʇǝ‬"},{"$i":"conferenceCall","$v":["‮Ↄouɟǝɹǝuɔǝ‬ (",{"t":"idOrVar","v":"n"},")"]},{"$i":"voicemail-left-call","$v":"‮Ʌoıɔǝɯɐıʅ‬ ‮ɥɐs‬ ‮ʅǝɟʇ‬ ‮ʇɥǝ‬ ‮ɔɐʅʅ‬."},{"$i":"withheld-number-left-call","$v":"‮Ｍıʇɥɥǝʅp‬ ‮unɯqǝɹ‬ ‮ɥɐs‬ ‮ʅǝɟʇ‬ ‮ʇɥǝ‬ ‮ɔɐʅʅ‬."},{"$i":"caller-left-call","$v":[{"t":"idOrVar","v":"caller"}," ‮ɥɐs‬ ‮ʅǝɟʇ‬ ‮ʇɥǝ‬ ‮ɔɐʅʅ‬."]},{"$i":"conferenceAddError","$v":"‮∩uɐqʅǝ‬ ‮ʇo‬ ‮ɯǝɹƃǝ‬ ‮ɔɐʅʅs‬"},{"$i":"conferenceRemoveError","$v":"‮∩uɐqʅǝ‬ ‮ʇo‬ ‮nuɯǝɹƃǝ‬ ‮ɔɐʅʅs‬"},{"$i":"longDateFormat","$v":"%A, %B %e"},{"$i":"select-audio-sources","$v":"‮Sǝʅǝɔʇ‬ ‮ɐnpıo‬ ‮sonɹɔǝs‬"},{"$i":"bluetooth-handsfree-device","$v":"‮Ԑʅnǝʇooʇɥ‬ ‮ɥɐupsɟɹǝǝ‬ ‮pǝʌıɔǝ‬"},{"$i":"receiver","$v":"‮ᴚǝɔǝıʌǝɹ‬"},{"$i":"speaker","$v":"‮Sdǝɐʞǝɹ‬"},{"$i":"voiceMail","$v":"‮Ʌoıɔǝɯɐıʅ‬"},{"$i":"weekday-0-long","$v":"‮Snupɐʎ‬"},{"$i":"weekday-1-long","$v":"‮Woupɐʎ‬"},{"$i":"weekday-2-long","$v":"‮⊥nǝspɐʎ‬"},{"$i":"weekday-3-long","$v":"‮Ｍǝpuǝspɐʎ‬"},{"$i":"weekday-4-long","$v":"‮⊥ɥnɹspɐʎ‬"},{"$i":"weekday-5-long","$v":"‮ɟɹıpɐʎ‬"},{"$i":"weekday-6-long","$v":"‮Sɐʇnɹpɐʎ‬"},{"$i":"weekday-0-short","$v":"‮Snu‬"},{"$i":"weekday-1-short","$v":"‮Wou‬"},{"$i":"weekday-2-short","$v":"‮⊥nǝ‬"},{"$i":"weekday-3-short","$v":"‮Ｍǝp‬"},{"$i":"weekday-4-short","$v":"‮⊥ɥn‬"},{"$i":"weekday-5-short","$v":"‮ɟɹı‬"},{"$i":"weekday-6-short","$v":"‮Sɐʇ‬"},{"$i":"month-0-long","$v":"‮ſɐunɐɹʎ‬"},{"$i":"month-1-long","$v":"‮ɟǝqɹnɐɹʎ‬"},{"$i":"month-2-long","$v":"‮Wɐɹɔɥ‬"},{"$i":"month-3-long","$v":"‮∀dɹıʅ‬"},{"$i":"month-4-long","$v":"‮Wɐʎ‬"},{"$i":"month-5-long","$v":"‮ſnuǝ‬"},{"$i":"month-6-long","$v":"‮ſnʅʎ‬"},{"$i":"month-7-long","$v":"‮∀nƃnsʇ‬"},{"$i":"month-8-long","$v":"‮Sǝdʇǝɯqǝɹ‬"},{"$i":"month-9-long","$v":"‮Oɔʇoqǝɹ‬"},{"$i":"month-10-long","$v":"‮Noʌǝɯqǝɹ‬"},{"$i":"month-11-long","$v":"‮pǝɔǝɯqǝɹ‬"},{"$i":"month-0-genitive","$v":"‮ſɐunɐɹʎ‬"},{"$i":"month-1-genitive","$v":"‮ɟǝqɹnɐɹʎ‬"},{"$i":"month-2-genitive","$v":"‮Wɐɹɔɥ‬"},{"$i":"month-3-genitive","$v":"‮∀dɹıʅ‬"},{"$i":"month-4-genitive","$v":"‮Wɐʎ‬"},{"$i":"month-5-genitive","$v":"‮ſnuǝ‬"},{"$i":"month-6-genitive","$v":"‮ſnʅʎ‬"},{"$i":"month-7-genitive","$v":"‮∀nƃnsʇ‬"},{"$i":"month-8-genitive","$v":"‮Sǝdʇǝɯqǝɹ‬"},{"$i":"month-9-genitive","$v":"‮Oɔʇoqǝɹ‬"},{"$i":"month-10-genitive","$v":"‮Noʌǝɯqǝɹ‬"},{"$i":"month-11-genitive","$v":"‮pǝɔǝɯqǝɹ‬"},{"$i":"month-0-short","$v":"‮ſɐu‬"},{"$i":"month-1-short","$v":"‮ɟǝq‬"},{"$i":"month-2-short","$v":"‮Wɐɹ‬"},{"$i":"month-3-short","$v":"‮∀dɹ‬"},{"$i":"month-4-short","$v":"‮Wɐʎ‬"},{"$i":"month-5-short","$v":"‮ſnu‬"},{"$i":"month-6-short","$v":"‮ſnʅ‬"},{"$i":"month-7-short","$v":"‮∀nƃ‬"},{"$i":"month-8-short","$v":"‮Sǝd‬"},{"$i":"month-9-short","$v":"‮Oɔʇ‬"},{"$i":"month-10-short","$v":"‮Noʌ‬"},{"$i":"month-11-short","$v":"‮pǝɔ‬"},{"$i":"minutes-ago-long","$v":{"zero":"‮ɾnsʇ‬ ‮uoʍ‬","one":"‮ɐ‬ ‮ɯıunʇǝ‬ ‮ɐƃo‬","two":[{"t":"idOrVar","v":"value"}," ‮ɯıunʇǝs‬ ‮ɐƃo‬"],"few":[{"t":"idOrVar","v":"value"}," ‮ɯıunʇǝs‬ ‮ɐƃo‬"],"many":[{"t":"idOrVar","v":"value"}," ‮ɯıunʇǝs‬ ‮ɐƃo‬"],"other":[{"t":"idOrVar","v":"value"}," ‮ɯıunʇǝs‬ ‮ɐƃo‬"]},"$x":[{"t":"idOrVar","v":"plural"},"value"]},{"$i":"hours-ago-long","$v":{"zero":"‮ɾnsʇ‬ ‮uoʍ‬","one":"‮ɐu‬ ‮ɥonɹ‬ ‮ɐƃo‬","two":[{"t":"idOrVar","v":"value"}," ‮ɥonɹs‬ ‮ɐƃo‬"],"few":[{"t":"idOrVar","v":"value"}," ‮ɥonɹs‬ ‮ɐƃo‬"],"many":[{"t":"idOrVar","v":"value"}," ‮ɥonɹs‬ ‮ɐƃo‬"],"other":[{"t":"idOrVar","v":"value"}," ‮ɥonɹs‬ ‮ɐƃo‬"]},"$x":[{"t":"idOrVar","v":"plural"},"value"]},{"$i":"days-ago-long","$v":{"zero":"‮ʇopɐʎ‬","one":"‮ʎǝsʇǝɹpɐʎ‬","two":[{"t":"idOrVar","v":"value"}," ‮pɐʎs‬ ‮ɐƃo‬"],"few":[{"t":"idOrVar","v":"value"}," ‮pɐʎs‬ ‮ɐƃo‬"],"many":[{"t":"idOrVar","v":"value"}," ‮pɐʎs‬ ‮ɐƃo‬"],"other":[{"t":"idOrVar","v":"value"}," ‮pɐʎs‬ ‮ɐƃo‬"]},"$x":[{"t":"idOrVar","v":"plural"},"value"]},{"$i":"weeks-ago-long","$v":{"zero":"‮ʇɥıs‬ ‮ʍǝǝʞ‬","one":"‮ʅɐsʇ‬ ‮ʍǝǝʞ‬","two":[{"t":"idOrVar","v":"value"}," ‮ʍǝǝʞs‬ ‮ɐƃo‬"],"few":[{"t":"idOrVar","v":"value"}," ‮ʍǝǝʞs‬ ‮ɐƃo‬"],"many":[{"t":"idOrVar","v":"value"}," ‮ʍǝǝʞs‬ ‮ɐƃo‬"],"other":[{"t":"idOrVar","v":"value"}," ‮ʍǝǝʞs‬ ‮ɐƃo‬"]},"$x":[{"t":"idOrVar","v":"plural"},"value"]},{"$i":"months-ago-long","$v":{"zero":"‮ʇɥıs‬ ‮ɯouʇɥ‬","one":"‮ʅɐsʇ‬ ‮ɯouʇɥ‬","two":[{"t":"idOrVar","v":"value"}," ‮ɯouʇɥs‬ ‮ɐƃo‬"],"few":[{"t":"idOrVar","v":"value"}," ‮ɯouʇɥs‬ ‮ɐƃo‬"],"many":[{"t":"idOrVar","v":"value"}," ‮ɯouʇɥs‬ ‮ɐƃo‬"],"other":[{"t":"idOrVar","v":"value"}," ‮ɯouʇɥs‬ ‮ɐƃo‬"]},"$x":[{"t":"idOrVar","v":"plural"},"value"]},{"$i":"years-ago-long","$v":{"zero":"‮ʇɥıs‬ ‮ʎǝɐɹ‬","one":"‮ʅɐsʇ‬ ‮ʎǝɐɹ‬","two":[{"t":"idOrVar","v":"value"}," ‮ʎǝɐɹs‬ ‮ɐƃo‬"],"few":[{"t":"idOrVar","v":"value"}," ‮ʎǝɐɹs‬ ‮ɐƃo‬"],"many":[{"t":"idOrVar","v":"value"}," ‮ʎǝɐɹs‬ ‮ɐƃo‬"],"other":[{"t":"idOrVar","v":"value"}," ‮ʎǝɐɹs‬ ‮ɐƃo‬"]},"$x":[{"t":"idOrVar","v":"plural"},"value"]},{"$i":"minutes-until-long","$v":{"zero":"‮uoʍ‬","one":"‮ıu‬ ‮ɐ‬ ‮ɯıunʇǝ‬","two":["‮ıu‬ ",{"t":"idOrVar","v":"value"}," ‮ɯıunʇǝs‬"],"few":["‮ıu‬ ",{"t":"idOrVar","v":"value"}," ‮ɯıunʇǝs‬"],"many":["‮ıu‬ ",{"t":"idOrVar","v":"value"}," ‮ɯıunʇǝs‬"],"other":["‮ıu‬ ",{"t":"idOrVar","v":"value"}," ‮ɯıunʇǝs‬"]},"$x":[{"t":"idOrVar","v":"plural"},"value"]},{"$i":"hours-until-long","$v":{"zero":"‮uoʍ‬","one":"‮ıu‬ ‮ɐu‬ ‮ɥonɹ‬","two":["‮ıu‬ ",{"t":"idOrVar","v":"value"}," ‮ɥonɹs‬"],"few":["‮ıu‬ ",{"t":"idOrVar","v":"value"}," ‮ɥonɹs‬"],"many":["‮ıu‬ ",{"t":"idOrVar","v":"value"}," ‮ɥonɹs‬"],"other":["‮ıu‬ ",{"t":"idOrVar","v":"value"}," ‮ɥonɹs‬"]},"$x":[{"t":"idOrVar","v":"plural"},"value"]},{"$i":"days-until-long","$v":{"zero":"‮ʇopɐʎ‬","one":"‮ʇoɯoɹɹoʍ‬","two":["‮ıu‬ ",{"t":"idOrVar","v":"value"}," ‮pɐʎs‬"],"few":["‮ıu‬ ",{"t":"idOrVar","v":"value"}," ‮pɐʎs‬"],"many":["‮ıu‬ ",{"t":"idOrVar","v":"value"}," ‮pɐʎs‬"],"other":["‮ıu‬ ",{"t":"idOrVar","v":"value"}," ‮pɐʎs‬"]},"$x":[{"t":"idOrVar","v":"plural"},"value"]},{"$i":"weeks-until-long","$v":{"zero":"‮ʇɥıs‬ ‮ʍǝǝʞ‬","one":"‮uǝxʇ‬ ‮ʍǝǝʞ‬","two":["‮ıu‬ ",{"t":"idOrVar","v":"value"}," ‮ʍǝǝʞs‬"],"few":["‮ıu‬ ",{"t":"idOrVar","v":"value"}," ‮ʍǝǝʞs‬"],"many":["‮ıu‬ ",{"t":"idOrVar","v":"value"}," ‮ʍǝǝʞs‬"],"other":["‮ıu‬ ",{"t":"idOrVar","v":"value"}," ‮ʍǝǝʞs‬"]},"$x":[{"t":"idOrVar","v":"plural"},"value"]},{"$i":"months-until-long","$v":{"zero":"‮ʇɥıs‬ ‮ɯouʇɥ‬","one":"‮uǝxʇ‬ ‮ɯouʇɥ‬","two":["‮ıu‬ ",{"t":"idOrVar","v":"value"}," ‮ɯouʇɥs‬"],"few":["‮ıu‬ ",{"t":"idOrVar","v":"value"}," ‮ɯouʇɥs‬"],"many":["‮ıu‬ ",{"t":"idOrVar","v":"value"}," ‮ɯouʇɥs‬"],"other":["‮ıu‬ ",{"t":"idOrVar","v":"value"}," ‮ɯouʇɥs‬"]},"$x":[{"t":"idOrVar","v":"plural"},"value"]},{"$i":"years-until-long","$v":{"zero":"‮ʇɥıs‬ ‮ʎǝɐɹ‬","one":"‮uǝxʇ‬ ‮ʎǝɐɹ‬","two":["‮ıu‬ ",{"t":"idOrVar","v":"value"}," ‮ʎǝɐɹs‬"],"few":["‮ıu‬ ",{"t":"idOrVar","v":"value"}," ‮ʎǝɐɹs‬"],"many":["‮ıu‬ ",{"t":"idOrVar","v":"value"}," ‮ʎǝɐɹs‬"],"other":["‮ıu‬ ",{"t":"idOrVar","v":"value"}," ‮ʎǝɐɹs‬"]},"$x":[{"t":"idOrVar","v":"plural"},"value"]},{"$i":"minutes-ago-short","$v":{"zero":"‮ɾnsʇ‬ ‮uoʍ‬","other":[{"t":"idOrVar","v":"value"},"‮ɯ‬ ‮ɐƃo‬"]},"$x":[{"t":"idOrVar","v":"plural"},"value"]},{"$i":"hours-ago-short","$v":{"zero":"‮ɾnsʇ‬ ‮uoʍ‬","other":[{"t":"idOrVar","v":"value"},"‮ɥ‬ ‮ɐƃo‬"]},"$x":[{"t":"idOrVar","v":"plural"},"value"]},{"$i":"days-ago-short","$v":{"zero":"‮ʇopɐʎ‬","other":[{"t":"idOrVar","v":"value"},"‮p‬ ‮ɐƃo‬"]},"$x":[{"t":"idOrVar","v":"plural"},"value"]},{"$i":"minutes-until-short","$v":{"zero":"‮uoʍ‬","other":["‮ıu‬ ",{"t":"idOrVar","v":"value"},"‮ɯ‬"]},"$x":[{"t":"idOrVar","v":"plural"},"value"]},{"$i":"hours-until-short","$v":{"zero":"‮uoʍ‬","other":["‮ıu‬ ",{"t":"idOrVar","v":"value"},"‮ɥ‬"]},"$x":[{"t":"idOrVar","v":"plural"},"value"]},{"$i":"days-until-short","$v":{"zero":"‮ʇopɐʎ‬","other":["‮ıu‬ ",{"t":"idOrVar","v":"value"},"‮p‬"]},"$x":[{"t":"idOrVar","v":"plural"},"value"]},{"$i":"incorrectDate","$v":"(‮ıuɔoɹɹǝɔʇ‬ ‮pɐʇǝ‬)"},{"$i":"dateTimeFormat_%c","$v":"%a %b %e %Y %I:%M:%S %p"},{"$i":"dateTimeFormat_%x","$v":"%m/%d/%Y"},{"$i":"dateTimeFormat_%X","$v":"%I:%M:%S %p"},{"$i":"shortTimeFormat","$v":"%I:%M %p"},{"$i":"shortTimeFormat12","$v":"%I:%M %p"},{"$i":"shortTimeFormat24","$v":"%H:%M"},{"$i":"shortDateTimeFormat","$v":"%x %I:%M %p"},{"$i":"weekStartsOnMonday","$v":"0"},{"$i":"firstDayOfTheWeek","$v":"0"},{"$i":"timePickerOrder","$v":"‮HWd‬"},{"$i":"datePickerOrder","$v":"‮Wpʎ‬"},{"$i":"hourMinutesSeparator","$v":":"},{"$i":"listSeparator_middle","$v":", "},{"$i":"time_am","$v":"‮∀W‬"},{"$i":"time_pm","$v":"‮ԀW‬"},{"$i":"durationPattern","$v":"‮ɥɥ‬:‮ɯɯ‬:‮ss‬.‮SS‬"},{"$i":"airplaneMode","$v":"‮∀ıɹdʅɐuǝ‬ ‮ɯopǝ‬"},{"$i":"searching","$v":"‮Sǝɐɹɔɥıuƃ‬…"},{"$i":"noNetwork","$v":"‮No‬ ‮uǝʇʍoɹʞ‬"},{"$i":"roaming","$v":[{"t":"idOrVar","v":"operator"}," (‮ᴚoɐɯıuƃ‬)"]},{"$i":"operator-info","$v":[{"t":"idOrVar","v":"carrier"}," ",{"t":"idOrVar","v":"region"}]},{"$i":"emergencyCallsOnly","$v":"‮Ǝɯǝɹƃǝuɔʎ‬ ‮ɔɐʅʅs‬ ‮ouʅʎ‬"},{"$i":"emergencyCallsOnly-unknownSIMState","$v":"(‮nuʞuoʍu‬ ‮SIW‬ ‮sʇɐʇǝ‬)"},{"$i":"emergencyCallsOnly-noSIM","$v":"(‮uo‬ ‮SIW‬)"},{"$i":"emergencyCallsOnly-pinRequired","$v":"(‮SIW‬ ‮ԀIN‬ ‮ɹǝbnıɹǝp‬)"},{"$i":"emergencyCallsOnly-pukRequired","$v":"(‮SIW‬ ‮Ԁ∩Ӽ‬ ‮ɹǝbnıɹǝp‬)"},{"$i":"emergencyCallsOnly-networkLocked","$v":"(‮uǝʇʍoɹʞ‬ ‮ʅoɔʞǝp‬)"},{"$i":"emergencyCallsOnly-serviceProviderLocked","$v":"(‮sǝɹʌıɔǝ‬ ‮dɹoʌıpǝɹ‬ ‮ʅoɔʞǝp‬)"},{"$i":"emergencyCallsOnly-corporateLocked","$v":"(‮ɔoɹdoɹɐʇǝ‬ ‮ʅoɔʞǝp‬)"},{"$i":"emergencyCallsOnly-network1Locked","$v":"(‮uǝʇʍoɹʞ‬1 ‮ʅoɔʞǝp‬)"},{"$i":"emergencyCallsOnly-network2Locked","$v":"(‮uǝʇʍoɹʞ‬2 ‮ʅoɔʞǝp‬)"},{"$i":"emergencyCallsOnly-hrpdNetworkLocked","$v":"(‮ɥɹdp‬ ‮uǝʇʍoɹʞ‬ ‮ʅoɔʞǝp‬)"},{"$i":"emergencyCallsOnly-ruimCorporateLocked","$v":"(‮ɹnıɯ‬ ‮ɔoɹdoɹɐʇǝ‬ ‮ʅoɔʞǝp‬)"},{"$i":"emergencyCallsOnly-ruimServiceProviderLocked","$v":"(‮ɹnıɯ‬ ‮sǝɹʌıɔǝ‬ ‮dɹoʌıpǝɹ‬ ‮ʅoɔʞǝp‬)"},{"$i":"lockscreen-sim-id","$v":["‮SIW‬ ",{"t":"idOrVar","v":"n"}]},{"$i":"charging-no-time","$v":[{"t":"idOrVar","v":"level"},"% ‮Ↄɥɐɹƃǝp‬"]},{"$i":"charging-minutes","$v":{"zero":[{"t":"idOrVar","v":"level"},"% ‮Ↄɥɐɹƃǝp‬ (",{"t":"idOrVar","v":"minutes"}," ‮ɯıus‬ ‮nuʇıʅ‬ ‮ɟnʅʅʎ‬ ‮ɔɥɐɹƃǝp‬)"],"one":[{"t":"idOrVar","v":"level"},"% ‮Ↄɥɐɹƃǝp‬ (",{"t":"idOrVar","v":"minutes"}," ‮ɯıu‬ ‮nuʇıʅ‬ ‮ɟnʅʅʎ‬ ‮ɔɥɐɹƃǝp‬)"],"two":[{"t":"idOrVar","v":"level"},"% ‮Ↄɥɐɹƃǝp‬ (",{"t":"idOrVar","v":"minutes"}," ‮ɯıus‬ ‮nuʇıʅ‬ ‮ɟnʅʅʎ‬ ‮ɔɥɐɹƃǝp‬)"],"few":[{"t":"idOrVar","v":"level"},"% ‮Ↄɥɐɹƃǝp‬ (",{"t":"idOrVar","v":"minutes"}," ‮ɯıus‬ ‮nuʇıʅ‬ ‮ɟnʅʅʎ‬ ‮ɔɥɐɹƃǝp‬)"],"many":[{"t":"idOrVar","v":"level"},"% ‮Ↄɥɐɹƃǝp‬ (",{"t":"idOrVar","v":"minutes"}," ‮ɯıus‬ ‮nuʇıʅ‬ ‮ɟnʅʅʎ‬ ‮ɔɥɐɹƃǝp‬)"],"other":[{"t":"idOrVar","v":"level"},"% ‮Ↄɥɐɹƃǝp‬ (",{"t":"idOrVar","v":"minutes"}," ‮ɯıus‬ ‮nuʇıʅ‬ ‮ɟnʅʅʎ‬ ‮ɔɥɐɹƃǝp‬)"]},"$x":[{"t":"idOrVar","v":"plural"},"minutes"]},{"$i":"charging-hours","$v":{"zero":[{"t":"idOrVar","v":"level"},"% ‮Ↄɥɐɹƃǝp‬ (",{"t":"idOrVar","v":"hours"},"‮ɥ‬ ",{"t":"idOrVar","v":"minutes"}," ‮ɯıus‬ ‮nuʇıʅ‬ ‮ɟnʅʅʎ‬ ‮ɔɥɐɹƃǝp‬)"],"one":[{"t":"idOrVar","v":"level"},"% ‮Ↄɥɐɹƃǝp‬ (",{"t":"idOrVar","v":"hours"},"‮ɥ‬ ",{"t":"idOrVar","v":"minutes"}," ‮ɯıu‬ ‮nuʇıʅ‬ ‮ɟnʅʅʎ‬ ‮ɔɥɐɹƃǝp‬)"],"two":[{"t":"idOrVar","v":"level"},"% ‮Ↄɥɐɹƃǝp‬ (",{"t":"idOrVar","v":"hours"},"‮ɥ‬ ",{"t":"idOrVar","v":"minutes"}," ‮ɯıus‬ ‮nuʇıʅ‬ ‮ɟnʅʅʎ‬ ‮ɔɥɐɹƃǝp‬)"],"few":[{"t":"idOrVar","v":"level"},"% ‮Ↄɥɐɹƃǝp‬ (",{"t":"idOrVar","v":"hours"},"‮ɥ‬ ",{"t":"idOrVar","v":"minutes"}," ‮ɯıus‬ ‮nuʇıʅ‬ ‮ɟnʅʅʎ‬ ‮ɔɥɐɹƃǝp‬)"],"many":[{"t":"idOrVar","v":"level"},"% ‮Ↄɥɐɹƃǝp‬ (",{"t":"idOrVar","v":"hours"},"‮ɥ‬ ",{"t":"idOrVar","v":"minutes"}," ‮ɯıus‬ ‮nuʇıʅ‬ ‮ɟnʅʅʎ‬ ‮ɔɥɐɹƃǝp‬)"],"other":[{"t":"idOrVar","v":"level"},"% ‮Ↄɥɐɹƃǝp‬ (",{"t":"idOrVar","v":"hours"},"‮ɥ‬ ",{"t":"idOrVar","v":"minutes"}," ‮ɯıus‬ ‮nuʇıʅ‬ ‮ɟnʅʅʎ‬ ‮ɔɥɐɹƃǝp‬)"]},"$x":[{"t":"idOrVar","v":"plural"},"minutes"]},{"$i":"phoneNumberInput","ariaLabel":"‮Ԁɥouǝ‬ ‮unɯqǝɹ‬"},{"$i":"keypadDelete","ariaLabel":"‮pǝʅǝʇǝ‬"},{"$i":"voiceMailKey","ariaLabel":"‮Ʌoıɔǝɯɐıʅ‬"},{"$i":"asterisk","ariaLabel":"‮∀sʇǝɹısʞ‬"},{"$i":"hashSign","ariaLabel":"‮Hɐsɥ‬ ‮sıƃu‬"},{"$i":"keypadCancel","$v":"‮Ↄɐuɔǝʅ‬"},{"$i":"loadingSimContacts","$v":"‮˥oɐpıuƃ‬ ‮SIW‬ ‮ɔɐɹp‬ ‮ɔouʇɐɔʇs‬…"},{"$i":"noContactsWereFound","$v":"‮No‬ ‮ɔouʇɐɔʇs‬ ‮ʍǝɹǝ‬ ‮ɟonup‬"},{"$i":"noContactsFoundDialogOk","$v":"‮OӼ‬"},{"$i":"noSimCardToLoadContactsFrom","$v":"‮No‬ ‮SIW‬ ‮ɔɐɹp‬ ‮ʇo‬ ‮ʅoɐp‬ ‮ɔouʇɐɔʇs‬ ‮ɟɹoɯ‬"},{"$i":"emergencyNumber","$v":"‮Ǝɯǝɹƃǝuɔʎ‬ ‮unɯqǝɹ‬"},{"$i":"callAirplaneModeMessage","$v":"‮⊥o‬ ‮ɯɐʞǝ‬ ‮ɐ‬ ‮ɔɐʅʅ‬ ‮ʎon‬ ‮uǝǝp‬ ‮ʇo‬ ‮pısɐqʅǝ‬ ‮ɐıɹdʅɐuǝ‬ ‮ɯopǝ‬ ‮ıu‬ ‮sǝʇʇıuƃs‬."},{"$i":"callAirplaneModeBtnOk","$v":"‮OӼ‬"},{"$i":"callAirplaneModeTitle","$v":"‮∀ıɹdʅɐuǝ‬ ‮ɯopǝ‬ ‮ɐɔʇıʌɐʇǝp‬"},{"$i":"numberIsBusyTitle","$v":"‮Nnɯqǝɹ‬ ‮ıs‬ ‮qnsʎ‬"},{"$i":"numberIsBusyMessage","$v":"‮⊥ɥǝ‬ ‮unɯqǝɹ‬ ‮ıs‬ ‮ɔnɹɹǝuʇʅʎ‬ ‮qnsʎ‬. ‮Ԁʅǝɐsǝ‬ ‮ʇɹʎ‬ ‮ɐƃɐıu‬ ‮ʅɐʇǝɹ‬."},{"$i":"fdnIsActiveTitle","$v":"‮ɟpN‬ ‮ɐɔʇıʌǝ‬"},{"$i":"fdnIsActiveMessage","$v":["‮ɟpN‬ (‮ɟıxǝp‬ ‮pıɐʅıuƃ‬ ‮Nnɯqǝɹs‬) ‮ıs‬ ‮ɐɔʇıʌɐʇǝp‬ ‮ɐup‬ ‮ʇɥǝ‬ ‮ɟoʅʅoʍıuƃ‬ ‮unɯqǝɹ‬ ‮ıs‬ ‮uoʇ‬ ‮ıu‬ ‮ʎonɹ‬ ‮ɟpN‬ ‮ʅısʇ‬: ",{"t":"idOrVar","v":"number"}]},{"$i":"emergencyDialogBodyBadNumber","$v":"‮⊥o‬ ‮ɯɐʞǝ‬ ‮ɐ‬ ‮ɔɐʅʅ‬, ‮ʇɥǝ‬ ‮dɥouǝ‬ ‮ɯnsʇ‬ ‮qǝ‬ ‮ɔouuǝɔʇǝp‬ ‮ʇo‬ ‮ɐ‬ ‮uǝʇʍoɹʞ‬."},{"$i":"emergencyDialogBodyDeviceNotAccepted","$v":"‮Ǝɯǝɹƃǝuɔʎ‬ ‮ɔɐʅʅs‬ ‮ɐɹǝ‬ ‮uoʇ‬ ‮ɐʅʅoʍǝp‬ ‮qʎ‬ ‮ʇɥǝ‬ ‮uǝʇʍoɹʞ‬."},{"$i":"emergencyDialogBtnOk","$v":"‮OӼ‬"},{"$i":"emergencyDialogTitle","$v":"‮No‬ ‮uǝʇʍoɹʞ‬ ‮ɔouuǝɔʇıou‬"},{"$i":"invalidNumberToDialTitle","$v":"‮Iuʌɐʅıp‬ ‮dɥouǝ‬ ‮unɯqǝɹ‬"},{"$i":"invalidNumberToDialMessage","$v":"‮⊥ɥǝ‬ ‮dɥouǝ‬ ‮unɯqǝɹ‬ ‮ʎon‬ ‮ɐɹǝ‬ ‮ɔɐʅʅıuƃ‬ ‮ıs‬ ‮uoʇ‬ ‮ʌɐʅıp‬."},{"$i":"unableToCallTitle","$v":"‮∩uɐqʅǝ‬ ‮ʇo‬ ‮ɯɐʞǝ‬ ‮ɐ‬ ‮dɥouǝ‬ ‮ɔɐʅʅ‬ ‮uoʍ‬"},{"$i":"unableToCallMessage","$v":"‮Ↄɐuuoʇ‬ ‮ɯɐʞǝ‬ ‮ɐ‬ ‮ɔɐʅʅ‬. ‮Iɟ‬ ‮ʎon‬ ‮ɐɹǝ‬ ‮ɐʅɹǝɐpʎ‬ ‮pıɐʅıuƃ‬, ‮dʅǝɐsǝ‬ ‮ɥɐuƃ‬ ‮nd‬ ‮ɟıɹsʇ‬."},{"$i":"otherConnectionInUseTitle","$v":"‮Oʇɥǝɹ‬ ‮ɔouuǝɔʇıou‬ ‮ıu‬ ‮nsǝ‬"},{"$i":"otherConnectionInUseMessage","$v":"‮ʎon‬ ‮ɥɐʌǝ‬ ‮ɐu‬ ‮ɐɔʇıʌǝ‬ ‮ɔɐʅʅ‬ ‮ou‬ ‮ɐuoʇɥǝɹ‬ ‮ɔouuǝɔʇıou‬. ‮ʎon‬ ‮ɔɐu‬ ‮ouʅʎ‬ ‮nsǝ‬ ‮ouǝ‬ ‮ɔouuǝɔʇıou‬ ‮ɐʇ‬ ‮ɐ‬ ‮ʇıɯǝ‬."},{"$i":"callBarredByTheOperatorMessage","$v":"‮Ↄɐʅʅ‬ ‮ʍɐs‬ ‮qɐɹɹǝp‬ ‮qʎ‬ ‮ʇɥǝ‬ ‮odǝɹɐʇoɹ‬"},{"$i":"phone_type_mobile","$v":"‮Woqıʅǝ‬"},{"$i":"phone_type_home","$v":"‮Hoɯǝ‬"},{"$i":"phone_type_work","$v":"‮Ｍoɹʞ‬"},{"$i":"phone_type_personal","$v":"‮Ԁǝɹsouɐʅ‬"},{"$i":"phone_type_fax_home","$v":"‮ɟɐx‬ ‮ɥoɯǝ‬"},{"$i":"phone_type_fax_office","$v":"‮ɟɐx‬ ‮oɟɟıɔǝ‬"},{"$i":"phone_type_fax_other","$v":"‮ɟɐx‬ ‮oʇɥǝɹ‬"},{"$i":"phone_type_other","$v":"‮Oʇɥǝɹ‬"},{"$i":"phone_type_custom","$v":[{"t":"idOrVar","v":"type"}]},{"$i":"phone_type_mobile_and_carrier","$v":["‮Woqıʅǝ‬, ",{"t":"idOrVar","v":"carrier"}]},{"$i":"phone_type_home_and_carrier","$v":["‮Hoɯǝ‬, ",{"t":"idOrVar","v":"carrier"}]},{"$i":"phone_type_work_and_carrier","$v":["‮Ｍoɹʞ‬, ",{"t":"idOrVar","v":"carrier"}]},{"$i":"phone_type_personal_and_carrier","$v":["‮Ԁǝɹsouɐʅ‬, ",{"t":"idOrVar","v":"carrier"}]},{"$i":"phone_type_fax_home_and_carrier","$v":["‮ɟɐx‬ ‮ɥoɯǝ‬, ",{"t":"idOrVar","v":"carrier"}]},{"$i":"phone_type_fax_office_and_carrier","$v":["‮ɟɐx‬ ‮oɟɟıɔǝ‬, ",{"t":"idOrVar","v":"carrier"}]},{"$i":"phone_type_fax_other_and_carrier","$v":["‮ɟɐx‬ ‮oʇɥǝɹ‬, ",{"t":"idOrVar","v":"carrier"}]},{"$i":"phone_type_other_and_carrier","$v":["‮Oʇɥǝɹ‬, ",{"t":"idOrVar","v":"carrier"}]},{"$i":"phone_type_custom_and_carrier","$v":[{"t":"idOrVar","v":"type"},", ",{"t":"idOrVar","v":"carrier"}]}]