[{"$i":"label","$v":"Ŀȧȧƀḗḗŀ"},{"$i":"mobile","$v":"Ḿǿǿƀīīŀḗḗ"},{"$i":"home","$v":"Ħǿǿḿḗḗ"},{"$i":"work","$v":"Ẇǿǿřķ"},{"$i":"personal","$v":"Ƥḗḗřşǿǿƞȧȧŀ"},{"$i":"faxHome","$v":"Ƒȧȧẋ ħǿǿḿḗḗ"},{"$i":"faxOffice","$v":"Ƒȧȧẋ ǿǿƒƒīīƈḗḗ"},{"$i":"faxOther","$v":"Ƒȧȧẋ ǿǿŧħḗḗř"},{"$i":"another","$v":"Ȧȧƞǿǿŧħḗḗř"},{"$i":"other","$v":"Ǿǿŧħḗḗř"},{"$i":"customTag","placeholder":"Ƈŭŭşŧǿǿḿ ŧȧȧɠ"},{"$i":"current","$v":"Ƈŭŭřřḗḗƞŧ"},{"$i":"itemWithLabel","$v":[{"t":"idOrVar","v":"label"},", ",{"t":"idOrVar","v":"item"}]},{"$i":"error","$v":"Ḗḗřřǿǿř"},{"$i":"ok","$v":"ǾǿĶ"},{"$i":"cancel","$v":"Ƈȧȧƞƈḗḗŀ"},{"$i":"emergency-call-only","$v":"Ḗḗḿḗḗřɠḗḗƞƈẏ Ƈȧȧŀŀ Ǿǿƞŀẏ"},{"$i":"emergency-call-error","$v":[{"t":"idOrVar","v":"number"}," īīş ƞǿǿŧ ȧȧƞ ḗḗḿḗḗřɠḗḗƞƈẏ ƞŭŭḿƀḗḗř."]},{"$i":"ice-contacts-bar-text","$v":"ĪīƇḖḗ Ƈǿǿƞŧȧȧƈŧş - Īīƞ Ƈȧȧşḗḗ ǿǿƒ Ḗḗḿḗḗřɠḗḗƞƈẏ"},{"$i":"ice-contacts-overlay-title","$v":"ĪīƇḖḗ Ƈǿǿƞŧȧȧƈŧş"},{"$i":"phoneNumberInput","ariaLabel":"Ƥħǿǿƞḗḗ ƞŭŭḿƀḗḗř"},{"$i":"keypadDelete","ariaLabel":"Ḓḗḗŀḗḗŧḗḗ"},{"$i":"voiceMailKey","ariaLabel":"Ṽǿǿīīƈḗḗḿȧȧīīŀ"},{"$i":"asterisk","ariaLabel":"Ȧȧşŧḗḗřīīşķ"},{"$i":"hashSign","ariaLabel":"Ħȧȧşħ şīīɠƞ"},{"$i":"keypadCancel","$v":"Ƈȧȧƞƈḗḗŀ"},{"$i":"loadingSimContacts","$v":"Ŀǿǿȧȧḓīīƞɠ ŞĪīḾ ƈȧȧřḓ ƈǿǿƞŧȧȧƈŧş…"},{"$i":"noContactsWereFound","$v":"Ƞǿǿ ƈǿǿƞŧȧȧƈŧş ẇḗḗřḗḗ ƒǿǿŭŭƞḓ"},{"$i":"noContactsFoundDialogOk","$v":"ǾǿĶ"},{"$i":"noSimCardToLoadContactsFrom","$v":"Ƞǿǿ ŞĪīḾ ƈȧȧřḓ ŧǿǿ ŀǿǿȧȧḓ ƈǿǿƞŧȧȧƈŧş ƒřǿǿḿ"},{"$i":"emergencyNumber","$v":"Ḗḗḿḗḗřɠḗḗƞƈẏ ƞŭŭḿƀḗḗř"},{"$i":"callAirplaneModeMessage","$v":"Ŧǿǿ ḿȧȧķḗḗ ȧȧ ƈȧȧŀŀ ẏǿǿŭŭ ƞḗḗḗḗḓ ŧǿǿ ḓīīşȧȧƀŀḗḗ ȧȧīīřƥŀȧȧƞḗḗ ḿǿǿḓḗḗ īīƞ şḗḗŧŧīīƞɠş."},{"$i":"callAirplaneModeBtnOk","$v":"ǾǿĶ"},{"$i":"callAirplaneModeTitle","$v":"Ȧȧīīřƥŀȧȧƞḗḗ ḿǿǿḓḗḗ ȧȧƈŧīīṽȧȧŧḗḗḓ"},{"$i":"numberIsBusyTitle","$v":"Ƞŭŭḿƀḗḗř īīş ƀŭŭşẏ"},{"$i":"numberIsBusyMessage","$v":"Ŧħḗḗ ƞŭŭḿƀḗḗř īīş ƈŭŭřřḗḗƞŧŀẏ ƀŭŭşẏ. Ƥŀḗḗȧȧşḗḗ ŧřẏ ȧȧɠȧȧīīƞ ŀȧȧŧḗḗř."},{"$i":"fdnIsActiveTitle","$v":"ƑḒȠ ȧȧƈŧīīṽḗḗ"},{"$i":"fdnIsActiveMessage","$v":["ƑḒȠ (Ƒīīẋḗḗḓ Ḓīīȧȧŀīīƞɠ Ƞŭŭḿƀḗḗřş) īīş ȧȧƈŧīīṽȧȧŧḗḗḓ ȧȧƞḓ ŧħḗḗ ƒǿǿŀŀǿǿẇīīƞɠ ƞŭŭḿƀḗḗř īīş ƞǿǿŧ īīƞ ẏǿǿŭŭř ƑḒȠ ŀīīşŧ: ",{"t":"idOrVar","v":"number"}]},{"$i":"emergencyDialogBodyBadNumber","$v":"Ŧǿǿ ḿȧȧķḗḗ ȧȧ ƈȧȧŀŀ, ŧħḗḗ ƥħǿǿƞḗḗ ḿŭŭşŧ ƀḗḗ ƈǿǿƞƞḗḗƈŧḗḗḓ ŧǿǿ ȧȧ ƞḗḗŧẇǿǿřķ."},{"$i":"emergencyDialogBodyDeviceNotAccepted","$v":"Ḗḗḿḗḗřɠḗḗƞƈẏ ƈȧȧŀŀş ȧȧřḗḗ ƞǿǿŧ ȧȧŀŀǿǿẇḗḗḓ ƀẏ ŧħḗḗ ƞḗḗŧẇǿǿřķ."},{"$i":"emergencyDialogBtnOk","$v":"ǾǿĶ"},{"$i":"emergencyDialogTitle","$v":"Ƞǿǿ ƞḗḗŧẇǿǿřķ ƈǿǿƞƞḗḗƈŧīīǿǿƞ"},{"$i":"invalidNumberToDialTitle","$v":"Īīƞṽȧȧŀīīḓ ƥħǿǿƞḗḗ ƞŭŭḿƀḗḗř"},{"$i":"invalidNumberToDialMessage","$v":"Ŧħḗḗ ƥħǿǿƞḗḗ ƞŭŭḿƀḗḗř ẏǿǿŭŭ ȧȧřḗḗ ƈȧȧŀŀīīƞɠ īīş ƞǿǿŧ ṽȧȧŀīīḓ."},{"$i":"unableToCallTitle","$v":"Ŭŭƞȧȧƀŀḗḗ ŧǿǿ ḿȧȧķḗḗ ȧȧ ƥħǿǿƞḗḗ ƈȧȧŀŀ ƞǿǿẇ"},{"$i":"unableToCallMessage","$v":"Ƈȧȧƞƞǿǿŧ ḿȧȧķḗḗ ȧȧ ƈȧȧŀŀ. Īīƒ ẏǿǿŭŭ ȧȧřḗḗ ȧȧŀřḗḗȧȧḓẏ ḓīīȧȧŀīīƞɠ, ƥŀḗḗȧȧşḗḗ ħȧȧƞɠ ŭŭƥ ƒīīřşŧ."},{"$i":"otherConnectionInUseTitle","$v":"Ǿǿŧħḗḗř ƈǿǿƞƞḗḗƈŧīīǿǿƞ īīƞ ŭŭşḗḗ"},{"$i":"otherConnectionInUseMessage","$v":"Ẏǿǿŭŭ ħȧȧṽḗḗ ȧȧƞ ȧȧƈŧīīṽḗḗ ƈȧȧŀŀ ǿǿƞ ȧȧƞǿǿŧħḗḗř ƈǿǿƞƞḗḗƈŧīīǿǿƞ. Ẏǿǿŭŭ ƈȧȧƞ ǿǿƞŀẏ ŭŭşḗḗ ǿǿƞḗḗ ƈǿǿƞƞḗḗƈŧīīǿǿƞ ȧȧŧ ȧȧ ŧīīḿḗḗ."},{"$i":"callBarredByTheOperatorMessage","$v":"Ƈȧȧŀŀ ẇȧȧş ƀȧȧřřḗḗḓ ƀẏ ŧħḗḗ ǿǿƥḗḗřȧȧŧǿǿř"},{"$i":"phone_type_mobile","$v":"Ḿǿǿƀīīŀḗḗ"},{"$i":"phone_type_home","$v":"Ħǿǿḿḗḗ"},{"$i":"phone_type_work","$v":"Ẇǿǿřķ"},{"$i":"phone_type_personal","$v":"Ƥḗḗřşǿǿƞȧȧŀ"},{"$i":"phone_type_fax_home","$v":"Ƒȧȧẋ ħǿǿḿḗḗ"},{"$i":"phone_type_fax_office","$v":"Ƒȧȧẋ ǿǿƒƒīīƈḗḗ"},{"$i":"phone_type_fax_other","$v":"Ƒȧȧẋ ǿǿŧħḗḗř"},{"$i":"phone_type_other","$v":"Ǿǿŧħḗḗř"},{"$i":"phone_type_custom","$v":[{"t":"idOrVar","v":"type"}]},{"$i":"phone_type_mobile_and_carrier","$v":["Ḿǿǿƀīīŀḗḗ, ",{"t":"idOrVar","v":"carrier"}]},{"$i":"phone_type_home_and_carrier","$v":["Ħǿǿḿḗḗ, ",{"t":"idOrVar","v":"carrier"}]},{"$i":"phone_type_work_and_carrier","$v":["Ẇǿǿřķ, ",{"t":"idOrVar","v":"carrier"}]},{"$i":"phone_type_personal_and_carrier","$v":["Ƥḗḗřşǿǿƞȧȧŀ, ",{"t":"idOrVar","v":"carrier"}]},{"$i":"phone_type_fax_home_and_carrier","$v":["Ƒȧȧẋ ħǿǿḿḗḗ, ",{"t":"idOrVar","v":"carrier"}]},{"$i":"phone_type_fax_office_and_carrier","$v":["Ƒȧȧẋ ǿǿƒƒīīƈḗḗ, ",{"t":"idOrVar","v":"carrier"}]},{"$i":"phone_type_fax_other_and_carrier","$v":["Ƒȧȧẋ ǿǿŧħḗḗř, ",{"t":"idOrVar","v":"carrier"}]},{"$i":"phone_type_other_and_carrier","$v":["Ǿǿŧħḗḗř, ",{"t":"idOrVar","v":"carrier"}]},{"$i":"phone_type_custom_and_carrier","$v":[{"t":"idOrVar","v":"type"},", ",{"t":"idOrVar","v":"carrier"}]},{"$i":"gaia-menu-cancel","$v":"Ƈȧȧƞƈḗḗŀ"},{"$i":"gaia-sim-picker-dial-via-with-number","$v":["Ḓīīȧȧŀ ",{"t":"idOrVar","v":"phoneNumber"}," ṽīīȧȧ"]},{"$i":"gaia-sim-picker-select-sim","$v":"Şḗḗŀḗḗƈŧ ŞĪīḾ"},{"$i":"gaia-sim-picker-button","$v":["ŞĪīḾ",{"t":"idOrVar","v":"n"}]},{"$i":"gaia-sim-picker-button-default","$v":"(ḓḗḗƒȧȧŭŭŀŧ)"}]