[{"$i":"weekday-0-long","$v":"‮Snupɐʎ‬"},{"$i":"weekday-1-long","$v":"‮Woupɐʎ‬"},{"$i":"weekday-2-long","$v":"‮⊥nǝspɐʎ‬"},{"$i":"weekday-3-long","$v":"‮Ｍǝpuǝspɐʎ‬"},{"$i":"weekday-4-long","$v":"‮⊥ɥnɹspɐʎ‬"},{"$i":"weekday-5-long","$v":"‮ɟɹıpɐʎ‬"},{"$i":"weekday-6-long","$v":"‮Sɐʇnɹpɐʎ‬"},{"$i":"weekday-0-short","$v":"‮Snu‬"},{"$i":"weekday-1-short","$v":"‮Wou‬"},{"$i":"weekday-2-short","$v":"‮⊥nǝ‬"},{"$i":"weekday-3-short","$v":"‮Ｍǝp‬"},{"$i":"weekday-4-short","$v":"‮⊥ɥn‬"},{"$i":"weekday-5-short","$v":"‮ɟɹı‬"},{"$i":"weekday-6-short","$v":"‮Sɐʇ‬"},{"$i":"month-0-long","$v":"‮ſɐunɐɹʎ‬"},{"$i":"month-1-long","$v":"‮ɟǝqɹnɐɹʎ‬"},{"$i":"month-2-long","$v":"‮Wɐɹɔɥ‬"},{"$i":"month-3-long","$v":"‮∀dɹıʅ‬"},{"$i":"month-4-long","$v":"‮Wɐʎ‬"},{"$i":"month-5-long","$v":"‮ſnuǝ‬"},{"$i":"month-6-long","$v":"‮ſnʅʎ‬"},{"$i":"month-7-long","$v":"‮∀nƃnsʇ‬"},{"$i":"month-8-long","$v":"‮Sǝdʇǝɯqǝɹ‬"},{"$i":"month-9-long","$v":"‮Oɔʇoqǝɹ‬"},{"$i":"month-10-long","$v":"‮Noʌǝɯqǝɹ‬"},{"$i":"month-11-long","$v":"‮pǝɔǝɯqǝɹ‬"},{"$i":"month-0-genitive","$v":"‮ſɐunɐɹʎ‬"},{"$i":"month-1-genitive","$v":"‮ɟǝqɹnɐɹʎ‬"},{"$i":"month-2-genitive","$v":"‮Wɐɹɔɥ‬"},{"$i":"month-3-genitive","$v":"‮∀dɹıʅ‬"},{"$i":"month-4-genitive","$v":"‮Wɐʎ‬"},{"$i":"month-5-genitive","$v":"‮ſnuǝ‬"},{"$i":"month-6-genitive","$v":"‮ſnʅʎ‬"},{"$i":"month-7-genitive","$v":"‮∀nƃnsʇ‬"},{"$i":"month-8-genitive","$v":"‮Sǝdʇǝɯqǝɹ‬"},{"$i":"month-9-genitive","$v":"‮Oɔʇoqǝɹ‬"},{"$i":"month-10-genitive","$v":"‮Noʌǝɯqǝɹ‬"},{"$i":"month-11-genitive","$v":"‮pǝɔǝɯqǝɹ‬"},{"$i":"month-0-short","$v":"‮ſɐu‬"},{"$i":"month-1-short","$v":"‮ɟǝq‬"},{"$i":"month-2-short","$v":"‮Wɐɹ‬"},{"$i":"month-3-short","$v":"‮∀dɹ‬"},{"$i":"month-4-short","$v":"‮Wɐʎ‬"},{"$i":"month-5-short","$v":"‮ſnu‬"},{"$i":"month-6-short","$v":"‮ſnʅ‬"},{"$i":"month-7-short","$v":"‮∀nƃ‬"},{"$i":"month-8-short","$v":"‮Sǝd‬"},{"$i":"month-9-short","$v":"‮Oɔʇ‬"},{"$i":"month-10-short","$v":"‮Noʌ‬"},{"$i":"month-11-short","$v":"‮pǝɔ‬"},{"$i":"minutes-ago-long","$v":{"zero":"‮ɾnsʇ‬ ‮uoʍ‬","one":"‮ɐ‬ ‮ɯıunʇǝ‬ ‮ɐƃo‬","two":[{"t":"idOrVar","v":"value"}," ‮ɯıunʇǝs‬ ‮ɐƃo‬"],"few":[{"t":"idOrVar","v":"value"}," ‮ɯıunʇǝs‬ ‮ɐƃo‬"],"many":[{"t":"idOrVar","v":"value"}," ‮ɯıunʇǝs‬ ‮ɐƃo‬"],"other":[{"t":"idOrVar","v":"value"}," ‮ɯıunʇǝs‬ ‮ɐƃo‬"]},"$x":[{"t":"idOrVar","v":"plural"},"value"]},{"$i":"hours-ago-long","$v":{"zero":"‮ɾnsʇ‬ ‮uoʍ‬","one":"‮ɐu‬ ‮ɥonɹ‬ ‮ɐƃo‬","two":[{"t":"idOrVar","v":"value"}," ‮ɥonɹs‬ ‮ɐƃo‬"],"few":[{"t":"idOrVar","v":"value"}," ‮ɥonɹs‬ ‮ɐƃo‬"],"many":[{"t":"idOrVar","v":"value"}," ‮ɥonɹs‬ ‮ɐƃo‬"],"other":[{"t":"idOrVar","v":"value"}," ‮ɥonɹs‬ ‮ɐƃo‬"]},"$x":[{"t":"idOrVar","v":"plural"},"value"]},{"$i":"days-ago-long","$v":{"zero":"‮ʇopɐʎ‬","one":"‮ʎǝsʇǝɹpɐʎ‬","two":[{"t":"idOrVar","v":"value"}," ‮pɐʎs‬ ‮ɐƃo‬"],"few":[{"t":"idOrVar","v":"value"}," ‮pɐʎs‬ ‮ɐƃo‬"],"many":[{"t":"idOrVar","v":"value"}," ‮pɐʎs‬ ‮ɐƃo‬"],"other":[{"t":"idOrVar","v":"value"}," ‮pɐʎs‬ ‮ɐƃo‬"]},"$x":[{"t":"idOrVar","v":"plural"},"value"]},{"$i":"weeks-ago-long","$v":{"zero":"‮ʇɥıs‬ ‮ʍǝǝʞ‬","one":"‮ʅɐsʇ‬ ‮ʍǝǝʞ‬","two":[{"t":"idOrVar","v":"value"}," ‮ʍǝǝʞs‬ ‮ɐƃo‬"],"few":[{"t":"idOrVar","v":"value"}," ‮ʍǝǝʞs‬ ‮ɐƃo‬"],"many":[{"t":"idOrVar","v":"value"}," ‮ʍǝǝʞs‬ ‮ɐƃo‬"],"other":[{"t":"idOrVar","v":"value"}," ‮ʍǝǝʞs‬ ‮ɐƃo‬"]},"$x":[{"t":"idOrVar","v":"plural"},"value"]},{"$i":"months-ago-long","$v":{"zero":"‮ʇɥıs‬ ‮ɯouʇɥ‬","one":"‮ʅɐsʇ‬ ‮ɯouʇɥ‬","two":[{"t":"idOrVar","v":"value"}," ‮ɯouʇɥs‬ ‮ɐƃo‬"],"few":[{"t":"idOrVar","v":"value"}," ‮ɯouʇɥs‬ ‮ɐƃo‬"],"many":[{"t":"idOrVar","v":"value"}," ‮ɯouʇɥs‬ ‮ɐƃo‬"],"other":[{"t":"idOrVar","v":"value"}," ‮ɯouʇɥs‬ ‮ɐƃo‬"]},"$x":[{"t":"idOrVar","v":"plural"},"value"]},{"$i":"years-ago-long","$v":{"zero":"‮ʇɥıs‬ ‮ʎǝɐɹ‬","one":"‮ʅɐsʇ‬ ‮ʎǝɐɹ‬","two":[{"t":"idOrVar","v":"value"}," ‮ʎǝɐɹs‬ ‮ɐƃo‬"],"few":[{"t":"idOrVar","v":"value"}," ‮ʎǝɐɹs‬ ‮ɐƃo‬"],"many":[{"t":"idOrVar","v":"value"}," ‮ʎǝɐɹs‬ ‮ɐƃo‬"],"other":[{"t":"idOrVar","v":"value"}," ‮ʎǝɐɹs‬ ‮ɐƃo‬"]},"$x":[{"t":"idOrVar","v":"plural"},"value"]},{"$i":"minutes-until-long","$v":{"zero":"‮uoʍ‬","one":"‮ıu‬ ‮ɐ‬ ‮ɯıunʇǝ‬","two":["‮ıu‬ ",{"t":"idOrVar","v":"value"}," ‮ɯıunʇǝs‬"],"few":["‮ıu‬ ",{"t":"idOrVar","v":"value"}," ‮ɯıunʇǝs‬"],"many":["‮ıu‬ ",{"t":"idOrVar","v":"value"}," ‮ɯıunʇǝs‬"],"other":["‮ıu‬ ",{"t":"idOrVar","v":"value"}," ‮ɯıunʇǝs‬"]},"$x":[{"t":"idOrVar","v":"plural"},"value"]},{"$i":"hours-until-long","$v":{"zero":"‮uoʍ‬","one":"‮ıu‬ ‮ɐu‬ ‮ɥonɹ‬","two":["‮ıu‬ ",{"t":"idOrVar","v":"value"}," ‮ɥonɹs‬"],"few":["‮ıu‬ ",{"t":"idOrVar","v":"value"}," ‮ɥonɹs‬"],"many":["‮ıu‬ ",{"t":"idOrVar","v":"value"}," ‮ɥonɹs‬"],"other":["‮ıu‬ ",{"t":"idOrVar","v":"value"}," ‮ɥonɹs‬"]},"$x":[{"t":"idOrVar","v":"plural"},"value"]},{"$i":"days-until-long","$v":{"zero":"‮ʇopɐʎ‬","one":"‮ʇoɯoɹɹoʍ‬","two":["‮ıu‬ ",{"t":"idOrVar","v":"value"}," ‮pɐʎs‬"],"few":["‮ıu‬ ",{"t":"idOrVar","v":"value"}," ‮pɐʎs‬"],"many":["‮ıu‬ ",{"t":"idOrVar","v":"value"}," ‮pɐʎs‬"],"other":["‮ıu‬ ",{"t":"idOrVar","v":"value"}," ‮pɐʎs‬"]},"$x":[{"t":"idOrVar","v":"plural"},"value"]},{"$i":"weeks-until-long","$v":{"zero":"‮ʇɥıs‬ ‮ʍǝǝʞ‬","one":"‮uǝxʇ‬ ‮ʍǝǝʞ‬","two":["‮ıu‬ ",{"t":"idOrVar","v":"value"}," ‮ʍǝǝʞs‬"],"few":["‮ıu‬ ",{"t":"idOrVar","v":"value"}," ‮ʍǝǝʞs‬"],"many":["‮ıu‬ ",{"t":"idOrVar","v":"value"}," ‮ʍǝǝʞs‬"],"other":["‮ıu‬ ",{"t":"idOrVar","v":"value"}," ‮ʍǝǝʞs‬"]},"$x":[{"t":"idOrVar","v":"plural"},"value"]},{"$i":"months-until-long","$v":{"zero":"‮ʇɥıs‬ ‮ɯouʇɥ‬","one":"‮uǝxʇ‬ ‮ɯouʇɥ‬","two":["‮ıu‬ ",{"t":"idOrVar","v":"value"}," ‮ɯouʇɥs‬"],"few":["‮ıu‬ ",{"t":"idOrVar","v":"value"}," ‮ɯouʇɥs‬"],"many":["‮ıu‬ ",{"t":"idOrVar","v":"value"}," ‮ɯouʇɥs‬"],"other":["‮ıu‬ ",{"t":"idOrVar","v":"value"}," ‮ɯouʇɥs‬"]},"$x":[{"t":"idOrVar","v":"plural"},"value"]},{"$i":"years-until-long","$v":{"zero":"‮ʇɥıs‬ ‮ʎǝɐɹ‬","one":"‮uǝxʇ‬ ‮ʎǝɐɹ‬","two":["‮ıu‬ ",{"t":"idOrVar","v":"value"}," ‮ʎǝɐɹs‬"],"few":["‮ıu‬ ",{"t":"idOrVar","v":"value"}," ‮ʎǝɐɹs‬"],"many":["‮ıu‬ ",{"t":"idOrVar","v":"value"}," ‮ʎǝɐɹs‬"],"other":["‮ıu‬ ",{"t":"idOrVar","v":"value"}," ‮ʎǝɐɹs‬"]},"$x":[{"t":"idOrVar","v":"plural"},"value"]},{"$i":"minutes-ago-short","$v":{"zero":"‮ɾnsʇ‬ ‮uoʍ‬","other":[{"t":"idOrVar","v":"value"},"‮ɯ‬ ‮ɐƃo‬"]},"$x":[{"t":"idOrVar","v":"plural"},"value"]},{"$i":"hours-ago-short","$v":{"zero":"‮ɾnsʇ‬ ‮uoʍ‬","other":[{"t":"idOrVar","v":"value"},"‮ɥ‬ ‮ɐƃo‬"]},"$x":[{"t":"idOrVar","v":"plural"},"value"]},{"$i":"days-ago-short","$v":{"zero":"‮ʇopɐʎ‬","other":[{"t":"idOrVar","v":"value"},"‮p‬ ‮ɐƃo‬"]},"$x":[{"t":"idOrVar","v":"plural"},"value"]},{"$i":"minutes-until-short","$v":{"zero":"‮uoʍ‬","other":["‮ıu‬ ",{"t":"idOrVar","v":"value"},"‮ɯ‬"]},"$x":[{"t":"idOrVar","v":"plural"},"value"]},{"$i":"hours-until-short","$v":{"zero":"‮uoʍ‬","other":["‮ıu‬ ",{"t":"idOrVar","v":"value"},"‮ɥ‬"]},"$x":[{"t":"idOrVar","v":"plural"},"value"]},{"$i":"days-until-short","$v":{"zero":"‮ʇopɐʎ‬","other":["‮ıu‬ ",{"t":"idOrVar","v":"value"},"‮p‬"]},"$x":[{"t":"idOrVar","v":"plural"},"value"]},{"$i":"incorrectDate","$v":"(‮ıuɔoɹɹǝɔʇ‬ ‮pɐʇǝ‬)"},{"$i":"dateTimeFormat_%c","$v":"%a %b %e %Y %I:%M:%S %p"},{"$i":"dateTimeFormat_%x","$v":"%m/%d/%Y"},{"$i":"dateTimeFormat_%X","$v":"%I:%M:%S %p"},{"$i":"shortTimeFormat","$v":"%I:%M %p"},{"$i":"shortTimeFormat12","$v":"%I:%M %p"},{"$i":"shortTimeFormat24","$v":"%H:%M"},{"$i":"shortDateTimeFormat","$v":"%x %I:%M %p"},{"$i":"weekStartsOnMonday","$v":"0"},{"$i":"firstDayOfTheWeek","$v":"0"},{"$i":"timePickerOrder","$v":"‮HWd‬"},{"$i":"datePickerOrder","$v":"‮Wpʎ‬"},{"$i":"hourMinutesSeparator","$v":":"},{"$i":"listSeparator_middle","$v":", "},{"$i":"time_am","$v":"‮∀W‬"},{"$i":"time_pm","$v":"‮ԀW‬"},{"$i":"durationPattern","$v":"‮ɥɥ‬:‮ɯɯ‬:‮ss‬.‮SS‬"},{"$i":"topup-confirmation-title2","$v":"‮∩sɐƃǝ‬"},{"$i":"topup-confirmation-message","$v":"‮⊥od‬-‮nd‬ ‮ɔouɟıɹɯǝp‬"},{"$i":"topup-incorrectcode-title2","$v":"‮∩sɐƃǝ‬"},{"$i":"topup-incorrectcode-message3","$v":"‮Iuɔoɹɹǝɔʇ‬ ‮ʇod‬-‮nd‬ ‮ɔopǝ‬ ‮ǝuʇǝɹǝp‬."},{"$i":"updating","$v":"‮∩dpɐʇıuƃ‬"},{"$i":"updating-ellipsis","$v":"‮∩dpɐʇıuƃ‬…"},{"$i":"yesterday","$v":"‮ʎǝsʇǝɹpɐʎ‬"},{"$i":"today","$v":"‮⊥opɐʎ‬"},{"$i":"never","$v":"‮Nǝʌǝɹ‬"},{"$i":"magnitude","$v":[{"t":"idOrVar","v":"value"}," ",{"t":"idOrVar","v":"unit"}]},{"$i":"currency","$v":[{"t":"idOrVar","v":"currency"},{"t":"idOrVar","v":"value"}]},{"$i":"widget","$v":"‮∩sɐƃǝ‬ ‮Ｍıpƃǝʇ‬"},{"$i":"widget-authed-sim-heading","$v":["‮Nǝʍ‬ ",{"t":"idOrVar","v":"provider"}," ‮SIW‬ ‮ıusǝɹʇǝp‬"]},{"$i":"widget-authed-sim-meta","$v":"‮⊥ɐd‬ ‮ʇo‬ ‮ʇɹɐɔʞ‬ ‮ʎonɹ‬ ‮dɥouǝ‬ ‮ɐup‬ ‮ıuʇǝɹuǝʇ‬ ‮nsɐƃǝ‬."},{"$i":"widget-nonauthed-sim-heading","$v":"‮Nǝʍ‬ ‮SIW‬ ‮ıusǝɹʇǝp‬"},{"$i":"widget-nonauthed-sim-meta","$v":"‮⊥ɐd‬ ‮ʇo‬ ‮ʇɹɐɔʞ‬ ‮ʎonɹ‬ ‮ıuʇǝɹuǝʇ‬ ‮nsɐƃǝ‬."},{"$i":"widget-airplane-mode-heading","$v":"‮∀ıɹdʅɐuǝ‬ ‮Wopǝ‬"},{"$i":"widget-airplane-mode-meta","$v":"‮Ԁʅǝɐsǝ‬, ‮ʇnɹu‬ ‮oɟɟ‬ ‮ɐıɹdʅɐuǝ‬ ‮ɯopǝ‬ ‮ʇo‬ ‮ǝuɐqʅǝ‬ ‮∩sɐƃǝ‬."},{"$i":"widget-no-sim2-heading","$v":"‮No‬ ‮SIW‬ ‮ıusǝɹʇǝp‬"},{"$i":"widget-no-sim2-meta","$v":"‮Iusǝɹʇ‬ ‮ɐ‬ ‮SIW‬ ‮ʇo‬ ‮ǝuɐqʅǝ‬ ‮∩sɐƃǝ‬."},{"$i":"widget-sim-locked-heading","$v":"‮˥oɔʞǝp‬ ‮SIW‬ ‮ɔɐɹp‬"},{"$i":"widget-sim-locked-meta","$v":"‮∩uʅoɔʞ‬ ‮ʎonɹ‬ ‮SIW‬ ‮ʇo‬ ‮ǝuɐqʅǝ‬ ‮∩sɐƃǝ‬."},{"$i":"widget-unknown-heading","$v":"‮Ǝɹɹoɹ‬"},{"$i":"widget-unknown-meta","$v":"‮Ԁʅǝɐsǝ‬, ‮ɯɐʞǝ‬ ‮snɹǝ‬ ‮ɐıɹdʅɐuǝ‬ ‮ɯopǝ‬ ‮ıs‬ ‮oɟɟ‬."},{"$i":"fte","$v":"‮∩sɐƃǝ‬ ‮ɟıɹsʇ‬ ‮⊥ıɯǝ‬ ‮Ǝxdǝɹıǝuɔǝ‬"},{"$i":"fte-authed-sim","$v":"‮Sɐʌǝ‬ ‮ɯouǝʎ‬ ‮qʎ‬ ‮ʞǝǝdıuƃ‬ ‮ʇɹɐɔʞ‬ ‮oɟ‬ ‮ʎonɹ‬ ‮dɥouǝ‬ ‮ɐup‬ ‮ıuʇǝɹuǝʇ‬ ‮nsɐƃǝ‬."},{"$i":"fte-nonauthed-sim","$v":"‮Sɐʌǝ‬ ‮ɯouǝʎ‬ ‮qʎ‬ ‮ʞǝǝdıuƃ‬ ‮ʇɹɐɔʞ‬ ‮oɟ‬ ‮ʎonɹ‬ ‮ıuʇǝɹuǝʇ‬ ‮nsɐƃǝ‬."},{"$i":"fte-no-sim","$v":"‮פǝʇ‬ ‮ɔʅǝɐɹ‬ ‮ıuɟoɹɯɐʇıou‬ ‮ɐqonʇ‬ ‮ɥoʍ‬ ‮ɯnɔɥ‬ ‮ıuʇǝɹuǝʇ‬ ‮ʎon‬’‮ɹǝ‬ ‮nsıuƃ‬."},{"$i":"fte-sim-info2","$v":"‮Iuɟoɹɯɐʇıou‬ ‮sɥoʍu‬ ‮ou‬ ‮∩sɐƃǝ‬ ‮ɔoɯǝs‬ ‮pıɹǝɔʇʅʎ‬ ‮ɟɹoɯ‬ ‮ʇɥıs‬ ‮pǝʌıɔǝ‬. ‮Ↄɥǝɔʞ‬ ‮ʍıʇɥ‬ ‮ʎonɹ‬ ‮ɯoqıʅǝ‬ ‮sǝɹʌıɔǝ‬ ‮dɹoʌıpǝɹ‬ ‮ɟoɹ‬ ‮pǝʇɐıʅǝp‬ ‮ɐɔɔonuʇ‬ ‮ıuɟoɹɯɐʇıou‬."},{"$i":"fte-plantype-title","$v":"‮⊥ʎdǝ‬ ‮oɟ‬ ‮Ↄouʇɹɐɔʇ‬"},{"$i":"fte-plantype-hint","$v":"‮Sǝʅǝɔʇ‬ ‮ʇɥǝ‬ ‮ʇʎdǝ‬ ‮oɟ‬ ‮ɔouʇɹɐɔʇ‬ ‮ʎon‬ ‮ɥɐʌǝ‬ ‮ʍıʇɥ‬ ‮ʎonɹ‬ ‮ɯoqıʅǝ‬ ‮sǝɹʌıɔǝ‬ ‮dɹoʌıpǝɹ‬."},{"$i":"fte-prepaid2-title","$v":"‮˥oʍ‬ ‮Ԑɐʅɐuɔǝ‬ ‮∀ʅǝɹʇ‬"},{"$i":"fte-prepaid2-hint","$v":"‮Sǝʇ‬ ‮ɐu‬ ‮ɐʅǝɹʇ‬ ‮ʇo‬ ‮ɐʌoıp‬ ‮ɹnuuıuƃ‬ ‮onʇ‬ ‮oɟ‬ ‮ɔɹǝpıʇ‬."},{"$i":"fte-prepaid3-title","$v":"‮pɐʇɐ‬ ‮ᴚǝdoɹʇ‬ ‮ɐup‬ ‮∀ʅǝɹʇ‬"},{"$i":"fte-prepaid3-hint","$v":"‮ᴚǝɔǝıʌǝ‬ ‮ɹǝdoɹʇs‬ ‮ɐqonʇ‬ ‮ʎonɹ‬ ‮Iuʇǝɹuǝʇ‬ ‮nsɐƃǝ‬ ‮ɐup‬ ‮sǝʇ‬ ‮ɐu‬ ‮ɐʅǝɹʇ‬ ‮ʇo‬ ‮ɐʌoıp‬ ‮nsıuƃ‬ ‮ʇoo‬ ‮ɯnɔɥ‬."},{"$i":"fte-postpaid2-title","$v":"‮Ԁɥouǝ‬ ‮ɐup‬ ‮pɐʇɐ‬ ‮ᴚǝdoɹʇ‬"},{"$i":"fte-postpaid2-hint","$v":"‮ᴚǝɔǝıʌǝ‬ ‮ɹǝdoɹʇs‬ ‮ɐqonʇ‬ ‮ʎonɹ‬ ‮dɥouǝ‬ ‮ɐup‬ ‮Iuʇǝɹuǝʇ‬ ‮nsɐƃǝ‬."},{"$i":"fte-postpaid3-title","$v":"‮pɐʇɐ‬ ‮∀ʅǝɹʇ‬"},{"$i":"fte-postpaid3-hint","$v":"‮Sǝʇ‬ ‮ɐu‬ ‮ɐʅǝɹʇ‬ ‮ʇo‬ ‮ɐʌoıp‬ ‮nsıuƃ‬ ‮ʇoo‬ ‮ɯnɔɥ‬ ‮pɐʇɐ‬."},{"$i":"fte-onlydata2-title","$v":"‮pɐʇɐ‬ ‮ᴚǝdoɹʇ‬"},{"$i":"fte-onlydata2-hint","$v":"‮ᴚǝɔǝıʌǝ‬ ‮ɹǝdoɹʇs‬ ‮ɐqonʇ‬ ‮ʎonɹ‬ ‮ıuʇǝɹuǝʇ‬ ‮nsɐƃǝ‬."},{"$i":"fte-onlydata3-title","$v":"‮pɐʇɐ‬ ‮∀ʅǝɹʇ‬"},{"$i":"fte-onlydata3-hint","$v":"‮Sǝʇ‬ ‮ɐu‬ ‮ɐʅǝɹʇ‬ ‮ʇo‬ ‮ɐʌoıp‬ ‮nsıuƃ‬ ‮ʇoo‬ ‮ɯnɔɥ‬ ‮pɐʇɐ‬."},{"$i":"phone-activity","$v":"‮Ԁɥouǝ‬ ‮∀ɔʇıʌıʇʎ‬"},{"$i":"balance","$v":"‮Ԑɐʅɐuɔǝ‬"},{"$i":"on-roaming-message2","$v":"‮ᴚoɐɯıuƃ‬: ‮uo‬ ‮ɐnʇoɯɐʇıɔ‬ ‮qɐʅɐuɔǝ‬ ‮ndpɐʇǝ‬. ‮ʎon‬ ‮ɯıƃɥʇ‬ ‮qǝ‬ ‮ɔɥɐɹƃǝp‬ ‮ɟoɹ‬ ‮ndpɐʇıuƃ‬ ‮ɯɐunɐʅʅʎ‬."},{"$i":"balance-error-message2","$v":"‮Ԑɐʅɐuɔǝ‬ ‮pıpu‬’‮ʇ‬ ‮ndpɐʇǝ‬ ‮ɔoɹɹǝɔʇʅʎ‬. ‮⊥ɹʎ‬ ‮ndpɐʇıuƃ‬ ‮ɯɐunɐʅʅʎ‬."},{"$i":"airplane-mode-error-message2","$v":"‮⊥nɹu‬ ‮oɟɟ‬ ‮ɐıɹdʅɐuǝ‬ ‮ɯopǝ‬ ‮ʇo‬ ‮ndpɐʇǝ‬ ‮ʎonɹ‬ ‮qɐʅɐuɔǝ‬ ‮oɹ‬ ‮ʇod‬ ‮nd‬."},{"$i":"disable-airplane-mode","$v":"‮po‬ ‮ʎon‬ ‮ʍɐuʇ‬ ‮ʇo‬ ‮pısɐqʅǝ‬ ‮∀ıɹdʅɐuǝ‬ ‮ɯopǝ‬ ‮ʇo‬ ‮ndpɐʇǝ‬ ‮oɹ‬ ‮ʇod‬ ‮nd‬?"},{"$i":"no-coverage-error-message2","$v":"‮ʎon‬ ‮uǝǝp‬ ‮dɥouǝ‬ ‮ɔoʌǝɹɐƃǝ‬ ‮ʇo‬ ‮ndpɐʇǝ‬ ‮ʎonɹ‬ ‮qɐʅɐuɔǝ‬ ‮oɹ‬ ‮ʇod‬ ‮nd‬."},{"$i":"top-up","$v":"‮⊥od‬ ‮∩d‬"},{"$i":"enter-top-up-code","$v":"‮Ǝuʇǝɹ‬ ‮ʇɥǝ‬ ‮ʇod‬-‮nd‬ ‮ɔopǝ‬"},{"$i":"top-up-code-explanation2","$v":"‮ɟıup‬ ‮ıʇ‬ ‮ou‬ ‮ʇɥǝ‬ ‮sɔɹɐʇɔɥ‬ ‮ɔɐɹp‬ ‮oɹ‬ ‮pıɹǝɔʇʅʎ‬ ‮ıu‬ ‮ʎonɹ‬ ‮ɹǝɔǝıdʇ‬."},{"$i":"wait-for-confirmation","$v":"‮ʎon‬ ‮ʍıʅʅ‬ ‮ɹǝɔǝıʌǝ‬ ‮ɐ‬ ‮ɔouɟıɹɯɐʇıou‬ ‮ɯǝssɐƃǝ‬"},{"$i":"incorrect-code2","$v":"‮Wɐʞǝ‬ ‮snɹǝ‬ ‮ʇɥǝ‬ ‮ɔopǝ‬ ‮ıs‬ ‮ɔoɹɹǝɔʇ‬ ‮ɐup‬ ‮ʇɹʎ‬ ‮ɐƃɐıu‬."},{"$i":"topup-error2","$v":"‮⊥ɥǝɹǝ‬ ‮ʍɐs‬ ‮ɐ‬ ‮dɹoqʅǝɯ‬ ‮sǝupıuƃ‬ ‮ʇɥǝ‬ ‮ɔopǝ‬. ‮Ԁʅǝɐsǝ‬, ‮ʇɹʎ‬ ‮ɐƃɐıu‬."},{"$i":"application-error-title","$v":"‮Sǝɹʌıɔǝ‬ ‮nuɐʌɐıʅɐqʅǝ‬"},{"$i":"application-error-message","$v":"‮Ↄouʇɐɔʇ‬ ‮ʎonɹ‬ ‮ɔoɯdɐuʎ‬ ‮ɹǝdɹǝsǝuʇɐʇıʌǝ‬"},{"$i":"service-unavailable-title","$v":"‮Sǝɹʌıɔǝ‬ ‮nuɐʌɐıʅɐqʅǝ‬"},{"$i":"service-unavailable-message","$v":"‮Nǝıʇɥǝɹ‬ ‮ndpɐʇǝ‬ ‮uoɹ‬ ‮ʇod‬-‮nd‬ ‮ıs‬ ‮dossıqʅǝ‬ ‮ɐʇ‬ ‮ʇɥǝ‬ ‮ɯoɯǝuʇ‬. ‮Ԁʅǝɐsǝ‬ ‮ʇɹʎ‬ ‮ʅɐʇǝɹ‬."},{"$i":"data-usage","$v":"‮pɐʇɐ‬ ‮nsɐƃǝ‬"},{"$i":"update-button","$v":"‮∩dpɐʇǝ‬"},{"$i":"topup-button2","$v":"‮∩sǝ‬ ‮ʇod‬-‮nd‬ ‮ɔopǝ‬"},{"$i":"topup-ussd-button2","$v":"‮Odǝu‬ ‮ʇod‬-‮nd‬ ‮ɯǝun‬"},{"$i":"ok","$v":"‮OӼ‬"},{"$i":"top-up-in-progress2","$v":"‮ʎonɹ‬ ‮ʇod‬-‮nd‬ ‮ıs‬ ‮qǝıuƃ‬ ‮dɹoɔǝssǝp‬."},{"$i":"top-up-timed-out2","$v":"‮∩dpɐʇǝ‬ ‮ʎonɹ‬ ‮qɐʅɐuɔǝ‬ ‮ʇo‬ ‮ɔouɟıɹɯ‬. ‮Iɟ‬ ‮qɐʅɐuɔǝ‬ ‮ıs‬ ‮nuɔɥɐuƃǝp‬, ‮ʇɹʎ‬ ‮ʇoddıuƃ‬ ‮nd‬ ‮ɐƃɐıu‬."},{"$i":"on-topup-not-confirmed-title","$v":"‮⊥od‬-‮nd‬ ‮uoʇ‬ ‮ɔouɟıɹɯǝp‬"},{"$i":"on-topup-not-confirmed-message","$v":"‮⊥ɹʎ‬ ‮ndpɐʇıuƃ‬ ‮ʎonɹ‬ ‮qɐʅɐuɔǝ‬ ‮oɹ‬ ‮ɹǝʇɹʎ‬ ‮ʇod‬-‮nd‬."},{"$i":"send","$v":"‮sǝup‬"},{"$i":"plantype-setup-title","$v":"‮Wʎ‬ ‮dɥouǝ‬ ‮ɐup‬ ‮Iuʇǝɹuǝʇ‬ ‮dʅɐu‬ ‮ıs‬"},{"$i":"prepaid","$v":"‮Ԁɹǝdɐıp‬"},{"$i":"postpaid","$v":"‮Ԁosʇdɐıp‬"},{"$i":"phoneactivity","$v":"‮Ԁɥouǝ‬ ‮ɐɔʇıʌıʇʎ‬"},{"$i":"sms-sent","$v":"‮SWS‬ ‮sǝuʇ‬"},{"$i":"call-made","$v":"‮Ↄɐʅʅs‬ ‮ɯɐpǝ‬"},{"$i":"settings","$v":"‮Sǝʇʇıuƃs‬"},{"$i":"settings-button","ariaLabel":"‮Sǝʇʇıuƃs‬"},{"$i":"low-balance-alert","$v":"‮˥oʍ‬ ‮qɐʅɐuɔǝ‬ ‮ɐʅǝɹʇ‬"},{"$i":"low-balance-explanation2","$v":"‮Ｍɥǝu‬ ‮qɐʅɐuɔǝ‬ ‮ıs‬ ‮qǝʅoʍ‬"},{"$i":"phone-and-internet-data-report","$v":"‮Ԁɥouǝ‬ ‮ɐup‬ ‮Iuʇǝɹuǝʇ‬ ‮pɐʇɐ‬ ‮ɹǝdoɹʇ‬"},{"$i":"internet-data-report","$v":"‮Iuʇǝɹuǝʇ‬ ‮pɐʇɐ‬ ‮ɹǝdoɹʇ‬"},{"$i":"starting-on","$v":"‮Sʇɐɹʇıuƃ‬ ‮ou‬"},{"$i":"cancel","$v":"‮Ↄɐuɔǝʅ‬"},{"$i":"monthly","$v":"‮Wouʇɥʅʎ‬"},{"$i":"weekly","$v":"‮Ｍǝǝʞʅʎ‬"},{"$i":"monday","$v":"‮Woupɐʎ‬"},{"$i":"tuesday","$v":"‮⊥nǝspɐʎ‬"},{"$i":"wednesday","$v":"‮Ｍǝpuǝspɐʎ‬"},{"$i":"thursday","$v":"‮⊥ɥnɹspɐʎ‬"},{"$i":"friday","$v":"‮ɟɹıpɐʎ‬"},{"$i":"saturday","$v":"‮Sɐʇnɹpɐʎ‬"},{"$i":"sunday","$v":"‮Snupɐʎ‬"},{"$i":"billing-cycle-ends","$v":"‮Ԑıʅʅıuƃ‬ ‮ɔʎɔʅǝ‬ ‮ǝups‬"},{"$i":"tracking-will-reset","$v":"‮⊥ɹɐɔʞıuƃ‬ ‮ʍıʅʅ‬ ‮ɹǝsǝʇ‬ ‮ou‬ ‮ʇɥıs‬ ‮pɐʇǝ‬"},{"$i":"yes","$v":"‮ʎǝs‬"},{"$i":"done","$v":"‮pouǝ‬"},{"$i":"confirmation","$v":"‮Ↄouɟıɹɯɐʇıou‬"},{"$i":"reset-wifi-confirmation-warning","$v":["‮ʎonɹ‬ ‮ɔnɹɹǝuʇ‬ ‮Ｍı‬-‮ɟı‬ ‮pɐʇɐ‬ ‮nsɐƃǝ‬ ‮ıs‬ ",{"t":"idOrVar","v":"wifiData"},". ‮Ↄʅǝɐɹ‬ ‮ıʇ‬ ‮ɐʅʅ‬?"]},{"$i":"reset-mobile-confirmation-warning","$v":["‮ʎonɹ‬ ‮ɔnɹɹǝuʇ‬ ‮ɯoqıʅǝ‬ ‮pɐʇɐ‬ ‮nsɐƃǝ‬ ‮ıs‬ ",{"t":"idOrVar","v":"mobileData"},". ‮Ↄʅǝɐɹ‬ ‮ıʇ‬ ‮ɐʅʅ‬?"]},{"$i":"reset-all-confirmation-warning","$v":["‮ʎonɹ‬ ‮ɔnɹɹǝuʇ‬ ‮pɐʇɐ‬ ‮nsɐƃǝs‬ ‮ɐɹǝ‬ ",{"t":"idOrVar","v":"mobileData"}," ‮ou‬ ‮ɯoqıʅǝ‬, ",{"t":"idOrVar","v":"wifiData"}," ‮ou‬ ‮Ｍı‬-‮ɟı‬. ‮Ↄʅǝɐɹ‬ ‮ıʇ‬ ‮ɐʅʅ‬?"]},{"$i":"reset-telephony-confirmation-warning","$v":"‮∀ʅʅ‬ ‮ɔnɹɹǝuʇ‬ ‮pɐʇɐ‬ ‮ʍıʅʅ‬ ‮qǝ‬ ‮pǝʅǝʇǝp‬. ‮∀ɹǝ‬ ‮ʎon‬ ‮snɹǝ‬ ‮ʎon‬ ‮ʍɐuʇ‬ ‮ʇo‬ ‮ɹǝsǝʇ‬?"},{"$i":"reset","$v":"‮ᴚǝsǝʇ‬"},{"$i":"reset-wifi","$v":"‮ᴚǝsǝʇ‬ ‮Ｍı‬-‮ɟı‬ ‮nsɐƃǝ‬"},{"$i":"reset-mobile","$v":"‮ᴚǝsǝʇ‬ ‮ɯoqıʅǝ‬ ‮nsɐƃǝ‬"},{"$i":"reset-all","$v":"‮ᴚǝsǝʇ‬ ‮ɯoqıʅǝ‬ & ‮Ｍı‬-‮ɟı‬ ‮pɐʇɐ‬"},{"$i":"not-set","$v":"‮Noʇ‬ ‮sǝʇ‬"},{"$i":"used","$v":"‮∩sǝp‬"},{"$i":"limit-passed","$v":"‮˥ıɯıʇ‬ ‮dɐssǝp‬"},{"$i":"limit","$v":"‮˥ıɯıʇ‬"},{"$i":"data-limit-header","$v":"‮pɐʇɐ‬ ‮nsɐƃǝ‬ ‮ʅıɯıʇ‬"},{"$i":"data-limit-alert","$v":"‮pɐʇɐ‬ ‮nsǝ‬ ‮ɐʅǝɹʇ‬"},{"$i":"data-limit-value2","$v":"‮Ｍɥǝu‬ ‮nsǝ‬ ‮ıs‬ ‮ɐqoʌǝ‬"},{"$i":"data-limit-dialog-title2","$v":"‮Ǝuʇǝɹ‬ ‮ɐ‬ ‮ɯoqıʅǝ‬ ‮pɐʇɐ‬ ‮ʅıɯıʇ‬ ‮ɐʅǝɹʇ‬"},{"$i":"data-limit-dialog-explanation2","$v":"‮Ↄouuǝɔʇıou‬ ‮sdǝǝps‬ ‮ɹǝpnɔǝ‬ ‮ɐɟʇǝɹ‬ ‮ʇɥǝ‬ ‮ʅıɯıʇ‬ ‮ıs‬ ‮ɹǝɐɔɥǝp‬. ‮Ↄɥǝɔʞ‬ ‮ʍıʇɥ‬ ‮ʎonɹ‬ ‮pɐʇɐ‬ ‮dɹoʌıpǝɹ‬ ‮ʇo‬ ‮sǝʇ‬ ‮ɐu‬ ‮ɐddɹodɹıɐʇǝ‬ ‮ɐʅǝɹʇ‬ ‮ʅǝʌǝʅ‬."},{"$i":"data-limit-input-label","ariaLabel":"‮pɐʇɐ‬ ‮ʅıɯıʇ‬"},{"$i":"wifi-usage","$v":"‮Ｍı‬-‮ɟı‬ ‮nsɐƃǝ‬"},{"$i":"mobile-usage","$v":"‮Woqıʅǝ‬ ‮nsɐƃǝ‬"},{"$i":"wifi-usage-settings","$v":"‮Ｍı‬-‮ɟı‬ ‮nsɐƃǝ‬"},{"$i":"mobile-usage-settings","$v":"‮Woqıʅǝ‬ ‮nsɐƃǝ‬"},{"$i":"im-prepaid","$v":"‮I‬’‮ɯ‬ ‮Ԁɹǝ‬-‮dɐıp‬"},{"$i":"im-postpaid","$v":"‮I‬’‮ɯ‬ ‮Ԁosʇ‬-‮dɐıp‬"},{"$i":"reset-data-usage","$v":"‮ᴚǝsǝʇ‬ ‮pɐʇɐ‬ ‮nsɐƃǝ‬"},{"$i":"reset-report","$v":"‮ᴚǝsǝʇ‬ ‮ɹǝdoɹʇ‬"},{"$i":"next","$v":"‮Nǝxʇ‬"},{"$i":"back","$v":"‮Ԑɐɔʞ‬"},{"$i":"lets-go","$v":"‮˥ǝʇ‬’‮s‬ ‮ƃo‬!"},{"$i":"alert","$v":"‮∀ʅǝɹʇ‬"},{"$i":"alert-limit","$v":"‮∀ʅǝɹʇ‬ ‮˥ıɯıʇ‬"},{"$i":"fte-welcome-title","$v":"‮Ｍǝʅɔoɯǝ‬"},{"$i":"data-limit-notification-title2","$v":[{"t":"idOrVar","v":"limit"}," ‮oɟ‬ ‮pɐʇɐ‬ ‮nsǝp‬"]},{"$i":"data-limit-notification-text2","$v":"‮ʎon‬’‮ʌǝ‬ ‮ɹǝɐɔɥǝp‬ ‮ʇɥǝ‬ ‮ʅıɯıʇ‬ ‮ʎon‬ ‮sǝʅǝɔʇǝp‬"},{"$i":"low-balance-notification-title","$v":"‮˥oʍ‬ ‮qɐʅɐuɔǝ‬"},{"$i":"low-balance-notification-text","$v":[{"t":"idOrVar","v":"remaining"}," ‮ɹǝɯɐıuıuƃ‬ ‮dɥouǝ‬ ‮ɔɹǝpıʇ‬"]},{"$i":"zero-balance-message","$v":"‮Ԑɐʅɐuɔǝ‬ ‮ɥɐs‬ ‮ɹǝɐɔɥǝp‬ ‮zǝɹo‬, ‮uo‬ ‮dɥouǝ‬ ‮ɔɹǝpıʇ‬ ‮ɹǝɯɐıuıuƃ‬."},{"$i":"not-available","$v":"‮Noʇ‬ ‮ɐʌɐıʅɐqʅǝ‬"},{"$i":"usage","$v":"‮∩sɐƃǝ‬"},{"$i":"internet","$v":"‮Iuʇǝɹuǝʇ‬"},{"$i":"phone","$v":"‮Ԁɥouǝ‬"},{"$i":"loading-interface-data","$v":"‮˥oɐpıuƃ‬ ‮ıuʇǝɹɟɐɔǝ‬ ‮pɐʇɐ‬. ‮Ԁʅǝɐsǝ‬ ‮ɹǝʇɹʎ‬ ‮ıu‬ ‮ɐ‬ ‮ʍɥıʅǝ‬."},{"$i":"data-limit","$v":["‮pɐʇɐ‬ ‮˥ıɯıʇ‬ (",{"t":"idOrVar","v":"value"},")"]},{"$i":"data-available2","$v":{"zero":[{"t":"idOrVar","v":"value"}," ",{"t":"idOrVar","v":"unit"}," ‮ɐʌɐıʅɐqʅǝ‬"],"one":[{"t":"idOrVar","v":"value"}," ",{"t":"idOrVar","v":"unit"}," ‮ɐʌɐıʅɐqʅǝ‬"],"two":[{"t":"idOrVar","v":"value"}," ",{"t":"idOrVar","v":"unit"}," ‮ɐʌɐıʅɐqʅǝ‬"],"few":[{"t":"idOrVar","v":"value"}," ",{"t":"idOrVar","v":"unit"}," ‮ɐʌɐıʅɐqʅǝ‬"],"many":[{"t":"idOrVar","v":"value"}," ",{"t":"idOrVar","v":"unit"}," ‮ɐʌɐıʅɐqʅǝ‬"],"other":[{"t":"idOrVar","v":"value"}," ",{"t":"idOrVar","v":"unit"}," ‮ɐʌɐıʅɐqʅǝ‬"]},"$x":[{"t":"idOrVar","v":"plural"},"value"]},{"$i":"over-limit","$v":{"one":[{"t":"idOrVar","v":"value"}," ",{"t":"idOrVar","v":"unit"}," ‮oʌǝɹ‬ ‮ʅıɯıʇ‬"],"two":[{"t":"idOrVar","v":"value"}," ",{"t":"idOrVar","v":"unit"}," ‮oʌǝɹ‬ ‮ʅıɯıʇ‬"],"few":[{"t":"idOrVar","v":"value"}," ",{"t":"idOrVar","v":"unit"}," ‮oʌǝɹ‬ ‮ʅıɯıʇ‬"],"many":[{"t":"idOrVar","v":"value"}," ",{"t":"idOrVar","v":"unit"}," ‮oʌǝɹ‬ ‮ʅıɯıʇ‬"],"other":[{"t":"idOrVar","v":"value"}," ",{"t":"idOrVar","v":"unit"}," ‮oʌǝɹ‬ ‮ʅıɯıʇ‬"]},"$x":[{"t":"idOrVar","v":"plural"},"value"]},{"$i":"verbose-chart-date-format","$v":[{"t":"idOrVar","v":"em-month"}," ",{"t":"idOrVar","v":"monthday-number"}]},{"$i":"day-hour-format","$v":[{"t":"idOrVar","v":"day"},", ",{"t":"idOrVar","v":"time"}]},{"$i":"B","$v":"‮Ԑ‬"},{"$i":"KB","$v":"‮ӼԐ‬"},{"$i":"MB","$v":"‮WԐ‬"},{"$i":"GB","$v":"‮פԐ‬"},{"$i":"unit-MB","ariaLabel":"‮WԐ‬"},{"$i":"unit-GB","ariaLabel":"‮פԐ‬"},{"$i":"app-usage-list-header","$v":"‮Woqıʅǝ‬ ‮nsɐƃǝ‬ ‮dǝɹ‬ ‮ɐdd‬"},{"$i":"app-usage-no-data","$v":"‮ʎon‬ ‮ɥɐʌǝ‬ ‮uoʇ‬ ‮nsǝp‬ ‮ɐuʎ‬ ‮ɯoqıʅǝ‬ ‮pɐʇɐ‬ ‮ʎǝʇ‬. ‮∩sɐƃǝ‬ ‮ɟoɹ‬ ‮ǝɐɔɥ‬ ‮ɐddʅıɔɐʇıou‬ ‮ʍıʅʅ‬ ‮sɥoʍ‬ ‮nd‬ ‮ɥǝɹǝ‬ ‮ʍɥǝu‬ ‮ʎon‬ ‮po‬."},{"$i":"data-used-since","$v":[{"t":"idOrVar","v":"amount"}," ‮oɟ‬ ‮pɐʇɐ‬ ‮nsǝp‬ ‮sıuɔǝ‬ ",{"t":"idOrVar","v":"start-date"}]},{"$i":"data-used-this-week","$v":[{"t":"idOrVar","v":"amount"}," ‮oɟ‬ ‮pɐʇɐ‬ ‮nsǝp‬ ‮ʇɥıs‬ ‮ʍǝǝʞ‬"]},{"$i":"data-used-this-month","$v":[{"t":"idOrVar","v":"amount"}," ‮oɟ‬ ‮pɐʇɐ‬ ‮nsǝp‬ ‮ʇɥıs‬ ‮ɯouʇɥ‬"]},{"$i":"data-usage-other-apps","$v":"‮Oʇɥǝɹs‬"},{"$i":"data-usage-browser-app","$v":"‮Ԑɹoʍsǝɹ‬"},{"$i":"limit-layer-MB","ariaLabel":{"$v":["‮˥ıɯıʇ‬ ‮oɟ‬ ",{"t":"idOrVar","v":"value"}," ‮WԐ‬"]}},{"$i":"limit-layer-GB","ariaLabel":{"$v":["‮˥ıɯıʇ‬ ‮oɟ‬ ",{"t":"idOrVar","v":"value"}," ‮פԐ‬"]}},{"$i":"warning-layer","ariaLabel":{"$v":[{"t":"idOrVar","v":"value"}," ‮ʅǝɟʇ‬"]}},{"$i":"limit-exceeded-layer","ariaLabel":{"$v":["‮Ǝxɔǝǝpǝp‬ ‮qʎ‬ ",{"t":"idOrVar","v":"value"}]}},{"$i":"today-layer","ariaLabel":{"$v":["‮⊥opɐʎ‬ ‮ıs‬ ",{"t":"idOrVar","v":"today"}]}},{"$i":"axis-layer","ariaLabel":{"$v":["‮ɟɹoɯ‬ ",{"t":"idOrVar","v":"from"}," ‮ʇo‬ ",{"t":"idOrVar","v":"to"}]}}]