[{"$i":"firefox-accounts-title","$v":"Firefox Account"},{"$i":"fxa-next","$v":"Avanti"},{"$i":"fxa-back","$v":"Indietro"},{"$i":"fxa-done","$v":"Fine"},{"$i":"fxa-ok","$v":"OK"},{"$i":"fxa-connection-error-title","$v":"Impossibile connettersi"},{"$i":"fxa-connection-error-message","$v":"È possibile creare un account o accedere da Impostazioni"},{"$i":"fxa-reset-password-error-title","$v":"Reimposta password"},{"$i":"fxa-reset-password-error-message","$v":"È possibile reimpostare la password da Impostazioni"},{"$i":"fxa-coppa-failure-error-title","$v":"Impossibile creare l’account"},{"$i":"fxa-coppa-failure-error-message","$v":["Per creare un account è necessario rispettare alcuni requisiti sull’età. ",{"t":"idOrVar","v":"learnmore"},"."]},{"$i":"fxa-learn-more","$v":"Ulteriori informazioni"},{"$i":"fxa-offline-error-title","$v":"Impossibile connettersi"},{"$i":"fxa-offline-error-message","$v":"Attivare una connessione Internet in Impostazioni."},{"$i":"fxa-invalid-email-title","$v":"Errore"},{"$i":"fxa-invalid-email-message","$v":"Inserire un indirizzo email valido."},{"$i":"fxa-invalid-password-title","$v":"Password non corretta"},{"$i":"fxa-invalid-password-message","$v":"Verificare la password e riprovare"},{"$i":"fxa-unknown-error-title","$v":"Impossibile connettersi"},{"$i":"fxa-unknown-error-message","$v":"Sistema non disponibile, riprovare più tardi."},{"$i":"fxa-connecting","$v":"Connessione…"},{"$i":"fxa-enter-email-input","placeholder":"Indirizzo email"},{"$i":"fxa-use-email-to-sign-in","$v":"Utilizzare il proprio indirizzo email per creare un account o accedere."},{"$i":"fxa-notice","$v":["Proseguendo si accettano i ",{"t":"idOrVar","v":"tos"}," e l’",{"t":"idOrVar","v":"pn"}," dei servizi Firefox cloud."]},{"$i":"fxa-tos","$v":"termini di utilizzo"},{"$i":"fxa-pn","$v":"informativa sulla privacy"},{"$i":"fxa-create-password-title","$v":"Creazione password"},{"$i":"fxa-enter-password-title","$v":"Inserire una password"},{"$i":"fxa-hello-user","$v":["Benvenuto ",{"t":"idOrVar","v":"email"}]},{"$i":"fxa-password-refresh","$v":"Per proseguire inserire la password di Firefox Account."},{"$i":"fxa-password","placeholder":"Password"},{"$i":"fxa-forgot-your-password","$v":"Password dimenticata?"},{"$i":"fxa-show-password","$v":"Mostra password"},{"$i":"fxa-password-length-requirement","$v":"La password deve essere di almeno 8 caratteri."},{"$i":"fxa-success","$v":"Operazione completata"},{"$i":"fxa-ready-to-go","$v":"Firefox Account è pronto per l’uso"},{"$i":"fxa-use-features","$v":"Ora è possibile utilizzare funzioni come Trova dispositivo e app come Firefox Marketplace."},{"$i":"fxa-access-manage-account-settings","$v":"In futuro sarà possibile accedere e gestire l’account da Impostazioni."},{"$i":"fxa-confirm-account","$v":"Conferma account"},{"$i":"fxa-will-send-email","$v":["Invieremo un’email a: ",{"t":"idOrVar","v":"email"}]},{"$i":"fxa-signup-click-verification-link-in-email","$v":"Fare clic sul link di verifica contenuto nell’email per attivare Firefox Account."},{"$i":"fxa-age-verification","$v":"Verifica età"},{"$i":"fxa-age-earlier","$v":[{"t":"idOrVar","v":"year"}," o precedente"]},{"$i":"fxa-year-of-birth","$v":"Anno di nascita"},{"$i":"brandShortName","$v":"B2G OS"},{"$i":"browserBrandShortName","$v":"Web Browser"},{"$i":"browserBrandFullName","$v":"Mozilla Web Browser"},{"$i":"ringtoneBrandName","$v":"Default"},{"$i":"ringtoneSectionBrandName","$v":"System"},{"$i":"ok","$v":"OK"},{"$i":"back","$v":"Indietro"},{"$i":"help","$v":"Aiuto"},{"$i":"cancel","$v":"Annulla"},{"$i":"close","$v":"Chiudi"},{"$i":"skip","$v":"Ignora"},{"$i":"clear","ariaLabel":"Cancella"},{"$i":"enable","$v":"Attiva"},{"$i":"turnOn","$v":"Attiva"},{"$i":"undo","ariaLabel":"Annulla"},{"$i":"enterPIN","$v":"Inserire PIN"},{"$i":"mediaPlaybackTrack","ariaLabel":"Titolo traccia e artista"},{"$i":"mediaPlaybackControls","ariaLabel":"Controlli esecuzione"},{"$i":"mediaPlaybackPrevious","ariaLabel":"Precedente"},{"$i":"mediaPlaybackPlay","ariaLabel":"Avvia"},{"$i":"mediaPlaybackPause","ariaLabel":"Pausa"},{"$i":"mediaPlaybackNext","ariaLabel":"Successivo"},{"$i":"UnknownTrack","$v":"Traccia sconosciuta"},{"$i":"wifiButton-on","$v":"Wi-Fi attivo"},{"$i":"wifiButton-on-initializing","$v":"Wi-Fi attivo, inizializzazione"},{"$i":"wifiButton-off","$v":"Wi-Fi disattivato"},{"$i":"dataButton-on","$v":["Connessione dati ",{"t":"idOrVar","v":"type"}," attiva"]},{"$i":"dataButton-off","$v":["Connessione dati ",{"t":"idOrVar","v":"type"}," disattivata"]},{"$i":"bluetoothButton-on","$v":"Bluetooth attivo"},{"$i":"bluetoothButton-on-initializing","$v":"Bluetooth attivo, inizializzazione"},{"$i":"bluetoothButton-off","$v":"Bluetooth disattivato"},{"$i":"airplaneMode-on","$v":"Modalità aereo attiva"},{"$i":"airplaneMode-off","$v":"Modalità aereo disattivata"},{"$i":"settingsButton","ariaLabel":"Impostazioni"},{"$i":"utilityTray","ariaLabel":"Area notifiche"},{"$i":"simLabel","$v":["SIM ",{"t":"idOrVar","v":"id"}]},{"$i":"statusbarLabel","$v":[{"t":"idOrVar","v":"date"}," ",{"t":"idOrVar","v":"operator"}]},{"$i":"statusbarDateFormat","$v":"%e %b."},{"$i":"statusbar","ariaLabel":"Barra di stato"},{"$i":"statusbarBattery","ariaLabel":["Batteria ",{"t":"idOrVar","v":"level"}," per cento"]},{"$i":"statusbarBatteryCharging","ariaLabel":["Batteria ",{"t":"idOrVar","v":"level"}," per cento, in carica"]},{"$i":"statusbarFlightMode","ariaLabel":"Modalità aereo attiva"},{"$i":"statusbarWiFiConnecting","$v":"Wi-Fi: in connessione"},{"$i":"statusbarWiFiConnected","$v":["Wi-Fi: ",{"t":"idOrVar","v":"level"}," di 4 barre"]},{"$i":"statusbarSignal","$v":["Rete ",{"t":"idOrVar","v":"operator"},", ",{"t":"idOrVar","v":"level"}," di 5 barre"]},{"$i":"statusbarSignalRoaming","$v":["Rete ",{"t":"idOrVar","v":"operator"}," (roaming), ",{"t":"idOrVar","v":"level"}," di 5 barre"]},{"$i":"statusbarSignalNoneSearching","$v":"In ricerca, solo chiamate di emergenza"},{"$i":"statusbarHeadphones","ariaLabel":"Cuffie attive"},{"$i":"statusbarBluetoothHeadphones","ariaLabel":"Cuffie Bluetooth attive"},{"$i":"statusbarBluetoothTransferring","ariaLabel":"Trasferimento Bluetooth attivo"},{"$i":"statusbarIconOn-tethering","$v":"Tethering attivo"},{"$i":"statusbarIconOnActive-tethering","$v":"Tethering attivo, in trasferimento"},{"$i":"statusbarAlarm","ariaLabel":"Allarme attivo"},{"$i":"statusbarIconOn-bluetooth","$v":"Bluetooth attivo"},{"$i":"statusbarIconOnActive-bluetooth","$v":"Bluetooth attivo, in trasferimento"},{"$i":"statusbarIconOn-mute","$v":"Audio disattivato"},{"$i":"statusbarIconOn-vibration","$v":"Vibrazione attiva"},{"$i":"statusbarRecording","ariaLabel":"Registrazione attiva"},{"$i":"statusbarGeolocation","ariaLabel":"Georilevazione attiva"},{"$i":"statusbarUsb","ariaLabel":"USB attivo"},{"$i":"statusbarForwarding","$v":"Trasferimento chiamate attivo"},{"$i":"statusbarPlaying","ariaLabel":"Esecuzione file multimediale in corso"},{"$i":"statusbarNfc","ariaLabel":"NFC attivo"},{"$i":"statusbarDownloads","ariaLabel":"Download in corso…"},{"$i":"statusbarNetworkActivity","ariaLabel":"Rete attiva"},{"$i":"statusbarEmergencyCBNotification","ariaLabel":"Modalità richiamata di emergenza"},{"$i":"statusbarNotifications","$v":{"one":[{"t":"idOrVar","v":"n"}," notifica"],"two":[{"t":"idOrVar","v":"n"}," notifiche"],"few":[{"t":"idOrVar","v":"n"}," notifiche"],"many":[{"t":"idOrVar","v":"n"}," notifiche"],"other":[{"t":"idOrVar","v":"n"}," notifiche"]},"$x":[{"t":"idOrVar","v":"plural"},"n"]},{"$i":"statusbarNotifications-unread","ariaLabel":{"$x":[{"t":"idOrVar","v":"plural"},"n"],"$v":{"one":[{"t":"idOrVar","v":"n"}," notifica non letta"],"two":[{"t":"idOrVar","v":"n"}," notifiche non lette"],"few":[{"t":"idOrVar","v":"n"}," notifiche non lette"],"many":[{"t":"idOrVar","v":"n"}," notifiche non lette"],"other":[{"t":"idOrVar","v":"n"}," notifiche non lette"]}}},{"$i":"notifications","$v":"Notifiche"},{"$i":"clear-all","$v":"Elimina tutto"},{"$i":"attentionScreen-tapToShow","$v":"Tocca per visualizzare"},{"$i":"newVoicemails","$v":{"zero":"Segreteria: nessun nuovo mess.","one":"Segreteria: un nuovo mess.","two":["Segreteria: ",{"t":"idOrVar","v":"n"}," nuovi mess."],"few":["Segreteria: ",{"t":"idOrVar","v":"n"}," nuovi mess."],"many":["Segreteria: ",{"t":"idOrVar","v":"n"}," nuovi mess."],"other":["Segreteria: ",{"t":"idOrVar","v":"n"}," nuovi mess."]},"$x":[{"t":"idOrVar","v":"plural"},"n"]},{"$i":"newVoicemailsUnknown","$v":"Segreteria: nuovo messaggio."},{"$i":"dialNumber","$v":["Componi ",{"t":"idOrVar","v":"number"}]},{"$i":"voicemailNotificationMultiSim","$v":["(SIM ",{"t":"idOrVar","v":"n"},") ",{"t":"idOrVar","v":"title"}]},{"$i":"euRoamingNotificationTitle","$v":"Rilevato Internat EU"},{"$i":"euRoamingNotificationMsg","$v":"Tocca per cambiare."},{"$i":"confirmNFCConnectBTenabledNameUnknown","$v":"Attivare la connessione con il dispositivo?"},{"$i":"confirmNFCConnectBTdisabledNameUnknown","$v":"Attivare Bluetooth e connettersi con il dispositivo?"},{"$i":"confirmNFCConnectBTenabledNameKnown","$v":["Attivare la connessione con ",{"t":"idOrVar","v":"deviceName"},"?"]},{"$i":"confirmNFCConnectBTdisabledNameKnown","$v":["Attivare Bluetooth e connettersi con ",{"t":"idOrVar","v":"deviceName"},"?"]},{"$i":"confirmNFCConnectBTdisabled","$v":"Attiva"},{"$i":"dismissNFCConnectBTdisabled","$v":"Annulla"},{"$i":"confirmation","$v":"Conferma"},{"$i":"deviceMenu","$v":"Telefono"},{"$i":"airplane","$v":"Attiva modalità aereo"},{"$i":"airplaneOff","$v":"Disattiva modalità aereo"},{"$i":"silent","$v":"Modalità silenziosa"},{"$i":"normal","$v":"Modalità normale"},{"$i":"restart","$v":"Riavvia"},{"$i":"power","$v":"Spegni"},{"$i":"no-recent-app-windows","$v":"In questa sezione verranno visualizzate le finestre delle app utilizzate di recente"},{"$i":"no-recent-browser-windows","$v":"In questa sezione verranno visualizzate le finestre recenti del browser"},{"$i":"closeCard","ariaLabel":"Chiudi"},{"$i":"openCard","ariaLabel":"Apri"},{"$i":"yes","$v":"Sì"},{"$i":"no","$v":"No"},{"$i":"dontallow","$v":"Non permettere"},{"$i":"allow","$v":"Permetti"},{"$i":"dontshare-geolocation","$v":"Non condividere"},{"$i":"share-geolocation","$v":"Condividi"},{"$i":"dontshare-audio-capture","$v":"Non condividere"},{"$i":"share-audio-capture","$v":"Condividi"},{"$i":"dontshare-video-capture","$v":"Non condividere"},{"$i":"share-video-capture","$v":"Condividi"},{"$i":"dontshare-media-capture","$v":"Non condividere"},{"$i":"share-media-capture","$v":"Condividi"},{"$i":"device-front","$v":"Camera anteriore"},{"$i":"device-back","$v":"Camera posteriore"},{"$i":"remember-my-choice","$v":"Ricorda questa scelta"},{"$i":"more-info","$v":"Altre informazioni…"},{"$i":"hide-info","$v":"Nascondi"},{"$i":"install-app","$v":["Installare ",{"t":"idOrVar","v":"name"},"?"]},{"$i":"size","$v":"Dim."},{"$i":"author","$v":"Autore"},{"$i":"size-unknown","$v":"Sconosciuto"},{"$i":"author-unknown","$v":"Sconosciuto"},{"$i":"install","$v":"Installa"},{"$i":"bytes","$v":"byte"},{"$i":"kB","$v":"kB"},{"$i":"MB","$v":"MB"},{"$i":"GB","$v":"GB"},{"$i":"TB","$v":"TB"},{"$i":"PB","$v":"PB"},{"$i":"app-install-generic-error","$v":["Download di ",{"t":"idOrVar","v":"appName"}," interrotto"]},{"$i":"app-install-download-failed","$v":["Download di ",{"t":"idOrVar","v":"appName"}," non riuscito"]},{"$i":"app-install-install-failed","$v":["Installazione di ",{"t":"idOrVar","v":"appName"}," non riuscita"]},{"$i":"cancelling-will-not-refund","$v":"L’annullamento non comporta un rimborso. I rimborsi per i contenuti acquistati vengono gestiti direttamente dal venditore."},{"$i":"apps-can-be-installed-later","$v":"È possibile installare successivamente le app dal percorso di installazione originale."},{"$i":"are-you-sure-you-want-to-cancel","$v":"Annullare questa installazione?"},{"$i":"cancel-install","$v":"Annulla installazione"},{"$i":"cancel-install-button","$v":"Annulla"},{"$i":"resume","$v":"Riprendi"},{"$i":"continue","$v":"Continua"},{"$i":"stopDownloading","$v":["Interrompere il download di ",{"t":"idOrVar","v":"app"},"?"]},{"$i":"app-download-can-be-restarted","$v":"Questo download può essere riavviato successivamente."},{"$i":"app-download-stop-button","$v":"Interrompi download"},{"$i":"not-enough-space","$v":"Spazio insufficiente"},{"$i":"not-enough-space-message","$v":"Lo spazio disponibile non è sufficiente per l’installazione di questa app. Liberare spazio eliminando vecchie app o file multimediali e riprovare l’installazione dalla fonte originale."},{"$i":"app-install-success","$v":[{"t":"idOrVar","v":"appName"}," installata"]},{"$i":"langpack-install-success2","$v":[{"t":"idOrVar","v":"appName"}," installato. Utilizzare Impostazioni > Lingua per attivarlo."]},{"$i":"setup","$v":"Configura"},{"$i":"ime-addkeyboards","$v":"Aggiungi tastiere"},{"$i":"later","$v":"Più tardi"},{"$i":"download","$v":"Download"},{"$i":"wantToDownload","$v":"Scaricarlo adesso?"},{"$i":"wantToInstallNow","$v":"Installare l’aggiornamento adesso? Non sarà possibile utilizzare il telefono per alcuni minuti."},{"$i":"installNow","$v":"Installa adesso"},{"$i":"notNow","$v":"Non adesso"},{"$i":"downloadingUpdateMessage","innerHTML":["Download degli aggiornamenti… <span>Scaricato ",{"t":"idOrVar","v":"progress"},".</span>"]},{"$i":"downloadingAppMessage","$v":["Download in corso di ",{"t":"idOrVar","v":"appName"}]},{"$i":"downloadingAppProgressNoMax","$v":[{"t":"idOrVar","v":"progress"}," scaricato"]},{"$i":"downloadingAppProgressIndeterminate","$v":"Download…"},{"$i":"downloadingAppProgress","$v":[{"t":"idOrVar","v":"progress"}," / ",{"t":"idOrVar","v":"max"}," scaricato"]},{"$i":"cancelAllDownloads","$v":"Annulla tutti i download"},{"$i":"wantToCancelAll","$v":"Annullare tutti i download?"},{"$i":"downloadError","$v":"Si è verificato un errore durante il download degli aggiornamenti."},{"$i":"updateAvailableInfo","innerHTML":{"$x":[{"t":"idOrVar","v":"plural"},"n"],"$v":{"one":[{"t":"idOrVar","v":"n"}," aggiornamento disponibile. <span>Tocca per ulteriori informazioni.</span>"],"two":[{"t":"idOrVar","v":"n"}," aggiornamenti disponibili. <span>Tocca per ulteriori informazioni.</span>"],"few":[{"t":"idOrVar","v":"n"}," aggiornamenti disponibili. <span>Tocca per ulteriori informazioni.</span>"],"many":[{"t":"idOrVar","v":"n"}," aggiornamenti disponibili. <span>Tocca per ulteriori informazioni.</span>"],"other":[{"t":"idOrVar","v":"n"}," aggiornamenti disponibili. <span>Tocca per ulteriori informazioni.</span>"]}}},{"$i":"numberOfUpdates","$v":{"one":[{"t":"idOrVar","v":"n"}," aggiornamento disponibile"],"two":[{"t":"idOrVar","v":"n"}," aggiornamenti disponibili"],"few":[{"t":"idOrVar","v":"n"}," aggiornamenti disponibili"],"many":[{"t":"idOrVar","v":"n"}," aggiornamenti disponibili"],"other":[{"t":"idOrVar","v":"n"}," aggiornamenti disponibili"]},"$x":[{"t":"idOrVar","v":"plural"},"n"]},{"$i":"systemUpdate","$v":"Aggiornamento di sistema"},{"$i":"systemUpdateReady","$v":"Disponibile aggiornamento di sistema"},{"$i":"systemUpdateLowBatteryThreshold","$v":["La batteria deve essere carica almeno al ",{"t":"idOrVar","v":"threshold"},"% per installare l’aggiornamento."]},{"$i":"required","$v":"Obbligatorio"},{"$i":"uncompressingMessage","innerHTML":"Decompressione… <span>Potrebbe richiedere alcuni minuti.</span>"},{"$i":"downloadWifiPrioritizedUsing2G","$v":"Gli aggiornamenti vengono scaricati tramite connessione dati quando il Wi-Fi non è disponibile. L’utilizzo della connessione dati potrebbe comportare il blocco delle telefonate e addebiti aggiuntivi."},{"$i":"downloadWifiPrioritized3","$v":"Gli aggiornamenti vengono scaricati tramite connessione dati quando il Wi-Fi non è disponibile. Questo potrebbe comportare addebiti aggiuntivi."},{"$i":"downloadNoWifiWarning","$v":"Wi-Fi non disponibile. L’aggiornamento con la connessione corrente potrebbe comportare costi aggiuntivi."},{"$i":"downloadOfflineWarning2","$v":"Connettersi a una rete per scaricare gli aggiornamenti."},{"$i":"downloadUpdatesViaDataConnection","$v":"Scaricare gli aggiornamenti utilizzando la connessione dati?"},{"$i":"downloadUpdatesVia2GForbidden3","$v":"Non è possibile completare il download di aggiornamenti con una connessione lenta (2G). Connettersi alla rete Wi-Fi o 3G, se disponibile, e riprovare."},{"$i":"downloadUpdatesViaDataConnectionMessage3","$v":"L’utilizzo della connessione dati potrebbe comportare costi aggiuntivi. Proseguire?"},{"$i":"downloadUpdatesViaDataRoamingConnection","$v":"Scaricare gli aggiornamenti utilizzando la connessione dati in roaming?"},{"$i":"downloadUpdatesViaDataRoamingConnectionMessage","$v":"La connessione è attualmente in roaming e potrebbe comportare costi aggiuntivi. Proseguire?"},{"$i":"screenshotSaved","$v":"Schermata salvata in Galleria"},{"$i":"screenshotFailed","$v":"Impossibile salvare la schermata"},{"$i":"screenshotNoSDCard","$v":"Scheda di memoria non disponibile"},{"$i":"screenshotSDCardInUse","$v":"Scheda di memoria in uso"},{"$i":"screenshotSDCardLow","$v":"Spazio insufficiente sulla scheda di memoria"},{"$i":"logsSaved","$v":"Registri salvati su scheda di memoria"},{"$i":"logsSaveError","$v":"Errore durante il salvataggio dei registri"},{"$i":"logsSaving","$v":"Salvataggio registri…"},{"$i":"logsOperationFailed","$v":["Operazione non riuscita (",{"t":"idOrVar","v":"operation"},")."]},{"$i":"logsGenericError","$v":"Si è verificato un errore non previsto."},{"$i":"logsSDCardMaybeShared","$v":"Assicurarsi che la scheda SD non sia condivisa con il computer."},{"$i":"emergency-call-button","$v":"Chiamata di emergenza"},{"$i":"emergency-call","$v":"Chiamata di emergenza"},{"$i":"unlock-a11y-button","ariaLabel":"Sblocca"},{"$i":"camera-a11y-button","ariaLabel":"Fotocamera"},{"$i":"longDateFormat","$v":"%A %e %B"},{"$i":"panel-passcode","ariaLabel":"Pannello codice di sblocco"},{"$i":"open-notification","$v":"Apri"},{"$i":"softwareHomeButton","ariaLabel":"Schermata principale"},{"$i":"login","$v":"Accedi"},{"$i":"sign-in-to-website","$v":"Accedi al sito web"},{"$i":"username","$v":"Nome utente"},{"$i":"password","$v":"Password"},{"$i":"http-authentication-message2","$v":["È richiesta l’autenticazione per accedere al sito web ",{"t":"idOrVar","v":"host"}]},{"$i":"error-message","$v":["Caricamento dell’applicazione ",{"t":"idOrVar","v":"name"}," non corretto"]},{"$i":"error-title","$v":["Si stanno verificando dei problemi con ",{"t":"idOrVar","v":"name"}]},{"$i":"unable-to-connect","$v":"Impossibile connettersi"},{"$i":"tap-to-check-settings","$v":"Tocca per verificare le impostazioni"},{"$i":"delete-title","$v":["Eliminazione ",{"t":"idOrVar","v":"name"}]},{"$i":"delete-body","$v":[{"t":"idOrVar","v":"name"}," e tutti i dati associati verranno eliminati."]},{"$i":"delete","$v":"Elimina"},{"$i":"unrecoverable-error-title","$v":"Rimozione applicazione"},{"$i":"unrecoverable-error-body","$v":"Impossibile eseguire l’installazione a causa di un errore irrecuperabile. L’applicazione verrà rimossa, riprovare il download."},{"$i":"unrecoverable-error-action","$v":"OK"},{"$i":"data-roaming-enabled-title","$v":"Attivare la connessione dati in roaming?"},{"$i":"data-roaming-enabled-warning2","$v":"Per accedere a Internet è necessario attivare l’opzione “roaming”. A seconda del piano tariffario in uso questo potrebbe comportare costi aggiuntivi. Attivare la connessione dati?"},{"$i":"select-time","$v":"Scegli data e ora"},{"$i":"choose-option","$v":"Scegli"},{"$i":"choose-options","$v":"Scegli"},{"$i":"select-day","$v":"Scegli il giorno"},{"$i":"battery-almost-empty3","$v":"Livello batteria basso"},{"$i":"plug-in-your-charger","$v":"Collegare il caricabatterie."},{"$i":"new-window","$v":"Nuova finestra"},{"$i":"new-private-window","$v":"Nuova finestra anonima"},{"$i":"show-windows","$v":"Visualizza finestre"},{"$i":"add-to-home-screen","$v":"Aggiungi alla schermata principale"},{"$i":"share","$v":"Condividi"},{"$i":"crash-dialog2-os","$v":[{"t":"idOrVar","v":"brandShortName"}," è stato ripristinato dopo un blocco"]},{"$i":"crash-dialog-app","$v":[{"t":"idOrVar","v":"name"}," si è bloccato"]},{"$i":"crash-dialog-app-noname","$v":"(nessun nome)"},{"$i":"crash-dialog-message","$v":"Inviare a Mozilla una segnalazione dell’arresto anomalo per aiutarci a trovare una soluzione? Le segnalazioni vengono inviate solo via Wi-Fi."},{"$i":"crash-info-link","$v":"Che cosa c’è in questa segnalazione?"},{"$i":"crash-always-report","$v":"Invia sempre una segnalazione a Mozilla in caso di arresto anomalo"},{"$i":"crash-dont-send","$v":"Non inviare"},{"$i":"crash-end","$v":"Invia"},{"$i":"crashReports","$v":"Segnalazione errori"},{"$i":"done","$v":"Fine"},{"$i":"crash-reports-description-1","$v":"Una segnalazione contiene alcuni dettagli sul blocco e sul dispositivo, così come una istantanea dello stato del dispositivo quando si è bloccato."},{"$i":"crash-reports-description-2","$v":"Questo potrebbe includere informazioni quali pagine e applicazioni aperte, testo inserito in moduli e contenuto di messaggi aperti, cronologia di navigazione recente o informazioni sulla posizione utilizzate da un’applicazione aperta."},{"$i":"crash-reports-description-3-start","$v":"Utilizziamo queste segnalazioni per risolvere i problemi e migliorare i nostri prodotti. Gestiamo queste informazioni come descritto nella nostra "},{"$i":"crash-reports-description-3-privacy","$v":"informativa sulla privacy"},{"$i":"crash-reports-description-3-end","$v":"."},{"$i":"crash-banner-os2","$v":[{"t":"idOrVar","v":"brandShortName"}," si è bloccato."]},{"$i":"crash-banner-app","$v":[{"t":"idOrVar","v":"name"}," si è bloccato."]},{"$i":"crash-banner-report","$v":"Segnalazione"},{"$i":"bluetooth-sending-progress","$v":"Invio trasferimento bluetooth…"},{"$i":"bluetooth-receiving-progress","$v":"Ricezione trasferimento bluetooth…"},{"$i":"acceptFileTransfer","$v":"Accettare trasferimento file via bluetooth?"},{"$i":"wantToReceiveFile","$v":["Richiesta da ",{"t":"idOrVar","v":"deviceName"}," per il trasferimento di ",{"t":"idOrVar","v":"fileName"}," (",{"t":"idOrVar","v":"fileSize"},")."]},{"$i":"transfer-confirmation-title","$v":[{"t":"idOrVar","v":"deviceName"}]},{"$i":"transfer-confirmation-description","$v":"Esamina richiesta di trasferimento"},{"$i":"byteUnit-B","$v":"Byte"},{"$i":"byteUnit-KB","$v":"kB"},{"$i":"byteUnit-MB","$v":"MB"},{"$i":"byteUnit-GB","$v":"GB"},{"$i":"byteUnit-TB","$v":"TB"},{"$i":"byteUnit-PB","$v":"PB"},{"$i":"byteUnit-EB","$v":"EB"},{"$i":"byteUnit-ZB","$v":"ZB"},{"$i":"byteUnit-YB","$v":"YB"},{"$i":"fileSize","$v":[{"t":"idOrVar","v":"size"}," ",{"t":"idOrVar","v":"unit"}]},{"$i":"deny","$v":"Nega"},{"$i":"transfer","$v":"Trasferisci"},{"$i":"cancelFileTransfer","$v":"Annullare il trasferimento file bluetooth?"},{"$i":"continueFileTransfer","$v":"Continua"},{"$i":"transfer-has-started-title","$v":"Trasferimento avviato"},{"$i":"transfer-has-started-description","$v":"Verificare lo stato nel centro notifiche"},{"$i":"transferFinished-sentSuccessful-title","$v":"File inviato"},{"$i":"transferFinished-receivedSuccessful-title","$v":"File ricevuto"},{"$i":"transferFinished-sentFailed-title","$v":"Impossibile inviare il file"},{"$i":"transferFinished-receivedFailed-title","$v":"Impossibile ricevere il file"},{"$i":"transferFinished-try-again-description","$v":"Impossibile inviare il file in questo momento. Riprovare più tardi."},{"$i":"transferReport-title","$v":"Rapporto trasferimento"},{"$i":"transferReport-description","$v":[{"t":"idOrVar","v":"numSuccessful"}," file completati, ",{"t":"idOrVar","v":"numUnsuccessful"}," file non completati."]},{"$i":"unknown-file","$v":"File sconosciuto"},{"$i":"unknown-device","$v":"Dispositivo sconosciuto"},{"$i":"cannotOpenFile","$v":"Impossibile aprire il file ricevuto"},{"$i":"unknownMediaTypeToOpenFile","$v":["Impossibile aprire un tipo di file multimediale sconosciuto: ",{"t":"idOrVar","v":"fileName"}]},{"$i":"cannotReceiveFile","$v":"Impossibile ricevere il file"},{"$i":"cannotGetStorageState","$v":"Impossibile ottenere stato archiviazione del dispositivo."},{"$i":"sdcard-not-exist2","$v":"Nessuna scheda di memoria rilevata. Inserire una scheda."},{"$i":"sdcard-in-use","$v":"Non è possibile utilizzare il bluetooth quando il telefono è collegato. Scollegare il telefono per ricevere file."},{"$i":"sdcard-no-space2","$v":"Impossibile completare il trasferimento: spazio esaurito sulla scheda di memoria."},{"$i":"unknown-error","$v":"Errore sconosciuto"},{"$i":"confirm","$v":"Conferma"},{"$i":"sdcard-detected-title","$v":"Rilevata scheda SD"},{"$i":"sdcard-total-size-body","$v":["Capacità totale: ",{"t":"idOrVar","v":"size"}," ",{"t":"idOrVar","v":"unit"}]},{"$i":"sdcard-unknown-size-then-tap-to-format-body","$v":"Capacità sconosciuta, tocca per formattare"},{"$i":"sdcard-removed-title","$v":"Espulsa scheda SD"},{"$i":"sdcard-removed-ejected-successfully","$v":"Scheda rimossa correttamente"},{"$i":"sdcard-removed-not-ejected-properly","$v":"Scheda non rimossa correttamente"},{"$i":"microphone-is-on","$v":"Microfono attivo"},{"$i":"camera-is-on","$v":"Fotocamera attiva"},{"$i":"media-is-on","$v":"Fotocamera e mic. attivi"},{"$i":"noSimCard","$v":"SIM non presente"},{"$i":"simPin","$v":"PIN SIM"},{"$i":"pukCode","$v":"Codice PUK"},{"$i":"nckCode","$v":"Codice NCK"},{"$i":"cckCode","$v":"Codice CCK"},{"$i":"spckCode","$v":"Codice SPCK"},{"$i":"nck1code","$v":"Codice NCK1"},{"$i":"nck2code","$v":"Codice NCK2"},{"$i":"hnckcode","$v":"Codice HNCK"},{"$i":"rcckcode","$v":"Codice RCCK"},{"$i":"rspckcode","$v":"Codice RSPCK"},{"$i":"whatIsSimPin","$v":"Che cos’è il PIN della SIM?"},{"$i":"simPinIntro1","$v":"Il PIN della SIM impedisce l’accesso alla rete della scheda SIM. Una volta impostato, ogni dispositivo contenente la scheda SIM richiederà il PIN a ogni riavvio."},{"$i":"simPinIntro2","$v":"Il PIN della SIM non è legato al codice utilizzato per sbloccare il dispositivo."},{"$i":"changeSimPin","$v":"Modifica PIN"},{"$i":"pinTitle","$v":"Inserire PIN"},{"$i":"multiSIMpinTitle","$v":["Inserire PIN per SIM ",{"t":"idOrVar","v":"n"}]},{"$i":"pukTitle","$v":"Inserire PUK"},{"$i":"nckTitle","$v":"Inserire codice NCK"},{"$i":"cckTitle","$v":"Inserire codice CCK"},{"$i":"spckTitle","$v":"Inserire codice SPCK"},{"$i":"nck1Title","$v":"Inserire codice NCK1"},{"$i":"nck2Title","$v":"Inserire codice NCK2"},{"$i":"hnckTitle","$v":"Inserire codice HNCK"},{"$i":"rcckTitle","$v":"Inserire codice RCCK"},{"$i":"rspckTitle","$v":"Inserire codice RSPCK"},{"$i":"newpinTitle","$v":"Nuovo PIN"},{"$i":"inputCodeRetriesLeft","$v":{"one":"Ultimo tentativo.","two":[{"t":"idOrVar","v":"n"}," tentativi rimasti."],"few":[{"t":"idOrVar","v":"n"}," tentativi rimasti."],"many":[{"t":"idOrVar","v":"n"}," tentativi rimasti."],"other":[{"t":"idOrVar","v":"n"}," tentativi rimasti."]},"$x":[{"t":"idOrVar","v":"plural"},"n"]},{"$i":"pinErrorMsg","$v":"Il PIN è errato."},{"$i":"pinAttemptMsg2","$v":{"one":"È rimasto un solo tentativo per inserire il codice corretto prima del blocco della SIM.","two":["Rimangono ",{"t":"idOrVar","v":"n"}," tentativi per inserire il codice corretto prima del blocco della SIM."],"few":["Rimangono ",{"t":"idOrVar","v":"n"}," tentativi per inserire il codice corretto prima del blocco della SIM."],"many":["Rimangono ",{"t":"idOrVar","v":"n"}," tentativi per inserire il codice corretto prima del blocco della SIM."],"other":["Rimangono ",{"t":"idOrVar","v":"n"}," tentativi per inserire il codice corretto prima del blocco della SIM."]},"$x":[{"t":"idOrVar","v":"plural"},"n"]},{"$i":"pinLastChanceMsg","$v":"Ultima possibilità per inserire il PIN corretto. In caso contrario sarà necessario inserire il codice PUK per utilizzare questa scheda SIM."},{"$i":"simCardLockedMsg","$v":"La scheda SIM è bloccata."},{"$i":"enterPukMsg","$v":"È necessario inserire il codice PUK della scheda SIM. Fare riferimento alla documentazione rilasciata con la SIM o contattare il proprio gestore per ulteriori informazioni."},{"$i":"pukErrorMsg","$v":"Il codice PUK è errato."},{"$i":"pukAttemptMsg2","$v":{"one":"È rimasto un solo tentativo per inserire il codice corretto prima che la SIM diventi completamente inutilizzabile. Per ulteriori informazioni fare riferimento alla documentazione o contattare il gestore.","two":["Rimangono ",{"t":"idOrVar","v":"n"}," tentativi per inserire il codice corretto prima che la SIM diventi completamente inutilizzabile. Per ulteriori informazioni fare riferimento alla documentazione o contattare il gestore."],"few":["Rimangono ",{"t":"idOrVar","v":"n"}," tentativi per inserire il codice corretto prima che la SIM diventi completamente inutilizzabile. Per ulteriori informazioni fare riferimento alla documentazione o contattare il gestore."],"many":["Rimangono ",{"t":"idOrVar","v":"n"}," tentativi per inserire il codice corretto prima che la SIM diventi completamente inutilizzabile. Per ulteriori informazioni fare riferimento alla documentazione o contattare il gestore."],"other":["Rimangono ",{"t":"idOrVar","v":"n"}," tentativi per inserire il codice corretto prima che la SIM diventi completamente inutilizzabile. Per ulteriori informazioni fare riferimento alla documentazione o contattare il gestore."]},"$x":[{"t":"idOrVar","v":"plural"},"n"]},{"$i":"pukLastChanceMsg","$v":"Ultimo tentativo per inserire il codice PUK corretto. Se si inserisce un codice errato la scheda diventerà completamente inutilizzabile. Fare riferimento alla documentazione rilasciata con la SIM o contattare il proprio gestore per ulteriori informazioni."},{"$i":"newSimPinMsg","$v":"Imposta PIN (da 4 a 8 cifre)"},{"$i":"confirmNewSimPinMsg","$v":"Conferma nuovo PIN"},{"$i":"newPinErrorMsg","$v":"I PIN non corrispondono."},{"$i":"nckErrorMsg","$v":"Il codice NCK è errato."},{"$i":"nckAttemptMsg2","$v":{"one":"Richiesta di rimozione della personalizzazione di rete non riuscita. Rimane un tentativo per inserire il codice corretto. Fare riferimento alla documentazione del dispositivo o contattare il proprio gestore per ulteriori informazioni.","two":["Richiesta di rimozione della personalizzazione di rete non riuscita. Rimangono ",{"t":"idOrVar","v":"n"}," tentativi per inserire il codice corretto. Fare riferimento alla documentazione del dispositivo o contattare il proprio gestore per ulteriori informazioni."],"few":["Richiesta di rimozione della personalizzazione di rete non riuscita. Rimangono ",{"t":"idOrVar","v":"n"}," tentativi per inserire il codice corretto. Fare riferimento alla documentazione del dispositivo o contattare il proprio gestore per ulteriori informazioni."],"many":["Richiesta di rimozione della personalizzazione di rete non riuscita. Rimangono ",{"t":"idOrVar","v":"n"}," tentativi per inserire il codice corretto. Fare riferimento alla documentazione del dispositivo o contattare il proprio gestore per ulteriori informazioni."],"other":["Richiesta di rimozione della personalizzazione di rete non riuscita. Rimangono ",{"t":"idOrVar","v":"n"}," tentativi per inserire il codice corretto. Fare riferimento alla documentazione del dispositivo o contattare il proprio gestore per ulteriori informazioni."]},"$x":[{"t":"idOrVar","v":"plural"},"n"]},{"$i":"nckLastChanceMsg","$v":"Richiesta di rimozione della personalizzazione di rete non riuscita. Rimane un solo tentativo per inserire il codice NCK corretto. Fare riferimento alla documentazione del dispositivo o contattare il proprio gestore per ulteriori informazioni."},{"$i":"activity-pick","$v":"Seleziona da:"},{"$i":"activity-view","$v":"Visualizza con:"},{"$i":"activity-test","$v":"Test con:"},{"$i":"activity-share","$v":"Condividi con:"},{"$i":"activity-new","$v":"Crea con:"},{"$i":"activity-open","$v":"Apri con:"},{"$i":"activity-save-bookmark","$v":"Segnalibro in:"},{"$i":"activity-record","$v":"Registra da:"},{"$i":"activity-browse","$v":"Apri con:"},{"$i":"activity-configure","$v":"Configura con:"},{"$i":"activity-dial","$v":"Chiama da:"},{"$i":"persona-signin","$v":"Accedi"},{"$i":"payment-flow","$v":"Acquista"},{"$i":"remoteDebuggerMessage","$v":"È stata rilevata una richiesta di connessione per il debug remoto. Consentire la connessione?"},{"$i":"fullscreen-request","$v":[{"t":"idOrVar","v":"origin"}," è ora a schermo intero."]},{"$i":"captive-wifi-available","$v":["Rilevata una rete ",{"t":"idOrVar","v":"networkName"},". Connettersi a questa rete?"]},{"$i":"ceWarningtitle","$v":"Avviso volume"},{"$i":"ceWarningcontent","$v":"Per prevenire danni all’udito, non ascoltare ad alto volume per periodi di tempo prolungati."},{"$i":"notification-powersaving-mode-on-title","$v":"Modalità risparmio energia"},{"$i":"notification-powersaving-mode-on-description","$v":"Risparmio energia è attivo."},{"$i":"low-device-storage","$v":"Spazio sul dispositivo scarso.\n"},{"$i":"free-space","$v":{"zero":"Spazio disponibile esaurito.","one":["Meno di ",{"t":"idOrVar","v":"value"}," ",{"t":"idOrVar","v":"unit"}," rimanente."],"two":["Meno di ",{"t":"idOrVar","v":"value"}," ",{"t":"idOrVar","v":"unit"}," rimanenti."],"few":["Meno di ",{"t":"idOrVar","v":"value"}," ",{"t":"idOrVar","v":"unit"}," rimanenti."],"many":["Meno di ",{"t":"idOrVar","v":"value"}," ",{"t":"idOrVar","v":"unit"}," rimanenti."],"other":["Meno di ",{"t":"idOrVar","v":"value"}," ",{"t":"idOrVar","v":"unit"}," rimanenti."]},"$x":[{"t":"idOrVar","v":"plural"},"value"]},{"$i":"unknown-free-space","$v":"Spazio rimanente sconosciuto."},{"$i":"system-alert","$v":"Avviso di sistema"},{"$i":"cb-channel","$v":["Canale ",{"t":"idOrVar","v":"channel"}]},{"$i":"cb-etws-warningType-earthquake","$v":"Allarme terremoto"},{"$i":"cb-etws-warningType-tsunami","$v":"Allarme tsunami"},{"$i":"cb-etws-warningType-earthquake-tsunami","$v":"Allarme terremoto-tsunami"},{"$i":"cb-etws-warningType-test","$v":"Test del sistema di allarme."},{"$i":"cb-etws-warningType-other","$v":"Segnalazione emergenza"},{"$i":"icc-message-maintitle","$v":"Messaggio operatore"},{"$i":"icc-message-subtitle","$v":["SIM ",{"t":"idOrVar","v":"id"}]},{"$i":"icc-confirmCall-defaultmessage","$v":["Chiamare ",{"t":"idOrVar","v":"number"},"?"]},{"$i":"icc-alertMessage-defaultmessage","$v":"Invio messaggio"},{"$i":"icc-confirmMessage-defaultmessage","$v":"Inviare il messaggio?"},{"$i":"icc-notification-title","$v":["SIM ",{"t":"idOrVar","v":"id"}," STK"]},{"$i":"icc-inputbox-maintitle","$v":"Richiesta STK"},{"$i":"icc-inputbox-subtitle","$v":["SIM ",{"t":"idOrVar","v":"id"}]},{"$i":"emergency-callback-mode","$v":"Modalità richiamata di emergenza"},{"$i":"emergency-callback-message","$v":"Impossibile effettuare chiamate, inviare messaggi o navigare in modalità richiamata di emergenza. Disattivarla?"},{"$i":"cdma-record-info","$v":"Record informazioni CDMA"},{"$i":"ime-switching-title","$v":[{"t":"idOrVar","v":"appName"},": ",{"t":"idOrVar","v":"name"}]},{"$i":"ime-switching-tip","$v":"Tocca per cambiare metodo di input"},{"$i":"shrinking-tip","$v":"Scorri con un dito per condividere"},{"$i":"download_started","$v":"Download avviato"},{"$i":"download_stopped","$v":"Download interrotto"},{"$i":"download_downloading","$v":"Download in corso…"},{"$i":"download_succeeded","$v":"Download completato"},{"$i":"download_failed","$v":"Download non riuscito"},{"$i":"download_text_by_default","$v":[{"t":"idOrVar","v":"name"}]},{"$i":"download_downloading_text_2","$v":[{"t":"idOrVar","v":"percentage"},"% - ",{"t":"idOrVar","v":"name"}]},{"$i":"search-the-web","$v":"Cerca sul Web"},{"$i":"search-or-enter-address","$v":"Cerca o scrivi un indirizzo","placeholder":"Cerca o scrivi un indirizzo"},{"$i":"back-button","ariaLabel":"Indietro"},{"$i":"forward-button","ariaLabel":"Avanti"},{"$i":"reload-button","ariaLabel":"Ricarica"},{"$i":"stop-button","ariaLabel":"Interrompi"},{"$i":"windows-button","ariaLabel":"Visualizza finestre"},{"$i":"noHotspotWhenAPMisOnWifiHotspot","$v":"Disattivare la modalità aereo per utilizzare la funzione hotspot Wi-Fi."},{"$i":"apmActivated","$v":"Modalità aereo attiva"},{"$i":"open-in-new-window","$v":"Apri in una nuova finestra"},{"$i":"open-in-new-private-window","$v":"Apri in una nuova finestra anonima"},{"$i":"add-link-to-home-screen","$v":"Aggiungi alla schermata principale"},{"$i":"share-link","$v":"Condividi link"},{"$i":"save-image","$v":"Salva immagine"},{"$i":"save-video","$v":"Salva video"},{"$i":"save-audio","$v":"Salva audio"},{"$i":"save-link","$v":"Salva file collegato"},{"$i":"share-image","$v":"Condividi immagine"},{"$i":"share-video","$v":"Condividi video"},{"$i":"share-audio","$v":"Condividi audio"},{"$i":"private-window","$v":"Finestra anonima"},{"$i":"private-window-detail1","$v":"Il browser non conserverà alcuna cronologia di navigazione, cookie o file temporanei."},{"$i":"private-window-detail2","$v":"Anche se questo dispositivo non conserverà alcuna informazione relativa alla cronologia di navigazione, il fornitore di servizi internet in uso sarà comunque in grado di mantenere traccia delle pagine visitate."},{"$i":"okCharsLeft","$v":["OK (",{"t":"idOrVar","v":"n"},")"]},{"$i":"accessibility-enableScreenReaderSteps","$v":"Per attivare il Lettore schermo premere per 3 volte volume su e volume giù"},{"$i":"accessibility-disableScreenReaderSteps","$v":"Per disattivare il Lettore schermo premere per 3 volte volume su e volume giù"},{"$i":"accessibility-screenReaderStarted","$v":"Utilità per la lettura dello schermo avviata"},{"$i":"accessibility-screenReaderStopped","$v":"Utilità per la lettura dello schermo interrotta"},{"$i":"accessibility-menubar","$v":"barra dei menu"},{"$i":"accessibility-scrollbar","$v":"barra di scorrimento"},{"$i":"accessibility-grip","$v":"presa"},{"$i":"accessibility-alert","$v":"avviso"},{"$i":"accessibility-menupopup","$v":"menu popup"},{"$i":"accessibility-document","$v":"documento"},{"$i":"accessibility-pane","$v":"riquadro"},{"$i":"accessibility-dialog","$v":"dialogo"},{"$i":"accessibility-separator","$v":"separatore"},{"$i":"accessibility-toolbar","$v":"barra degli strumenti"},{"$i":"accessibility-statusbar","$v":"barra di stato"},{"$i":"accessibility-table","$v":"tabella"},{"$i":"accessibility-columnheader","$v":"intestazione di colonna"},{"$i":"accessibility-rowheader","$v":"intestazione di riga"},{"$i":"accessibility-column","$v":"colonna"},{"$i":"accessibility-row","$v":"riga"},{"$i":"accessibility-cell","$v":"cella"},{"$i":"accessibility-link","$v":"link"},{"$i":"accessibility-list","$v":"elenco"},{"$i":"accessibility-listitem","$v":"elemento casella di riepilogo"},{"$i":"accessibility-outline","$v":"struttura ad albero"},{"$i":"accessibility-outlineitem","$v":"elemento struttura ad albero"},{"$i":"accessibility-pagetab","$v":"scheda"},{"$i":"accessibility-propertypage","$v":"pagina proprietà"},{"$i":"accessibility-graphic","$v":"grafica"},{"$i":"accessibility-pushbutton","$v":"pulsante"},{"$i":"accessibility-checkbutton","$v":"pulsante con segno di spunta"},{"$i":"accessibility-radiobutton","$v":"pulsante di opzione"},{"$i":"accessibility-combobox","$v":"casella combinata"},{"$i":"accessibility-progressbar","$v":"indicatore di stato"},{"$i":"accessibility-slider","$v":"dispositivo di scorrimento"},{"$i":"accessibility-spinbutton","$v":"pulsante di selezione"},{"$i":"accessibility-diagram","$v":"diagramma"},{"$i":"accessibility-animation","$v":"animazione"},{"$i":"accessibility-equation","$v":"equazione"},{"$i":"accessibility-buttonmenu","$v":"menu pulsante"},{"$i":"accessibility-whitespace","$v":"spazio vuoto"},{"$i":"accessibility-pagetablist","$v":"elenco schede"},{"$i":"accessibility-canvas","$v":"canvas"},{"$i":"accessibility-checkmenuitem","$v":"Doppio tocco per attivare"},{"$i":"accessibility-label","$v":"etichetta"},{"$i":"accessibility-passwordtext","$v":"password"},{"$i":"accessibility-radiomenuitem","$v":"Doppio tocco per attivare"},{"$i":"accessibility-textcontainer","$v":"contenitore testo"},{"$i":"accessibility-togglebutton","$v":"interruttore"},{"$i":"accessibility-treetable","$v":"tabella ad albero"},{"$i":"accessibility-header","$v":"testata"},{"$i":"accessibility-footer","$v":"piede"},{"$i":"accessibility-paragraph","$v":"paragrafo"},{"$i":"accessibility-entry","$v":"voce"},{"$i":"accessibility-caption","$v":"didascalia"},{"$i":"accessibility-heading","$v":"titolo"},{"$i":"accessibility-section","$v":"sezione"},{"$i":"accessibility-form","$v":"modulo"},{"$i":"accessibility-comboboxlist","$v":"elenco casella combinata"},{"$i":"accessibility-comboboxoption","$v":"opzione casella combinata"},{"$i":"accessibility-imagemap","$v":"mappa immagine"},{"$i":"accessibility-listboxoption","$v":"opzione casella di riepilogo"},{"$i":"accessibility-listbox","$v":"casella di riepilogo"},{"$i":"accessibility-flatequation","$v":"equazione flat"},{"$i":"accessibility-gridcell","$v":"cella della griglia"},{"$i":"accessibility-note","$v":"nota"},{"$i":"accessibility-figure","$v":"figura"},{"$i":"accessibility-definitionlist","$v":"elenco definizioni"},{"$i":"accessibility-term","$v":"termine"},{"$i":"accessibility-definition","$v":"definizione"},{"$i":"accessibility-textarea","$v":"area di testo"},{"$i":"accessibility-textInputType_date","$v":"data"},{"$i":"accessibility-textInputType_email","$v":"email"},{"$i":"accessibility-textInputType_search","$v":"ricerca"},{"$i":"accessibility-textInputType_tel","$v":"telefono"},{"$i":"accessibility-textInputType_url","$v":"URL"},{"$i":"accessibility-headingLevel","$v":["titolo di livello ",{"t":"idOrVar","v":"0"}]},{"$i":"accessibility-listStart","$v":"Primo elemento"},{"$i":"accessibility-listEnd","$v":"Ultimo elemento"},{"$i":"accessibility-listItemsCount","$v":{"zero":[{"t":"idOrVar","v":"count"}," elementi"],"one":[{"t":"idOrVar","v":"count"}," elemento"],"two":[{"t":"idOrVar","v":"count"}," elementi"],"few":[{"t":"idOrVar","v":"count"}," elementi"],"many":[{"t":"idOrVar","v":"count"}," elementi"],"other":[{"t":"idOrVar","v":"count"}," elementi"]},"$x":[{"t":"idOrVar","v":"plural"},"count"]},{"$i":"accessibility-objItemOfN","$v":[{"t":"idOrVar","v":"0"}," di ",{"t":"idOrVar","v":"1"}]},{"$i":"accessibility-banner","$v":"banner"},{"$i":"accessibility-complementary","$v":"complementare"},{"$i":"accessibility-contentinfo","$v":"info contenuti"},{"$i":"accessibility-main","$v":"principale"},{"$i":"accessibility-navigation","$v":"navigazione"},{"$i":"accessibility-search","$v":"ricerca"},{"$i":"accessibility-tblColumnInfo","$v":{"zero":["con ",{"t":"idOrVar","v":"count"}," colonne"],"one":["con ",{"t":"idOrVar","v":"count"}," colonna"],"two":["con ",{"t":"idOrVar","v":"count"}," colonne"],"few":["con ",{"t":"idOrVar","v":"count"}," colonne"],"many":["con ",{"t":"idOrVar","v":"count"}," colonne"],"other":["con ",{"t":"idOrVar","v":"count"}," colonne"]},"$x":[{"t":"idOrVar","v":"plural"},"count"]},{"$i":"accessibility-tblRowInfo","$v":{"zero":["e ",{"t":"idOrVar","v":"count"}," righe"],"one":["e ",{"t":"idOrVar","v":"count"}," riga"],"two":["e ",{"t":"idOrVar","v":"count"}," righe"],"few":["e ",{"t":"idOrVar","v":"count"}," righe"],"many":["e ",{"t":"idOrVar","v":"count"}," righe"],"other":["e ",{"t":"idOrVar","v":"count"}," righe"]},"$x":[{"t":"idOrVar","v":"plural"},"count"]},{"$i":"accessibility-columnInfo","$v":["Colonna ",{"t":"idOrVar","v":"0"}]},{"$i":"accessibility-rowInfo","$v":["Riga ",{"t":"idOrVar","v":"0"}]},{"$i":"accessibility-spansColumns","$v":{"zero":["estesa a ",{"t":"idOrVar","v":"0"}," colonne"],"one":["estesa a ",{"t":"idOrVar","v":"0"}," colonna"],"two":["estesa a ",{"t":"idOrVar","v":"0"}," colonne"],"few":["estesa a ",{"t":"idOrVar","v":"0"}," colonne"],"many":["estesa a ",{"t":"idOrVar","v":"0"}," colonne"],"other":["estesa a ",{"t":"idOrVar","v":"0"}," colonne"]},"$x":[{"t":"idOrVar","v":"plural"},"0"]},{"$i":"accessibility-spansRows","$v":{"zero":["estesa a ",{"t":"idOrVar","v":"0"}," righe"],"one":["estesa a ",{"t":"idOrVar","v":"0"}," riga"],"two":["estesa a ",{"t":"idOrVar","v":"0"}," righe"],"few":["estesa a ",{"t":"idOrVar","v":"0"}," righe"],"many":["estesa a ",{"t":"idOrVar","v":"0"}," righe"],"other":["estesa a ",{"t":"idOrVar","v":"0"}," righe"]},"$x":[{"t":"idOrVar","v":"plural"},"0"]},{"$i":"accessibility-jumpAction","$v":"saltato"},{"$i":"accessibility-pressAction","$v":"premuto"},{"$i":"accessibility-checkAction","$v":"selezionato"},{"$i":"accessibility-uncheckAction","$v":"non selezionato"},{"$i":"accessibility-selectAction","$v":"selezionato"},{"$i":"accessibility-unselectAction","$v":"non selezionato"},{"$i":"accessibility-openAction","$v":"aperto"},{"$i":"accessibility-closeAction","$v":"chiuso"},{"$i":"accessibility-switchAction","$v":"cambiato"},{"$i":"accessibility-clickAction","$v":"fatto clic"},{"$i":"accessibility-collapseAction","$v":"compresso"},{"$i":"accessibility-expandAction","$v":"espanso"},{"$i":"accessibility-activateAction","$v":"attivato"},{"$i":"accessibility-cycleAction","$v":"in ciclo"},{"$i":"accessibility-hidden","$v":"nascosto"},{"$i":"accessibility-tabLoading","$v":"caricamento in corso"},{"$i":"accessibility-tabLoaded","$v":"caricato"},{"$i":"accessibility-tabNew","$v":"nuova scheda"},{"$i":"accessibility-tabLoadStopped","$v":"caricamento interrotto"},{"$i":"accessibility-tabReload","$v":"aggiornamento in corso"},{"$i":"accessibility-stateChecked","$v":"selezionato"},{"$i":"accessibility-stateNotChecked","$v":"non selezionato"},{"$i":"accessibility-statePressed","$v":"premuto"},{"$i":"accessibility-stateExpanded","$v":"espanso"},{"$i":"accessibility-stateCollapsed","$v":"compresso"},{"$i":"accessibility-stateUnavailable","$v":"non disponibile"},{"$i":"accessibility-stateRequired","$v":"obbligatorio"},{"$i":"accessibility-stateTraversed","$v":"visitato"},{"$i":"accessibility-stateHasPopup","$v":"ha dei popup"},{"$i":"accessibility-stateSelected","$v":"selezionato"},{"$i":"accessibility-editingMode","$v":"in modifica"},{"$i":"accessibility-navigationMode","$v":"in navigazione"},{"$i":"accessibility-quicknav_Simple","$v":"Predefinito"},{"$i":"accessibility-quicknav_Anchor","$v":"Ancoraggi"},{"$i":"accessibility-quicknav_Button","$v":"Pulsanti"},{"$i":"accessibility-quicknav_Combobox","$v":"Caselle combinate"},{"$i":"accessibility-quicknav_Landmark","$v":"Riferimenti"},{"$i":"accessibility-quicknav_Entry","$v":"Voci"},{"$i":"accessibility-quicknav_FormElement","$v":"Elementi del modulo"},{"$i":"accessibility-quicknav_Graphic","$v":"Immagini"},{"$i":"accessibility-quicknav_Heading","$v":"Titoli"},{"$i":"accessibility-quicknav_ListItem","$v":"Voci dell’elenco"},{"$i":"accessibility-quicknav_Link","$v":"Collegamenti"},{"$i":"accessibility-quicknav_List","$v":"Elenchi"},{"$i":"accessibility-quicknav_PageTab","$v":"Schede pagina"},{"$i":"accessibility-quicknav_RadioButton","$v":"Pulsanti di opzione"},{"$i":"accessibility-quicknav_Separator","$v":"Separatori"},{"$i":"accessibility-quicknav_Table","$v":"Tabelle"},{"$i":"accessibility-quicknav_Checkbox","$v":"Caselle di controllo"},{"$i":"accessibility-menubarAbbr","$v":"barra menu"},{"$i":"accessibility-scrollbarAbbr","$v":"barra scorrimento"},{"$i":"accessibility-gripAbbr","$v":"presa"},{"$i":"accessibility-alertAbbr","$v":"avviso"},{"$i":"accessibility-menupopupAbbr","$v":"menu popup"},{"$i":"accessibility-documentAbbr","$v":"documento"},{"$i":"accessibility-paneAbbr","$v":"riquadro"},{"$i":"accessibility-dialogAbbr","$v":"dialogo"},{"$i":"accessibility-separatorAbbr","$v":"separatore"},{"$i":"accessibility-toolbarAbbr","$v":"barra strumenti"},{"$i":"accessibility-statusbarAbbr","$v":"barra stato"},{"$i":"accessibility-tableAbbr","$v":"tabella"},{"$i":"accessibility-columnheaderAbbr","$v":"intest. colonna"},{"$i":"accessibility-rowheaderAbbr","$v":"intest. riga"},{"$i":"accessibility-columnAbbr","$v":"colonna"},{"$i":"accessibility-rowAbbr","$v":"riga"},{"$i":"accessibility-cellAbbr","$v":"cella"},{"$i":"accessibility-linkAbbr","$v":"link"},{"$i":"accessibility-listAbbr","$v":"elenco"},{"$i":"accessibility-listitemAbbr","$v":"elem. elenco"},{"$i":"accessibility-outlineAbbr","$v":"albero"},{"$i":"accessibility-outlineitemAbbr","$v":"elem. albero"},{"$i":"accessibility-pagetabAbbr","$v":"scheda"},{"$i":"accessibility-propertypageAbbr","$v":"pag. proprietà"},{"$i":"accessibility-graphicAbbr","$v":"grafica"},{"$i":"accessibility-pushbuttonAbbr","$v":"pulsante"},{"$i":"accessibility-checkbuttonAbbr","$v":"casella controllo"},{"$i":"accessibility-radiobuttonAbbr","$v":"pulsante radio"},{"$i":"accessibility-comboboxAbbr","$v":"casella combin."},{"$i":"accessibility-progressbarAbbr","$v":"indic. stato"},{"$i":"accessibility-sliderAbbr","$v":"disp. scorrimento"},{"$i":"accessibility-spinbuttonAbbr","$v":"pulsante selez."},{"$i":"accessibility-diagramAbbr","$v":"diagramma"},{"$i":"accessibility-animationAbbr","$v":"animazione"},{"$i":"accessibility-equationAbbr","$v":"equazione"},{"$i":"accessibility-buttonmenuAbbr","$v":"pulsante menu"},{"$i":"accessibility-whitespaceAbbr","$v":"spazio vuoto"},{"$i":"accessibility-pagetablistAbbr","$v":"elenco schede"},{"$i":"accessibility-canvasAbbr","$v":"canvas"},{"$i":"accessibility-checkmenuitemAbbr","$v":"voce menu con spunta"},{"$i":"accessibility-labelAbbr","$v":"etichetta"},{"$i":"accessibility-passwordtextAbbr","$v":"testo password"},{"$i":"accessibility-radiomenuitemAbbr","$v":"elem. menu radio"},{"$i":"accessibility-textcontainerAbbr","$v":"contenitore testo"},{"$i":"accessibility-togglebuttonAbbr","$v":"interruttore"},{"$i":"accessibility-treetableAbbr","$v":"tabella albero"},{"$i":"accessibility-headerAbbr","$v":"intestaz."},{"$i":"accessibility-footerAbbr","$v":"piede"},{"$i":"accessibility-paragraphAbbr","$v":"paragrafo"},{"$i":"accessibility-entryAbbr","$v":"voce"},{"$i":"accessibility-captionAbbr","$v":"didascalia"},{"$i":"accessibility-headingAbbr","$v":"titolo"},{"$i":"accessibility-sectionAbbr","$v":"sezione"},{"$i":"accessibility-formAbbr","$v":"modulo"},{"$i":"accessibility-comboboxlistAbbr","$v":"elenco casella combinata"},{"$i":"accessibility-comboboxoptionAbbr","$v":"elem. casella combinata"},{"$i":"accessibility-imagemapAbbr","$v":"mappa immag."},{"$i":"accessibility-listboxoptionAbbr","$v":"opzione"},{"$i":"accessibility-listboxAbbr","$v":"casella riepilogo"},{"$i":"accessibility-flatequationAbbr","$v":"equazione flat"},{"$i":"accessibility-gridcellAbbr","$v":"cella della griglia"},{"$i":"accessibility-noteAbbr","$v":"nota"},{"$i":"accessibility-figureAbbr","$v":"fig"},{"$i":"accessibility-definitionlistAbbr","$v":"lista definizioni"},{"$i":"accessibility-termAbbr","$v":"term."},{"$i":"accessibility-definitionAbbr","$v":"definiz."},{"$i":"accessibility-textareaAbbr","$v":"area testo"},{"$i":"accessibility-tblColumnInfoAbbr","$v":{"one":[{"t":"idOrVar","v":"count"},"c"],"two":[{"t":"idOrVar","v":"count"},"c"],"few":[{"t":"idOrVar","v":"count"},"c"],"many":[{"t":"idOrVar","v":"count"},"c"],"other":[{"t":"idOrVar","v":"count"},"c"]},"$x":[{"t":"idOrVar","v":"plural"},"count"]},{"$i":"accessibility-tblRowInfoAbbr","$v":{"one":[{"t":"idOrVar","v":"count"},"r"],"two":[{"t":"idOrVar","v":"count"},"r"],"few":[{"t":"idOrVar","v":"count"},"r"],"many":[{"t":"idOrVar","v":"count"},"r"],"other":[{"t":"idOrVar","v":"count"},"r"]},"$x":[{"t":"idOrVar","v":"plural"},"count"]},{"$i":"accessibility-cellInfoAbbr","$v":["c",{"t":"idOrVar","v":"0"},"r",{"t":"idOrVar","v":"1"}]},{"$i":"accessibility-stateCheckedAbbr","$v":"(x)"},{"$i":"accessibility-stateUncheckedAbbr","$v":"( )"},{"$i":"accessibility-statePressedAbbr","$v":"(x)"},{"$i":"accessibility-stateUnpressedAbbr","$v":"( )"},{"$i":"accessibility-pushbutton-hint","$v":"Doppio tocco per attivare"},{"$i":"accessibility-checkbutton-hint","$v":"Doppio tocco per attivare"},{"$i":"accessibility-combobox-hint","$v":"Doppio tocco per attivare"},{"$i":"accessibility-key-hint","$v":"Tocca e tieni premuto per attivare"},{"$i":"accessibility-link-hint","$v":"Doppio tocco per attivare"},{"$i":"accessibility-menuitem-hint","$v":"Doppio tocco per attivare"},{"$i":"accessibility-option-hint","$v":"Doppio tocco per attivare"},{"$i":"accessibility-radiobutton-hint","$v":"Doppio tocco per attivare"},{"$i":"accessibility-slider-hint","$v":"Scorri verso l’alto per aumentare, verso il basso per diminuire"},{"$i":"accessibility-spinbutton-hint","$v":"Scorri verso l’alto per aumentare, verso il basso per diminuire"},{"$i":"accessibility-pagetab-hint","$v":"Doppio tocco per attivare"},{"$i":"accessibility-entry-hint","$v":"Doppio tocco per attivare"},{"$i":"accessibility-outlineitem-hint","$v":"Doppio tocco per attivare"},{"$i":"weekday-0-long","$v":"domenica"},{"$i":"weekday-1-long","$v":"lunedì"},{"$i":"weekday-2-long","$v":"martedì"},{"$i":"weekday-3-long","$v":"mercoledì"},{"$i":"weekday-4-long","$v":"giovedì"},{"$i":"weekday-5-long","$v":"venerdì"},{"$i":"weekday-6-long","$v":"sabato"},{"$i":"weekday-0-short","$v":"dom"},{"$i":"weekday-1-short","$v":"lun"},{"$i":"weekday-2-short","$v":"mar"},{"$i":"weekday-3-short","$v":"mer"},{"$i":"weekday-4-short","$v":"gio"},{"$i":"weekday-5-short","$v":"ven"},{"$i":"weekday-6-short","$v":"sab"},{"$i":"month-0-long","$v":"gennaio"},{"$i":"month-1-long","$v":"febbraio"},{"$i":"month-2-long","$v":"marzo"},{"$i":"month-3-long","$v":"aprile"},{"$i":"month-4-long","$v":"maggio"},{"$i":"month-5-long","$v":"giugno"},{"$i":"month-6-long","$v":"luglio"},{"$i":"month-7-long","$v":"agosto"},{"$i":"month-8-long","$v":"settembre"},{"$i":"month-9-long","$v":"ottobre"},{"$i":"month-10-long","$v":"novembre"},{"$i":"month-11-long","$v":"dicembre"},{"$i":"month-0-genitive","$v":"gennaio"},{"$i":"month-1-genitive","$v":"febbraio"},{"$i":"month-2-genitive","$v":"marzo"},{"$i":"month-3-genitive","$v":"aprile"},{"$i":"month-4-genitive","$v":"maggio"},{"$i":"month-5-genitive","$v":"giugno"},{"$i":"month-6-genitive","$v":"luglio"},{"$i":"month-7-genitive","$v":"agosto"},{"$i":"month-8-genitive","$v":"settembre"},{"$i":"month-9-genitive","$v":"ottobre"},{"$i":"month-10-genitive","$v":"novembre"},{"$i":"month-11-genitive","$v":"dicembre"},{"$i":"month-0-short","$v":"gen"},{"$i":"month-1-short","$v":"feb"},{"$i":"month-2-short","$v":"mar"},{"$i":"month-3-short","$v":"apr"},{"$i":"month-4-short","$v":"mag"},{"$i":"month-5-short","$v":"giu"},{"$i":"month-6-short","$v":"lug"},{"$i":"month-7-short","$v":"ago"},{"$i":"month-8-short","$v":"set"},{"$i":"month-9-short","$v":"ott"},{"$i":"month-10-short","$v":"nov"},{"$i":"month-11-short","$v":"dic"},{"$i":"minutes-ago-long","$v":{"zero":"adesso","one":"un minuto fa","two":[{"t":"idOrVar","v":"value"}," minuti fa"],"few":[{"t":"idOrVar","v":"value"}," minuti fa"],"many":[{"t":"idOrVar","v":"value"}," minuti fa"],"other":[{"t":"idOrVar","v":"value"}," minuti fa"]},"$x":[{"t":"idOrVar","v":"plural"},"value"]},{"$i":"hours-ago-long","$v":{"zero":"adesso","one":"un’ora fa","two":[{"t":"idOrVar","v":"value"}," ore fa"],"few":[{"t":"idOrVar","v":"value"}," ore fa"],"many":[{"t":"idOrVar","v":"value"}," ore fa"],"other":[{"t":"idOrVar","v":"value"}," ore fa"]},"$x":[{"t":"idOrVar","v":"plural"},"value"]},{"$i":"days-ago-long","$v":{"zero":"oggi","one":"ieri","two":[{"t":"idOrVar","v":"value"}," giorni fa"],"few":[{"t":"idOrVar","v":"value"}," giorni fa"],"many":[{"t":"idOrVar","v":"value"}," giorni fa"],"other":[{"t":"idOrVar","v":"value"}," giorni fa"]},"$x":[{"t":"idOrVar","v":"plural"},"value"]},{"$i":"weeks-ago-long","$v":{"zero":"questa settimana","one":"settimana scorsa","two":[{"t":"idOrVar","v":"value"}," settimane fa"],"few":[{"t":"idOrVar","v":"value"}," settimane fa"],"many":[{"t":"idOrVar","v":"value"}," settimane fa"],"other":[{"t":"idOrVar","v":"value"}," settimane fa"]},"$x":[{"t":"idOrVar","v":"plural"},"value"]},{"$i":"months-ago-long","$v":{"zero":"questo mese","one":"mese scorso","two":[{"t":"idOrVar","v":"value"}," mesi fa"],"few":[{"t":"idOrVar","v":"value"}," mesi fa"],"many":[{"t":"idOrVar","v":"value"}," mesi fa"],"other":[{"t":"idOrVar","v":"value"}," mesi fa"]},"$x":[{"t":"idOrVar","v":"plural"},"value"]},{"$i":"years-ago-long","$v":{"zero":"quest’anno","one":"anno scorso","two":[{"t":"idOrVar","v":"value"}," anni fa"],"few":[{"t":"idOrVar","v":"value"}," anni fa"],"many":[{"t":"idOrVar","v":"value"}," anni fa"],"other":[{"t":"idOrVar","v":"value"}," anni fa"]},"$x":[{"t":"idOrVar","v":"plural"},"value"]},{"$i":"minutes-until-long","$v":{"zero":"adesso","one":"tra un minuto","two":["tra ",{"t":"idOrVar","v":"value"}," minuti"],"few":["tra ",{"t":"idOrVar","v":"value"}," minuti"],"many":["tra ",{"t":"idOrVar","v":"value"}," minuti"],"other":["tra ",{"t":"idOrVar","v":"value"}," minuti"]},"$x":[{"t":"idOrVar","v":"plural"},"value"]},{"$i":"hours-until-long","$v":{"zero":"adesso","one":"tra un’ora","two":["tra ",{"t":"idOrVar","v":"value"}," ore"],"few":["tra ",{"t":"idOrVar","v":"value"}," ore"],"many":["tra ",{"t":"idOrVar","v":"value"}," ore"],"other":["tra ",{"t":"idOrVar","v":"value"}," ore"]},"$x":[{"t":"idOrVar","v":"plural"},"value"]},{"$i":"days-until-long","$v":{"zero":"oggi","one":"domani","two":["tra ",{"t":"idOrVar","v":"value"}," giorni"],"few":["tra ",{"t":"idOrVar","v":"value"}," giorni"],"many":["tra ",{"t":"idOrVar","v":"value"}," giorni"],"other":["tra ",{"t":"idOrVar","v":"value"}," giorni"]},"$x":[{"t":"idOrVar","v":"plural"},"value"]},{"$i":"weeks-until-long","$v":{"zero":"questa settimana","one":"prossima settimana","two":["tra ",{"t":"idOrVar","v":"value"}," settimane"],"few":["tra ",{"t":"idOrVar","v":"value"}," settimane"],"many":["tra ",{"t":"idOrVar","v":"value"}," settimane"],"other":["tra ",{"t":"idOrVar","v":"value"}," settimane"]},"$x":[{"t":"idOrVar","v":"plural"},"value"]},{"$i":"months-until-long","$v":{"zero":"questo mese","one":"prossimo mese","two":["in ",{"t":"idOrVar","v":"value"}," mesi"],"few":["tra ",{"t":"idOrVar","v":"value"}," mesi"],"many":["tra ",{"t":"idOrVar","v":"value"}," mesi"],"other":["in ",{"t":"idOrVar","v":"value"}," mesi"]},"$x":[{"t":"idOrVar","v":"plural"},"value"]},{"$i":"years-until-long","$v":{"zero":"quest’anno","one":"prossimo anno","two":["tra ",{"t":"idOrVar","v":"value"}," anni"],"few":["tra ",{"t":"idOrVar","v":"value"}," anni"],"many":["tra ",{"t":"idOrVar","v":"value"}," anni"],"other":["tra ",{"t":"idOrVar","v":"value"}," anni"]},"$x":[{"t":"idOrVar","v":"plural"},"value"]},{"$i":"minutes-ago-short","$v":{"zero":"adesso","other":[{"t":"idOrVar","v":"value"},"m fa"]},"$x":[{"t":"idOrVar","v":"plural"},"value"]},{"$i":"hours-ago-short","$v":{"zero":"adesso","other":[{"t":"idOrVar","v":"value"},"h fa"]},"$x":[{"t":"idOrVar","v":"plural"},"value"]},{"$i":"days-ago-short","$v":{"zero":"oggi","other":[{"t":"idOrVar","v":"value"},"g fa"]},"$x":[{"t":"idOrVar","v":"plural"},"value"]},{"$i":"minutes-until-short","$v":{"zero":"adesso","other":["tra ",{"t":"idOrVar","v":"value"},"m"]},"$x":[{"t":"idOrVar","v":"plural"},"value"]},{"$i":"hours-until-short","$v":{"zero":"adesso","other":["tra ",{"t":"idOrVar","v":"value"},"h"]},"$x":[{"t":"idOrVar","v":"plural"},"value"]},{"$i":"days-until-short","$v":{"zero":"oggi","other":["tra ",{"t":"idOrVar","v":"value"},"g"]},"$x":[{"t":"idOrVar","v":"plural"},"value"]},{"$i":"incorrectDate","$v":"(data errata)"},{"$i":"dateTimeFormat_%c","$v":"%a %e %b %Y %H:%M:%S"},{"$i":"dateTimeFormat_%x","$v":"%d/%m/%Y"},{"$i":"dateTimeFormat_%X","$v":"%H:%M:%S"},{"$i":"shortTimeFormat","$v":"%H:%M"},{"$i":"shortTimeFormat12","$v":"%I:%M %p"},{"$i":"shortTimeFormat24","$v":"%H:%M"},{"$i":"shortDateTimeFormat","$v":"%x %H:%M"},{"$i":"weekStartsOnMonday","$v":"1"},{"$i":"firstDayOfTheWeek","$v":"1"},{"$i":"time_am","$v":"AM"},{"$i":"time_pm","$v":"PM"},{"$i":"title-app","$v":"Permessi app"},{"$i":"title-web","$v":"Permessi siti web"},{"$i":"title-cam","$v":"Selezione fotocamera"},{"$i":"perm-alarms","$v":"Impostare allarmi"},{"$i":"perm-audio-capture","$v":"Microfono"},{"$i":"perm-audio-capture-appRequest","$v":["Condividere il microfono con ",{"t":"idOrVar","v":"app"},"?"]},{"$i":"perm-audio-capture-webRequest","$v":["Condividere il microfono con ",{"t":"idOrVar","v":"site"},"?"]},{"$i":"perm-audio-channel-content","$v":"Riprodurre suoni"},{"$i":"perm-audio-channel-notification","$v":"Riprodurre suoni notifiche"},{"$i":"perm-audio-channel-ringer","$v":"Riprodurre suonerie"},{"$i":"perm-background-sensors","$v":"Accedere ai dati dei sensori"},{"$i":"perm-bluetooth","$v":"Bluetooth"},{"$i":"perm-browser","$v":"Analizzare pagine web"},{"$i":"perm-camera","$v":"Fotocamere"},{"$i":"perm-camera-selector-appRequest","$v":["Selezionare una fotocamera per ",{"t":"idOrVar","v":"app"},"."]},{"$i":"perm-camera-selector-webRequest","$v":["Selezionare una fotocamera per ",{"t":"idOrVar","v":"site"},"."]},{"$i":"perm-camera-appRequest","$v":[{"t":"idOrVar","v":"app"}," richiede accesso alla fotocamera."]},{"$i":"perm-camera-webRequest","$v":[{"t":"idOrVar","v":"site"}," richiede accesso alla fotocamera."]},{"$i":"perm-cellbroadcast","$v":"Cell broadcast"},{"$i":"perm-contacts","$v":"Contatti"},{"$i":"perm-contacts-appRequest","$v":[{"t":"idOrVar","v":"app"}," richiede accesso ai contatti."]},{"$i":"perm-contacts-webRequest","$v":[{"t":"idOrVar","v":"site"}," richiede accesso ai contatti."]},{"$i":"perm-desktop-notification","$v":"Notifiche"},{"$i":"perm-desktop-notification-appRequest","$v":[{"t":"idOrVar","v":"app"}," richiede di visualizzare notifiche."]},{"$i":"perm-desktop-notification-webRequest","$v":[{"t":"idOrVar","v":"site"}," richiede di visualizzare notifiche."]},{"$i":"perm-device-storage-apps","$v":"Archiviazione app"},{"$i":"perm-device-storage-music","$v":"Archiviazione musica"},{"$i":"perm-device-storage-music-appRequest","$v":[{"t":"idOrVar","v":"app"}," richiede accesso alla musica."]},{"$i":"perm-device-storage-music-webRequest","$v":[{"t":"idOrVar","v":"site"}," richiede accesso alla musica."]},{"$i":"perm-device-storage-pictures","$v":"Archiviazione foto"},{"$i":"perm-device-storage-pictures-appRequest","$v":[{"t":"idOrVar","v":"app"}," richiede accesso alle foto."]},{"$i":"perm-device-storage-pictures-webRequest","$v":[{"t":"idOrVar","v":"site"}," richiede accesso alle foto."]},{"$i":"perm-device-storage-sdcard","$v":"Archiviazione scheda SD"},{"$i":"perm-device-storage-sdcard-appRequest","$v":[{"t":"idOrVar","v":"app"}," richiede accesso alla scheda di memoria."]},{"$i":"perm-device-storage-sdcard-webRequest","$v":[{"t":"idOrVar","v":"site"}," richiede accesso alla scheda di memoria."]},{"$i":"perm-device-storage-videos","$v":"Archiviazione video"},{"$i":"perm-device-storage-videos-appRequest","$v":[{"t":"idOrVar","v":"app"}," richiede accesso ai video."]},{"$i":"perm-device-storage-videos-webRequest","$v":[{"t":"idOrVar","v":"site"}," richiede accesso ai video."]},{"$i":"perm-embed-apps","$v":"Includere app"},{"$i":"perm-fmradio","$v":"Radio FM"},{"$i":"perm-fmradio-appRequest","$v":[{"t":"idOrVar","v":"app"}," richiede accesso alla radio FM."]},{"$i":"perm-fmradio-webRequest","$v":[{"t":"idOrVar","v":"site"}," richiede accesso alla radio FM."]},{"$i":"perm-geolocation","$v":"Georilevazione"},{"$i":"perm-geolocation-appRequest","$v":[{"t":"idOrVar","v":"app"}," richiede accesso alla posizione attuale."]},{"$i":"perm-geolocation-more-info","$v":[{"t":"idOrVar","v":"brandShortName"}," utilizza dati quali GPS, Wi-Fi e reti di connessione dati per stabilire una posizione approssimativa del dispositivo. I dati raccolti vengono inviati a Mozilla e altri fornitori di servizi e vengono utilizzati in forma aggregata per migliorare la funzione di georilevazione. Alcune informazioni potrebbero essere memorizzate sul dispositivo o rilevate anche quando non ci sono applicazioni in esecuzione."]},{"$i":"perm-geolocation-webRequest","$v":[{"t":"idOrVar","v":"site"}," richiede accesso alla posizione attuale."]},{"$i":"perm-idle","$v":"Visualizzare stato inattività"},{"$i":"perm-indexedDB-chrome-settings","$v":"IndexedDB privilegiato"},{"$i":"perm-indexedDB-unlimited","$v":"Archiviazione IndexedDB illimitata"},{"$i":"perm-input-manage","$v":"Gestire tastiere"},{"$i":"perm-input","$v":"Comportarsi come una tastiera"},{"$i":"perm-media-capture","$v":"Fotocamera e microfono"},{"$i":"perm-media-capture-appRequest","$v":["Condividere fotocamera e microfono con ",{"t":"idOrVar","v":"app"},"?"]},{"$i":"perm-media-capture-webRequest","$v":["Condividere fotocamera e microfono con ",{"t":"idOrVar","v":"site"},"?"]},{"$i":"perm-mobileconnection","$v":"Connessione mobile"},{"$i":"perm-mobileid","$v":"Identificazione cellulare"},{"$i":"perm-network-events","$v":"Eventi di rete"},{"$i":"perm-open-remote-window","$v":"Avviare un’app"},{"$i":"perm-permissions","$v":"Modificare permessi app"},{"$i":"perm-power","$v":"Impostazioni energia"},{"$i":"perm-settings","$v":"Modificare impostazioni"},{"$i":"perm-systemXHR","$v":"Richieste cross-origin"},{"$i":"perm-telephony","$v":"Telefonia"},{"$i":"perm-video-capture","$v":"Fotocamera"},{"$i":"perm-video-capture-appRequest","$v":["Condividere la fotocamera con ",{"t":"idOrVar","v":"app"},"?"]},{"$i":"perm-video-capture-webRequest","$v":["Condividere la fotocamera con ",{"t":"idOrVar","v":"site"},"?"]},{"$i":"perm-voicemail","$v":"Gestire segreteria telefonica"},{"$i":"perm-webapps-manage","$v":"Installare webapp"},{"$i":"perm-wifi-manage","$v":"Gestire Wi-Fi"},{"$i":"perm-attention","$v":"Aprire popup overlay"},{"$i":"perm-audio-channel-alarm","$v":"Riprodurre suoni allarmi"},{"$i":"perm-audio-channel-normal","$v":"Riprodurre suoni"},{"$i":"perm-audio-channel-publicnotification","$v":"Riprodurre suoni di notifiche pubbliche"},{"$i":"perm-audio-channel-telephony","$v":"Riprodurre audio telefonate"},{"$i":"perm-backgroundservice","$v":"Agire come servizio in background"},{"$i":"perm-device-storage-crashes","$v":"Archivio dati arresti anomali"},{"$i":"perm-downloads","$v":"Accedere ai download"},{"$i":"perm-embed-widgets","$v":"Includere widget"},{"$i":"perm-feature-detection","$v":"Rilevare caratteristiche"},{"$i":"perm-firefox-accounts","$v":"Firefox Account"},{"$i":"perm-mobilenetwork","$v":"Rete mobile"},{"$i":"perm-moz-attention","$v":"Aprire popup overlay (moz)"},{"$i":"perm-moz-audio-channel-ringer","$v":"Riprodurre suonerie (moz)"},{"$i":"perm-moz-audio-channel-telephony","$v":"Riprodurre audio telefonate (moz)"},{"$i":"perm-moz-firefox-accounts","$v":"Firefox Account (moz)"},{"$i":"perm-networkstats-manage","$v":"Controllare statistiche di utilizzo"},{"$i":"perm-nfc","$v":"NFC"},{"$i":"perm-nfc-hci-events","$v":"Eventi NFC HCI"},{"$i":"perm-nfc-manager","$v":"Gestire NFC"},{"$i":"perm-phonenumberservice","$v":"Servizio numero di telefono"},{"$i":"perm-push","$v":"API push"},{"$i":"perm-resourcestats-manage","$v":"Statistiche risorse"},{"$i":"perm-sms","$v":"Inviare e ricevere SMS"},{"$i":"perm-speaker-control","$v":"Controllare il volume"},{"$i":"perm-storage","$v":"Accedere all’archiviazione"},{"$i":"perm-tcp-socket","$v":"Socket TCP"},{"$i":"perm-test-permission","$v":"Test permessi"},{"$i":"perm-time","$v":"Impostare data e ora"},{"$i":"perm-udp-socket","$v":"Socket UDP"},{"$i":"perm-wappush","$v":"Push WAP"},{"$i":"stopped_download_title","$v":"Download interrotto"},{"$i":"stopped_download_message","$v":"Download interrotto. Riprovare?"},{"$i":"stopped_download_left_button","$v":"Annulla"},{"$i":"stopped_download_right_button","$v":"Riprova"},{"$i":"failed_download_title","$v":"Download non riuscito"},{"$i":"failed_download_message","$v":["Impossibile scaricare ",{"t":"idOrVar","v":"name"},". Riprovare?"]},{"$i":"failed_download_left_button","$v":"Annulla"},{"$i":"failed_download_right_button","$v":"Riprova"},{"$i":"stop_download_title","$v":"Interrompi download"},{"$i":"stop_download_message","$v":"interrompere il download?"},{"$i":"stop_download_left_button","$v":"No"},{"$i":"stop_download_right_button","$v":"Sì"},{"$i":"delete_download_title","$v":"Elimina"},{"$i":"delete_download_message","$v":["Eliminare ",{"t":"idOrVar","v":"name"},"?"]},{"$i":"delete_download_left_button","$v":"Annulla"},{"$i":"delete_download_right_button","$v":"Elimina"},{"$i":"delete_all_download_title","$v":"Elimina"},{"$i":"delete_all_download_left_button","$v":"Annulla"},{"$i":"delete_all_download_right_button","$v":"Elimina"},{"$i":"delete_all_download_message","$v":{"zero":"Eliminare i file?","one":"Eliminare un file?","two":["Eliminare ",{"t":"idOrVar","v":"number"}," file?"],"few":["Eliminare ",{"t":"idOrVar","v":"number"}," file?"],"many":["Eliminare ",{"t":"idOrVar","v":"number"}," file?"],"other":["Eliminare ",{"t":"idOrVar","v":"number"}," file?"]},"$x":[{"t":"idOrVar","v":"plural"},"number"]},{"$i":"unsupported_file_type_download_title","$v":"Errore apertura"},{"$i":"unsupported_file_type_download_message","$v":["Non esiste un’app per aprire ",{"t":"idOrVar","v":"name"},". Salvare il file o eliminarlo?"]},{"$i":"unsupported_file_type_download_left_button","$v":"Mantieni file"},{"$i":"unsupported_file_type_download_right_button","$v":"Elimina"},{"$i":"file_not_found_download_title","$v":"File non trovato"},{"$i":"file_not_found_download_message","$v":"File non trovato sul dispositivo"},{"$i":"file_not_found_download_right_button","$v":"OK"},{"$i":"unmounted_sdcard_2_download_title","$v":"Scheda di memoria in uso"},{"$i":"unmounted_sdcard_2_download_message","$v":"Disconnettere il telefono"},{"$i":"unmounted_sdcard_2_download_right_button","$v":"OK"},{"$i":"no_provider_download_title","$v":"Errore condivisione"},{"$i":"no_provider_download_message","$v":"Nessun fornitore disponibile"},{"$i":"no_provider_download_right_button","$v":"OK"},{"$i":"no_memory_download_title","$v":"Spazio insufficiente"},{"$i":"no_memory_download_message","$v":"Spazio disponibile sulla scheda di memoria insufficiente per salvare il download. Rimuovere dei file prima di riprovare l’operazione."},{"$i":"no_memory_download_right_button","$v":"OK"},{"$i":"no_sdcard_found_2_download_title","$v":"Scheda di memoria non disponibile"},{"$i":"no_sdcard_found_2_download_message","$v":"Inserire una scheda di memoria o selezionare un diverso percorso predefinito di archiviazione nelle impostazioni."},{"$i":"no_sdcard_found_2_download_right_button","$v":"OK"},{"$i":"file_open_error_download_title","$v":"Errore apertura"},{"$i":"file_open_error_download_message","$v":["Si è verificato un problema durante l’apertura di ",{"t":"idOrVar","v":"name"},". Salvare il file o eliminarlo?"]},{"$i":"file_open_error_download_left_button","$v":"Mantieni file"},{"$i":"file_open_error_download_right_button","$v":"Elimina"},{"$i":"restart_download_error","$v":"Si è verificato un errore durante il riavvio del download. Riprovare nuovamente il download."},{"$i":"no-downloads","$v":"Nessun download"},{"$i":"percentage","$v":[{"t":"idOrVar","v":"percentage"}," %"]},{"$i":"partialResult","$v":[{"t":"idOrVar","v":"partial"}," di ",{"t":"idOrVar","v":"total"}]},{"$i":"summary","$v":[{"t":"idOrVar","v":"date"}," - ",{"t":"idOrVar","v":"status"}]},{"$i":"download-stopped","$v":"Interrotto"},{"$i":"download-failed","$v":"Download non riuscito"},{"$i":"open_downloaded_file","$v":"Apri"},{"$i":"share_downloaded_file","$v":"Condividi"},{"$i":"wallpaper_downloaded_file","$v":"Usa come sfondo"},{"$i":"ringtone_downloaded_file","$v":"Usa come suoneria"},{"$i":"cancel_downloaded_file","$v":"Annulla"},{"$i":"voicemailNoNumberTitle","$v":"Numero della segreteria non disponibile"},{"$i":"voicemailNoNumberText","$v":"Impossibile chiamare la segreteria. Imposta il numero per effettuare la chiamata."},{"$i":"voicemailNoNumberSettings","$v":"Impostazioni"},{"$i":"voicemailNoNumberCancel","$v":"Annulla"},{"$i":"airplaneMode","$v":"Modalità aereo"},{"$i":"searching","$v":"Ricerca…"},{"$i":"noNetwork","$v":"Nessuna rete"},{"$i":"roaming","$v":[{"t":"idOrVar","v":"operator"}," (roaming)"]},{"$i":"operator-info","$v":[{"t":"idOrVar","v":"carrier"}," ",{"t":"idOrVar","v":"region"}]},{"$i":"emergencyCallsOnly","$v":"Solo chiamate d’emergenza"},{"$i":"emergencyCallsOnly-unknownSIMState","$v":"(stato SIM sconosciuto)"},{"$i":"emergencyCallsOnly-noSIM","$v":"(SIM non presente)"},{"$i":"emergencyCallsOnly-pinRequired","$v":"(richiesto PIN SIM)"},{"$i":"emergencyCallsOnly-pukRequired","$v":"(richiesto PUK SIM)"},{"$i":"emergencyCallsOnly-networkLocked","$v":"(blocco rete)"},{"$i":"emergencyCallsOnly-serviceProviderLocked","$v":"(blocco gestore)"},{"$i":"emergencyCallsOnly-corporateLocked","$v":"(blocco aziendale)"},{"$i":"emergencyCallsOnly-network1Locked","$v":"(blocco network1)"},{"$i":"emergencyCallsOnly-network2Locked","$v":"(blocco network2)"},{"$i":"emergencyCallsOnly-hrpdNetworkLocked","$v":"(blocco rete hrpd)"},{"$i":"emergencyCallsOnly-ruimCorporateLocked","$v":"(blocco ruim aziendale)"},{"$i":"emergencyCallsOnly-ruimServiceProviderLocked","$v":"(blocco ruim gestore)"},{"$i":"lockscreen-sim-id","$v":["SIM ",{"t":"idOrVar","v":"n"}]},{"$i":"charging-no-time","$v":["Carica ",{"t":"idOrVar","v":"level"},"%"]},{"$i":"charging-minutes","$v":{"zero":["Carica ",{"t":"idOrVar","v":"level"},"% (",{"t":"idOrVar","v":"minutes"}," minuti al termine)"],"one":["Carica ",{"t":"idOrVar","v":"level"},"% (",{"t":"idOrVar","v":"minutes"}," minuto al termine)"],"two":["Carica ",{"t":"idOrVar","v":"level"},"% (",{"t":"idOrVar","v":"minutes"}," minuti al termine)"],"few":["Carica ",{"t":"idOrVar","v":"level"},"% (",{"t":"idOrVar","v":"minutes"}," minuti al termine)"],"many":["Carica ",{"t":"idOrVar","v":"level"},"% (",{"t":"idOrVar","v":"minutes"}," minuti al termine)"],"other":["Carica ",{"t":"idOrVar","v":"level"},"% (",{"t":"idOrVar","v":"minutes"}," minuti al termine)"]},"$x":[{"t":"idOrVar","v":"plural"},"minutes"]},{"$i":"charging-hours","$v":{"zero":["Carica ",{"t":"idOrVar","v":"level"},"% (",{"t":"idOrVar","v":"hours"},"h ",{"t":"idOrVar","v":"minutes"}," minuti al termine)"],"one":["Carica ",{"t":"idOrVar","v":"level"},"% (",{"t":"idOrVar","v":"hours"},"h ",{"t":"idOrVar","v":"minutes"}," minuto al termine)"],"two":["Carica ",{"t":"idOrVar","v":"level"},"% (",{"t":"idOrVar","v":"hours"},"h ",{"t":"idOrVar","v":"minutes"}," minuti al termine)"],"few":["Carica ",{"t":"idOrVar","v":"level"},"% (",{"t":"idOrVar","v":"hours"},"h ",{"t":"idOrVar","v":"minutes"}," minuti al termine)"],"many":["Carica ",{"t":"idOrVar","v":"level"},"% (",{"t":"idOrVar","v":"hours"},"h ",{"t":"idOrVar","v":"minutes"}," minuti al termine)"],"other":["Carica ",{"t":"idOrVar","v":"level"},"% (",{"t":"idOrVar","v":"hours"},"h ",{"t":"idOrVar","v":"minutes"}," minuti al termine)"]},"$x":[{"t":"idOrVar","v":"plural"},"minutes"]},{"$i":"gaia-menu-cancel","$v":"Annulla"},{"$i":"resend","$v":"Rinvia"},{"$i":"connecting","$v":"Connessione…"},{"$i":"verify","$v":"Verifica"},{"$i":"verifying","$v":"Verifica…"},{"$i":"verified","$v":"Verificato"},{"$i":"mobileIDExplanation","$v":[{"t":"idOrVar","v":"app_name"}," richiede di conoscere e verificare il numero di telefono. Selezionare un numero da condividere o inserirne uno nuovo."]},{"$i":"verificationCodeExplanation","$v":["Un codice è stato inviato a ",{"t":"idOrVar","v":"phone_number"},". Verrà effettuato automaticamente un tentativo di recuperarlo, ma sarà necessario inserirlo manualmente se il numero non è attivo su questo dispositivo."]},{"$i":"successMessage","$v":["Il numero ",{"t":"idOrVar","v":"phone_number"}," è ora verificato e disponibile per ",{"t":"idOrVar","v":"app_name"},"."]},{"$i":"serverErrorMessage","$v":"Il server di verifica non è attualmente disponibile. Verificare la connessione a Internet, riprovare o attendere qualche minuto."},{"$i":"timeoutErrorMessage","$v":"Sembra esserci un problema con il codice di verifica. Riprova."},{"$i":"errorTitle","$v":"Identificazione cellulare"},{"$i":"addPhoneNumber","$v":"Aggiungi un numero"},{"$i":"selectPhoneNumber","$v":"Seleziona un numero dall’elenco"},{"$i":"network-error-in-app","$v":"Accesso a Internet non disponibile."},{"$i":"network-error-launching","$v":[{"t":"idOrVar","v":"name"}," richiede una connessione a Internet."]},{"$i":"server-not-found","$v":"Impossibile contattare il server"},{"$i":"server-not-found-error","$v":["Impossibile contattare il server ",{"t":"idOrVar","v":"name"},"."]},{"$i":"file-not-found","$v":"File non trovato"},{"$i":"file-not-found-error","$v":"Impossibile visualizzare questa pagina: file non trovato."},{"$i":"connection-failed","$v":"Connessione non riuscita"},{"$i":"connection-failed-error","$v":"Si è verificato un errore di rete durante la connessione al sito."},{"$i":"invalid-connection","$v":"Connessione non riuscita"},{"$i":"invalid-connection-error","$v":"Si è verificato un errore di rete durante la connessione al sito."},{"$i":"malformed-uri","$v":"Indirizzo non valido"},{"$i":"malformed-uri-error","$v":"L’indirizzo (URL) inserito non è valido e non può essere caricato."},{"$i":"redirect-loop","$v":"Pagina non disponibile"},{"$i":"redirect-loop-error","$v":"Impossibile visualizzare questa pagina a causa di un reindirizzamento errato. Riprovare più tardi."},{"$i":"not-cached","$v":"Pagina scaduta"},{"$i":"not-cached-error","$v":"Per motivi di sicurezza questa pagina non può essere visualizzata in quanto scaduta."},{"$i":"is-printing-error","$v":"Il documento non può essere modificato durante la stampa o l’anteprima."},{"$i":"denied-port-access","$v":"Indirizzo bloccato"},{"$i":"denied-port-access-error","$v":"Questo indirizzo utilizza una porta di rete utilizzata normalmente per scopi differenti dalla navigazione web. La richiesta è stata annullata per proteggere l’utente."},{"$i":"proxy-resolve-failure","$v":"Errore del server proxy"},{"$i":"proxy-resolve-failure-error","$v":"Il dispositivo è configurato per utilizzare un server proxy che non risulta raggiungibile."},{"$i":"proxy-connect-failure","$v":"Errore del server proxy"},{"$i":"proxy-connect-failure-error","$v":"Il dispositivo è configurato per utilizzare un server proxy che sta rifiutando le connessioni."},{"$i":"content-encoding","$v":"Pagina non disponibile"},{"$i":"content-encoding-error","$v":"Impossibile visualizzare questa pagina a causa di un errore con la codifica."},{"$i":"remote-xul","$v":"Pagina non supportata"},{"$i":"remote-xul-error","$v":"Impossibile visualizzare la pagina in quanto utilizza una tecnologia non supportata dal dispositivo."},{"$i":"phishing-blocked","$v":"Attenzione"},{"$i":"phishing-blocked-error","$v":"Questo sito è stato segnalato come sito contraffatto, realizzato per indurre gli utenti a rivelare informazioni personali o finanziarie."},{"$i":"malware-blocked","$v":"Sito malevolo"},{"$i":"malware-blocked-error","$v":"Questo sito è stato segnalato come sito web malevolo ed è stato bloccato."},{"$i":"unsafe-content-type","$v":"Contenuto non sicuro"},{"$i":"unsafe-content-type-error","$v":"Impossibile visualizzare la pagina in quanto non sicura."},{"$i":"corrupted-content","$v":"Pagina non disponibile"},{"$i":"corrupted-content-error","$v":"Impossibile visualizzare la pagina a causa di un errore rilevato durante la trasmissione dei dati."},{"$i":"try-again","$v":"Riprova"},{"$i":"check-settings","$v":"Verifica impostazioni"}]