[{"$i":"done","$v":"Ḓǿǿƞḗḗ"},{"$i":"number-selected2","$v":{"zero":"Şḗḗŀḗḗƈŧ","one":[{"t":"idOrVar","v":"n"}," şḗḗŀḗḗƈŧḗḗḓ"],"two":[{"t":"idOrVar","v":"n"}," şḗḗŀḗḗƈŧḗḗḓ"],"few":[{"t":"idOrVar","v":"n"}," şḗḗŀḗḗƈŧḗḗḓ"],"many":[{"t":"idOrVar","v":"n"}," şḗḗŀḗḗƈŧḗḗḓ"],"other":[{"t":"idOrVar","v":"n"}," şḗḗŀḗḗƈŧḗḗḓ"]},"$x":[{"t":"idOrVar","v":"plural"},"n"]},{"$i":"delete-n-items?","$v":{"zero":"Ƞǿǿŧħīīƞɠ şḗḗŀḗḗƈŧḗḗḓ","one":"Ḓḗḗŀḗḗŧḗḗ şḗḗŀḗḗƈŧḗḗḓ īīŧḗḗḿ?","two":["Ḓḗḗŀḗḗŧḗḗ ",{"t":"idOrVar","v":"n"}," īīŧḗḗḿş?"],"few":["Ḓḗḗŀḗḗŧḗḗ ",{"t":"idOrVar","v":"n"}," īīŧḗḗḿş?"],"many":["Ḓḗḗŀḗḗŧḗḗ ",{"t":"idOrVar","v":"n"}," īīŧḗḗḿş?"],"other":["Ḓḗḗŀḗḗŧḗḗ ",{"t":"idOrVar","v":"n"}," īīŧḗḗḿş?"]},"$x":[{"t":"idOrVar","v":"plural"},"n"]},{"$i":"share-noprovider","$v":"Ŧřẏ şħȧȧřīīƞɠ ǿǿƞḗḗ ṽīīḓḗḗǿǿ ȧȧŧ ȧȧ ŧīīḿḗḗ."},{"$i":"videos","$v":"Ṽīīḓḗḗǿǿş"},{"$i":"cancel","$v":"Ƈȧȧƞƈḗḗŀ"},{"$i":"delete-video?","$v":"Ḓḗḗŀḗḗŧḗḗ ṽīīḓḗḗǿǿ?"},{"$i":"empty-title","$v":"Ȧȧḓḓ ṽīīḓḗḗǿǿş ŧǿǿ ɠḗḗŧ şŧȧȧřŧḗḗḓ"},{"$i":"empty-text","$v":"Ŀǿǿȧȧḓ ṽīīḓḗḗǿǿş ǿǿƞ ŧǿǿ ŧħḗḗ ḿḗḗḿǿǿřẏ ƈȧȧřḓ."},{"$i":"nocard2-title","$v":"Ƞǿǿ ḿḗḗḿǿǿřẏ ƈȧȧřḓ ƒǿǿŭŭƞḓ"},{"$i":"nocard3-text","$v":"Īīƞşḗḗřŧ ȧȧ ḿḗḗḿǿǿřẏ ƈȧȧřḓ ŧǿǿ ẇȧȧŧƈħ ṽīīḓḗḗǿǿş."},{"$i":"pluggedin-title","$v":"Ṽīīḓḗḗǿǿ ƈȧȧƞ ƞǿǿŧ ƀḗḗ ẇȧȧŧƈħḗḗḓ ẇħīīŀḗḗ ƥŀŭŭɠɠḗḗḓ īīƞ"},{"$i":"pluggedin-text","$v":"Ŭŭƞƥŀŭŭɠ ŧħḗḗ ƥħǿǿƞḗḗ ŧǿǿ ẇȧȧŧƈħ ṽīīḓḗḗǿǿş."},{"$i":"upgrade-title","$v":"Ḓȧȧŧȧȧƀȧȧşḗḗ Ŭŭƥɠřȧȧḓḗḗ"},{"$i":"upgrade-text","$v":"Ƥŀḗḗȧȧşḗḗ ẇȧȧīīŧ ẇħīīŀḗḗ Ṽīīḓḗḗǿǿ ŭŭƥḓȧȧŧḗḗş īīŧş ḓȧȧŧȧȧƀȧȧşḗḗ."},{"$i":"confirm-delete","$v":"Ȧȧřḗḗ ẏǿǿŭŭ şŭŭřḗḗ ẏǿǿŭŭ ẇȧȧƞŧ ŧǿǿ ḓḗḗŀḗḗŧḗḗ:"},{"$i":"pick-title","$v":"Şḗḗŀḗḗƈŧ ȧȧ ṽīīḓḗḗǿǿ"},{"$i":"save","$v":"Şȧȧṽḗḗ"},{"$i":"saved","$v":["Şȧȧṽḗḗḓ ",{"t":"idOrVar","v":"title"}," ŧǿǿ Ṽīīḓḗḗǿǿ"]},{"$i":"error-network","$v":"Ŧħḗḗ ṽīīḓḗḗǿǿ ƈǿǿŭŭŀḓ ƞǿǿŧ ƀḗḗ ḓǿǿẇƞŀǿǿȧȧḓḗḗḓ ƀḗḗƈȧȧŭŭşḗḗ ǿǿƒ ȧȧ ƞḗḗŧẇǿǿřķ ḗḗřřǿǿř."},{"$i":"error-unsupported","$v":"Ṽīīḓḗḗǿǿ ƈȧȧƞƞǿǿŧ ƀḗḗ ƥŀȧȧẏḗḗḓ: ḗḗīīŧħḗḗř ƀḗḗƈȧȧŭŭşḗḗ ŧħḗḗ şḗḗřṽḗḗř ǿǿř ƞḗḗŧẇǿǿřķ ƒȧȧīīŀḗḗḓ ǿǿř ƀḗḗƈȧȧŭŭşḗḗ ŧħḗḗ ƒǿǿřḿȧȧŧ īīş ƞǿǿŧ şŭŭƥƥǿǿřŧḗḗḓ."},{"$i":"error-unknown","$v":"Ȧȧƞ ŭŭƞķƞǿǿẇƞ ṽīīḓḗḗǿǿ ḗḗřřǿǿř ǿǿƈƈŭŭřřḗḗḓ."},{"$i":"video-hardware-in-use-title","$v":"Ƈȧȧƞƞǿǿŧ ƥŀȧȧẏ ṽīīḓḗḗǿǿ"},{"$i":"video-hardware-in-use-text","$v":"Ȧȧƞǿǿŧħḗḗř ȧȧƥƥ īīş ƈŭŭřřḗḗƞŧŀẏ ŭŭşīīƞɠ ŧħḗḗ ṽīīḓḗḗǿǿ ƥŀȧȧẏḗḗř."},{"$i":"overlay-cancel-button","$v":"Ƈȧȧƞƈḗḗŀ"},{"$i":"overlay-camera-button","$v":"Ɠǿǿ ŧǿǿ Ƈȧȧḿḗḗřȧȧ"},{"$i":"name-label","$v":"Ƞȧȧḿḗḗ"},{"$i":"length-label","$v":"Ŀḗḗƞɠŧħ"},{"$i":"size-label","$v":"Şīīẑḗḗ"},{"$i":"video-type-label","$v":"Ṽīīḓḗḗǿǿ Ŧẏƥḗḗ"},{"$i":"date-taken-label","$v":"Ḓȧȧŧḗḗ Ŧȧȧķḗḗƞ"},{"$i":"resolution-label","$v":"Řḗḗşǿǿŀŭŭŧīīǿǿƞ"},{"$i":"close-button","$v":"Ƈŀǿǿşḗḗ"},{"$i":"byteUnit-B","$v":"Ɓẏŧḗḗş"},{"$i":"byteUnit-KB","$v":"ĶƁ"},{"$i":"byteUnit-MB","$v":"ḾƁ"},{"$i":"byteUnit-GB","$v":"ƓƁ"},{"$i":"byteUnit-TB","$v":"ŦƁ"},{"$i":"byteUnit-PB","$v":"ƤƁ"},{"$i":"byteUnit-EB","$v":"ḖḗƁ"},{"$i":"byteUnit-ZB","$v":"ẐƁ"},{"$i":"byteUnit-YB","$v":"ẎƁ"},{"$i":"fileSize","$v":[{"t":"idOrVar","v":"size"}," ",{"t":"idOrVar","v":"unit"}]},{"$i":"share","$v":"Şħȧȧřḗḗ"},{"$i":"more-info","$v":"Ḿǿǿřḗḗ īīƞƒǿǿ"},{"$i":"delete","$v":"Ḓḗḗŀḗḗŧḗḗ"},{"$i":"video-button","ariaLabel":"Ṽīīḓḗḗǿǿ"},{"$i":"select-button","ariaLabel":"Şḗḗŀḗḗƈŧ"},{"$i":"delete-button","ariaLabel":"Ḓḗḗŀḗḗŧḗḗ"},{"$i":"share-button","ariaLabel":"Şħȧȧřḗḗ"},{"$i":"info-view","ariaLabel":"Īīƞƒǿǿ"},{"$i":"confirm-dialog","ariaLabel":"Ƈǿǿƞƒīīřḿ"},{"$i":"videos-list","ariaLabel":"Ṽīīḓḗḗǿǿş"},{"$i":"options-more","ariaLabel":"Ḿǿǿřḗḗ"},{"$i":"seek-backward","ariaLabel":"Şḗḗḗḗķ ƀȧȧƈķẇȧȧřḓ"},{"$i":"seek-bar","ariaLabel":{"$v":["Şḗḗḗḗķ ƀȧȧř, ḓŭŭřȧȧŧīīǿǿƞ ",{"t":"idOrVar","v":"duration"}]}},{"$i":"seek-forward","ariaLabel":"Şḗḗḗḗķ ƒǿǿřẇȧȧřḓ"},{"$i":"play-button","ariaLabel":"Ƥŀȧȧẏ"},{"$i":"pause-button","ariaLabel":"Ƥȧȧŭŭşḗḗ"},{"$i":"fullscreen-button","ariaLabel":"Ƒŭŭŀŀ şƈřḗḗḗḗƞ"},{"$i":"show-controls-button","ariaLabel":"Şħǿǿẇ ƈǿǿƞŧřǿǿŀş"},{"$i":"hide-controls-button","ariaLabel":"Ħīīḓḗḗ ƈǿǿƞŧřǿǿŀş"},{"$i":"spinner-overlay","ariaValueText":"Ŀǿǿȧȧḓīīƞɠ"}]